2.588161826133728027e-02,4.664006456732749939e-02,6.997267603874206543e-01,4.595496505498886108e-02,-4.237096756696701050e-02,-9.047929048538208008e-01,4.212394356727600098e-01,0.000000000000000000e+00,0.000000000000000000e+00,6.491804718971252441e-01,-2.663357555866241455e-01,1.112200140953063965e+00,-2.881475722894591396e-17,-5.547763407230377197e-02,1.087279319763183594e+00,2.864997088909149170e-01,5.985453128814697266e-01,-1.406816393136978149e-01,-1.495113670825958252e-01,-9.966466575860977173e-02,1.153210625052452087e-01,8.317989687080643666e-19,-1.083970069885253906e-01,4.255069419741630554e-02,-1.146672740578651428e-01,-8.507274091243743896e-02,-2.177543491125106812e-01,-1.375878464180890288e-19,-5.690751969814300537e-02,5.447728559374809265e-03
3.485262393951416016e-02,4.738672077655792236e-02,6.969822049140930176e-01,2.019932679831981659e-02,-4.315880686044692993e-02,-9.190037846565246582e-01,3.913583457469940186e-01,0.000000000000000000e+00,0.000000000000000000e+00,5.451021194458007812e-01,6.455139070749282837e-02,1.785351395606994629e+00,1.621028162525883483e-17,-6.170201301574707031e-02,1.158082604408264160e+00,4.536483585834503174e-01,6.713014841079711914e-01,-9.240002930164337158e-02,-9.571811556816101074e-02,-8.476472645998001099e-02,1.312286108732223511e-01,1.314958828910401441e-16,-1.119409278035163879e-01,4.256520792841911316e-02,-6.781539320945739746e-02,-7.024122029542922974e-02,-2.010023742914199829e-01,1.746372086927294731e-03,-5.381092429161071777e-02,4.428727086633443832e-03
4.227574914693832397e-02,4.078268259763717651e-02,6.970551609992980957e-01,9.908126667141914368e-03,-2.203972637653350830e-02,-9.336309432983398438e-01,3.574204146862030029e-01,0.000000000000000000e+00,0.000000000000000000e+00,3.148984313011169434e-01,4.543012678623199463e-01,2.269999980926513672e+00,8.536357510578823719e-18,-9.591054916381835938e-02,1.178805112838745117e+00,5.697442293167114258e-01,7.146106362342834473e-01,-2.273586392402648926e-02,-8.327268064022064209e-02,-3.642272576689720154e-02,1.160502508282661438e-01,-4.414174892634102414e-19,-1.228027120232582092e-01,4.228696599602699280e-02,-5.976924300193786621e-02,-2.188032865524291992e-02,-1.751735657453536987e-01,7.160875946283340454e-03,-6.348010897636413574e-02,6.074729375541210175e-03
4.278978332877159119e-02,4.104312136769294739e-02,6.969621777534484863e-01,9.067154489457607269e-03,-2.176710031926631927e-02,-9.337493181228637695e-01,3.571501076221466064e-01,0.000000000000000000e+00,0.000000000000000000e+00,3.109070360660552979e-01,4.715136885643005371e-01,2.269999980926513672e+00,-1.711894325046109222e-18,-1.005965843796730042e-01,1.184538602828979492e+00,5.773698091506958008e-01,7.163399457931518555e-01,-2.109973877668380737e-02,-8.338518440723419189e-02,-3.564659506082534790e-02,1.202808916568756104e-01,-9.393545754213437579e-20,-1.198757439851760864e-01,4.196763411164283752e-02,-5.932557210326194763e-02,-2.075352706015110016e-02,-1.831392794847488403e-01,6.853249855339527130e-03,-6.110060960054397583e-02,4.661976825445890427e-03
4.324922338128089905e-02,4.114810004830360413e-02,6.969078183174133301e-01,8.163848891854286194e-03,-2.148993313312530518e-02,-9.341077804565429688e-01,3.562502264976501465e-01,0.000000000000000000e+00,0.000000000000000000e+00,3.097514510154724121e-01,4.831744730472564697e-01,2.269999980926513672e+00,-3.226440933525082792e-18,-1.065599992871284485e-01,1.188131451606750488e+00,5.836232304573059082e-01,7.181242704391479492e-01,-1.908645778894424438e-02,-8.243069797754287720e-02,-3.457675501704216003e-02,1.213808655738830566e-01,-2.715307214669631411e-19,-1.173110976815223694e-01,4.115889593958854675e-02,-5.817607417702674866e-02,-1.963675022125244141e-02,-1.867780834436416626e-01,6.485044024884700775e-03,-5.913763865828514099e-02,4.042474552989006042e-03
4.359832778573036194e-02,4.128754511475563049e-02,6.967995762825012207e-01,7.174720056354999542e-03,-2.144735865294933319e-02,-9.343513846397399902e-01,3.556346595287322998e-01,0.000000000000000000e+00,0.000000000000000000e+00,3.103537857532501221e-01,4.914609491825103760e-01,2.269999980926513672e+00,9.492373157898210560e-20,-1.121586784720420837e-01,1.190579414367675781e+00,5.888285040855407715e-01,7.196995615959167480e-01,-1.750562526285648346e-02,-8.102934062480926514e-02,-3.376276418566703796e-02,1.212618127465248108e-01,1.731724946256302369e-18,-1.154447421431541443e-01,4.025252163410186768e-02,-5.649328976869583130e-02,-1.887318864464759827e-02,-1.888696849346160889e-01,6.147596053779125214e-03,-5.763705074787139893e-02,3.605833044275641441e-03
4.380509629845619202e-02,4.117614403367042542e-02,6.967620849609375000e-01,6.618423387408256531e-03,-2.096413262188434601e-02,-9.347392320632934570e-01,3.546537756919860840e-01,0.000000000000000000e+00,0.000000000000000000e+00,3.109423518180847168e-01,4.972715377807617188e-01,2.269999980926513672e+00,2.437169801650207238e-19,-1.172791495919227600e-01,1.192229986190795898e+00,5.935271978378295898e-01,7.209869027137756348e-01,-1.546498853713274002e-02,-8.026076108217239380e-02,-3.238043561577796936e-02,1.210978031158447266e-01,-3.733119871191629843e-18,-1.144203692674636841e-01,3.960631042718887329e-02,-5.536085367202758789e-02,-1.735132001340389252e-02,-1.899171769618988037e-01,5.264890845865011215e-03,-5.668403953313827515e-02,4.066594876348972321e-03
4.374375566840171814e-02,4.101400449872016907e-02,6.967633366584777832e-01,6.380336359143257141e-03,-2.071220986545085907e-02,-9.349767565727233887e-01,3.540462255477905273e-01,0.000000000000000000e+00,0.000000000000000000e+00,3.103208243846893311e-01,5.012868642807006836e-01,2.269999980926513672e+00,6.856344587496886428e-18,-1.223905384540557861e-01,1.192876815795898438e+00,5.976958870887756348e-01,7.221127748489379883e-01,-1.406983844935894012e-02,-7.964443415403366089e-02,-3.157266974449157715e-02,1.205386817455291748e-01,-1.303577915560080351e-18,-1.136262118816375732e-01,3.907142207026481628e-02,-5.420465767383575439e-02,-1.648645848035812378e-02,-1.905690580606460571e-01,4.228009376674890518e-03,-5.598813667893409729e-02,4.332888405770063400e-03
4.341841489076614380e-02,4.069573432207107544e-02,6.968268156051635742e-01,6.676126737147569656e-03,-2.049436606466770172e-02,-9.352400302886962891e-01,3.533573746681213379e-01,0.000000000000000000e+00,0.000000000000000000e+00,3.066247105598449707e-01,5.029881000518798828e-01,2.269999980926513672e+00,-7.582976433510418271e-18,-1.258915960788726807e-01,1.192201852798461914e+00,6.015653014183044434e-01,7.218980193138122559e-01,-1.248656306415796280e-02,-7.965181022882461548e-02,-3.111677616834640503e-02,1.198548227548599243e-01,2.316859276686513298e-18,-1.132873073220252991e-01,3.904998674988746643e-02,-5.342638865113258362e-02,-1.597811840474605560e-02,-1.907604634761810303e-01,2.767508383840322495e-03,-5.582780390977859497e-02,4.396793898195028305e-03
4.281794279813766479e-02,4.018178209662437439e-02,6.969741582870483398e-01,7.335267961025238037e-03,-1.991066522896289825e-02,-9.352955222129821777e-01,3.532308638095855713e-01,0.000000000000000000e+00,0.000000000000000000e+00,2.998016774654388428e-01,5.020063519477844238e-01,2.269999980926513672e+00,-5.084199460608180361e-18,-1.249453574419021606e-01,1.190832614898681641e+00,6.049709320068359375e-01,7.178546190261840820e-01,-1.128284167498350143e-02,-8.032827824354171753e-02,-3.023569099605083466e-02,1.187565401196479797e-01,-1.109224386015233521e-19,-1.135339289903640747e-01,3.977775573730468750e-02,-5.298294126987457275e-02,-1.504659838974475861e-02,-1.907881200313568115e-01,1.405127113685011864e-03,-5.544451251626014709e-02,4.355682060122489929e-03
4.171480983495712280e-02,3.944524750113487244e-02,6.972295045852661133e-01,8.972736075520515442e-03,-1.915937289595603943e-02,-9.350284337997436523e-01,3.539409935474395752e-01,0.000000000000000000e+00,0.000000000000000000e+00,2.910259664058685303e-01,4.966646134853363037e-01,2.269999980926513672e+00,-7.563007466342775630e-19,-1.184628233313560486e-01,1.185302734375000000e+00,6.096565723419189453e-01,7.064409255981445312e-01,-1.072446908801794052e-02,-8.206016570329666138e-02,-2.979215793311595917e-02,1.127528473734855652e-01,6.767325891515767249e-19,-1.157815307378768921e-01,4.113836586475372314e-02,-5.338769033551216125e-02,-1.459572836756706238e-02,-1.875474452972412109e-01,1.502254890510812402e-04,-5.662453919649124146e-02,4.044356290251016617e-03
4.029843583703041077e-02,3.862239420413970947e-02,6.975735425949096680e-01,1.155327633023262024e-02,-1.805355772376060486e-02,-9.345942139625549316e-01,3.550693988800048828e-01,0.000000000000000000e+00,0.000000000000000000e+00,2.980678379535675049e-01,4.882427752017974854e-01,2.269999980926513672e+00,7.872611243454023252e-18,-1.071703881025314331e-01,1.182607293128967285e+00,6.108484864234924316e-01,6.896073222160339355e-01,-1.125571783632040024e-02,-8.589362353086471558e-02,-2.927011623978614807e-02,1.079283356666564941e-01,2.093077142488867403e-18,-1.176874041557312012e-01,4.316669330000877380e-02,-5.647388473153114319e-02,-1.388691645115613937e-02,-1.869155317544937134e-01,5.450200478662736714e-05,-5.831643566489219666e-02,2.773200627416372299e-03
3.907677903771400452e-02,3.773970156908035278e-02,6.977474689483642578e-01,1.337850838899612427e-02,-1.630054786801338196e-02,-9.343094229698181152e-01,3.558387756347656250e-01,0.000000000000000000e+00,0.000000000000000000e+00,3.171434700489044189e-01,4.825922548770904541e-01,2.269999980926513672e+00,-8.157986900423592694e-18,-8.947888016700744629e-02,1.183481812477111816e+00,6.042792201042175293e-01,6.650205850601196289e-01,-1.337876264005899429e-02,-8.852893114089965820e-02,-2.689995616674423218e-02,1.024505048990249634e-01,7.622097113400501161e-19,-1.199822127819061279e-01,4.478455707430839539e-02,-5.922060087323188782e-02,-1.097028423100709915e-02,-1.867485493421554565e-01,2.851313001883681864e-05,-6.111180782318115234e-02,2.254150575026869774e-03
3.765317797660827637e-02,3.714952990412712097e-02,6.978862285614013672e-01,1.464593596756458282e-02,-1.478364411741495132e-02,-9.332386851310729980e-01,3.586536943912506104e-01,0.000000000000000000e+00,0.000000000000000000e+00,3.603119552135467529e-01,4.787395894527435303e-01,2.269999980926513672e+00,-1.081542786816146450e-18,-6.722030043601989746e-02,1.184728145599365234e+00,5.909902453422546387e-01,6.285736560821533203e-01,-1.447482313960790634e-02,-9.055142849683761597e-02,-2.453144267201423645e-02,9.385305643081665039e-02,1.716405561311820297e-18,-1.231464743614196777e-01,4.680855944752693176e-02,-5.953576415777206421e-02,-8.393508382141590118e-03,-1.835638731718063354e-01,4.633437856682576239e-05,-6.363642215728759766e-02,-8.535627857781946659e-04
3.622933104634284973e-02,3.685242310166358948e-02,6.979679465293884277e-01,1.599781401455402374e-02,-1.427016314119100571e-02,-9.323520660400390625e-01,3.609155118465423584e-01,0.000000000000000000e+00,0.000000000000000000e+00,4.293028116226196289e-01,4.760402739048004150e-01,2.269999980926513672e+00,-5.679173931605322107e-20,-4.541356116533279419e-02,1.188679695129394531e+00,5.708833336830139160e-01,5.854009985923767090e-01,-1.443424914032220840e-02,-9.240368753671646118e-02,-2.410720102488994598e-02,8.599615842103958130e-02,-5.487268029493019687e-20,-1.257513314485549927e-01,4.898534342646598816e-02,-5.959063395857810974e-02,-7.525102235376834869e-03,-1.814510375261306763e-01,4.559099124890053645e-07,-6.692401319742202759e-02,-6.171358749270439148e-03
3.491368517279624939e-02,3.665752708911895752e-02,6.980058550834655762e-01,1.756121776998043060e-02,-1.377440523356199265e-02,-9.315736293792724609e-01,3.628669381141662598e-01,0.000000000000000000e+00,0.000000000000000000e+00,5.139436721801757812e-01,4.740447998046875000e-01,2.269999980926513672e+00,-5.053163644025190763e-20,-2.540339156985282898e-02,1.196337580680847168e+00,5.466634631156921387e-01,5.439970493316650391e-01,-1.622764021158218384e-02,-9.472522139549255371e-02,-2.374360896646976471e-02,7.974439114332199097e-02,-8.421633349882006651e-19,-1.264472454786300659e-01,5.022821947932243347e-02,-6.095938384532928467e-02,-6.748639512807130814e-03,-1.825214177370071411e-01,1.424724731637419528e-13,-7.066120207309722900e-02,-1.157423015683889389e-02
3.382738307118415833e-02,3.653118014335632324e-02,6.980965733528137207e-01,1.876651495695114136e-02,-1.266748551279306412e-02,-9.307133555412292480e-01,3.650479018688201904e-01,0.000000000000000000e+00,0.000000000000000000e+00,6.261833310127258301e-01,4.685553908348083496e-01,2.269999980926513672e+00,1.099887088542673689e-17,-9.011814370751380920e-03,1.206244349479675293e+00,5.150424242019653320e-01,5.019689798355102539e-01,-1.458413898944854736e-02,-9.782268851995468140e-02,-2.205710113048553467e-02,7.499716430902481079e-02,-9.152728662480874632e-19,-1.266105622053146362e-01,5.164109542965888977e-02,-6.181323155760765076e-02,-4.646883346140384674e-03,-1.828103363513946533e-01,5.147975085836018795e-19,-7.359926402568817139e-02,-1.744137518107891083e-02
3.313053026795387268e-02,3.714850544929504395e-02,6.980245113372802734e-01,1.923302188515663147e-02,-1.177982706576585770e-02,-9.289650321006774902e-01,3.694797754287719727e-01,0.000000000000000000e+00,0.000000000000000000e+00,7.688629627227783203e-01,4.571023285388946533e-01,2.269999980926513672e+00,-5.920297080164529675e-20,9.068183600902557373e-03,1.224893808364868164e+00,4.784607291221618652e-01,4.631825685501098633e-01,-1.905967481434345245e-02,-1.022965386509895325e-01,-2.077759988605976105e-02,7.933272421360015869e-02,-5.044618868297517987e-19,-1.197780072689056396e-01,5.175271630287170410e-02,-6.424365937709808350e-02,-2.140630269423127174e-03,-1.970778405666351318e-01,1.791037932079417219e-18,-7.313045859336853027e-02,-2.432384155690670013e-02
3.295867145061492920e-02,3.661501780152320862e-02,6.982403993606567383e-01,1.959978230297565460e-02,-8.009865880012512207e-03,-9.287982583045959473e-01,3.699804246425628662e-01,0.000000000000000000e+00,0.000000000000000000e+00,9.159715771675109863e-01,4.443440437316894531e-01,2.269999980926513672e+00,-1.375400932813263425e-17,2.096311934292316437e-02,1.236054897308349609e+00,4.511399567127227783e-01,4.366464614868164062e-01,-1.350217871367931366e-02,-1.068841069936752319e-01,-1.344126742333173752e-02,7.920267432928085327e-02,2.785455852926884646e-18,-1.173740327358245850e-01,5.400226637721061707e-02,-6.647271662950515747e-02,5.450144410133361816e-03,-1.985112875699996948e-01,5.612114916333530999e-19,-7.163448631763458252e-02,-2.576890215277671814e-02
3.261039033532142639e-02,3.624769672751426697e-02,6.985296010971069336e-01,2.094825543463230133e-02,-5.997408181428909302e-03,-9.287005066871643066e-01,3.701898753643035889e-01,0.000000000000000000e+00,0.000000000000000000e+00,1.065480828285217285e+00,4.325761795043945312e-01,2.269999980926513672e+00,1.268263010950292685e-17,2.781085483729839325e-02,1.245162129402160645e+00,4.319871962070465088e-01,4.227526783943176270e-01,-9.390537627041339874e-03,-1.117656081914901733e-01,-1.053847838193178177e-02,7.724724709987640381e-02,-7.817970380525761041e-19,-1.128091663122177124e-01,5.772951617836952209e-02,-6.963752955198287964e-02,8.340026251971721649e-03,-1.987814456224441528e-01,-7.115154305118549695e-20,-7.153154909610748291e-02,-2.955760806798934937e-02
3.328715637326240540e-02,3.580633923411369324e-02,6.985163092613220215e-01,1.862940564751625061e-02,-1.219367375597357750e-03,-9.280558824539184570e-01,3.719727396965026855e-01,0.000000000000000000e+00,0.000000000000000000e+00,1.219730734825134277e+00,4.354161918163299561e-01,2.269999980926513672e+00,1.359190012604571699e-17,3.527352586388587952e-02,1.259768247604370117e+00,4.151156842708587646e-01,4.136971235275268555e-01,-9.968760423362255096e-03,-1.125116348266601562e-01,3.370577178429812193e-04,8.005807548761367798e-02,-1.399700955629687777e-18,-1.071261689066886902e-01,6.187329813838005066e-02,-6.880278140306472778e-02,1.936826854944229126e-02,-2.093156874179840088e-01,-1.267744761617012899e-19,-7.005565613508224487e-02,-2.975362725555896759e-02
3.244215995073318481e-02,3.341763466596603394e-02,6.992748379707336426e-01,2.453827112913131714e-02,2.515334868803620338e-03,-9.303199648857116699e-01,3.659184575080871582e-01,0.000000000000000000e+00,0.000000000000000000e+00,1.219999313354492188e+00,4.382894039154052734e-01,2.269999980926513672e+00,-4.799236153173968604e-18,3.350926563143730164e-02,1.261899590492248535e+00,4.122512340545654297e-01,4.140249192714691162e-01,-8.056858205236494541e-04,-1.215719804167747498e-01,3.432672237977385521e-03,8.169688284397125244e-02,-3.661794982103326203e-18,-1.077802404761314392e-01,6.312359124422073364e-02,-7.919538766145706177e-02,2.144897915422916412e-02,-2.045702785253524780e-01,4.707013890078008118e-19,-7.114957273006439209e-02,-2.860946953296661377e-02
3.200161829590797424e-02,3.080096095800399780e-02,7.002630233764648438e-01,3.188161551952362061e-02,1.382194738835096359e-02,-9.296892881393432617e-01,3.667019605636596680e-01,0.000000000000000000e+00,0.000000000000000000e+00,1.220000028610229492e+00,4.612124860286712646e-01,2.269999980926513672e+00,-1.833688687951631410e-17,2.873223833739757538e-02,1.273563742637634277e+00,4.102577269077301025e-01,4.186578989028930664e-01,1.463046210119500756e-04,-1.462400555610656738e-01,1.907690055668354034e-02,8.779509365558624268e-02,3.062481948793343827e-18,-1.057607606053352356e-01,6.809853017330169678e-02,-1.024144664406776428e-01,3.739991039037704468e-02,-2.168998271226882935e-01,-2.731275419407084764e-19,-7.064782828092575073e-02,-2.615178003907203674e-02
3.073855489492416382e-02,2.679425664246082306e-02,7.019154429435729980e-01,4.448847472667694092e-02,2.889481186866760254e-02,-9.289242625236511230e-01,3.664499819278717041e-01,0.000000000000000000e+00,0.000000000000000000e+00,1.220000028610229492e+00,5.126218795776367188e-01,2.269999980926513672e+00,1.707397399004995315e-17,1.133298128843307495e-02,1.290375113487243652e+00,4.131974279880523682e-01,4.307478964328765869e-01,2.886164700612425804e-03,-1.833108812570571899e-01,3.882373869419097900e-02,8.852142840623855591e-02,4.883364557373674284e-18,-1.031959131360054016e-01,7.140748202800750732e-02,-1.375696361064910889e-01,5.682719871401786804e-02,-2.289660423994064331e-01,2.672147876234265418e-12,-7.068892568349838257e-02,-2.458693087100982666e-02
2.949924767017364502e-02,2.320445515215396881e-02,7.031739354133605957e-01,5.600823834538459778e-02,4.047455266118049622e-02,-9.286888241767883301e-01,3.643651604652404785e-01,0.000000000000000000e+00,0.000000000000000000e+00,1.220000028610229492e+00,5.699403285980224609e-01,2.269999980926513672e+00,-1.548769965552436261e-17,-8.242799900472164154e-03,1.299542546272277832e+00,4.253631830215454102e-01,4.432078599929809570e-01,8.826006203889846802e-03,-2.148908376693725586e-01,5.174916982650756836e-02,8.744324743747711182e-02,3.556432058571257215e-12,-1.020672619342803955e-01,7.467199862003326416e-02,-1.676166504621505737e-01,6.939700990915298462e-02,-2.378398329019546509e-01,3.646573928234309037e-12,-7.164267450571060181e-02,-2.292829938232898712e-02
2.795903012156486511e-02,1.987754367291927338e-02,7.042916417121887207e-01,6.775256991386413574e-02,5.036128684878349304e-02,-9.281730055809020996e-01,3.624475896358489990e-01,0.000000000000000000e+00,0.000000000000000000e+00,1.220000028610229492e+00,6.315894722938537598e-01,2.269999980926513672e+00,-3.097022116041414327e-17,-3.055907972157001495e-02,1.307862281799316406e+00,4.437841176986694336e-01,4.578337967395782471e-01,1.491583231836557388e-02,-2.456612437963485718e-01,6.071722507476806641e-02,8.539681881666183472e-02,3.570523867887920311e-13,-1.015818789601325989e-01,7.752706855535507202e-02,-1.966284066438674927e-01,7.818030565977096558e-02,-2.469500750303268433e-01,3.092676668144805907e-13,-7.313043624162673950e-02,-2.048714272677898407e-02
2.621296048164367676e-02,1.693097874522209167e-02,7.052366733551025391e-01,7.891126722097396851e-02,5.858323723077774048e-02,-9.273303151130676270e-01,3.611087799072265625e-01,0.000000000000000000e+00,0.000000000000000000e+00,1.220000028610229492e+00,6.923574209213256836e-01,2.269999980926513672e+00,-9.210422028664610653e-18,-5.734476074576377869e-02,1.317862510681152344e+00,4.652582108974456787e-01,4.758495986461639404e-01,2.003652043640613556e-02,-2.740222215652465820e-01,6.672853976488113403e-02,8.292408287525177002e-02,1.358910271635760392e-13,-1.010479182004928589e-01,7.906726747751235962e-02,-2.231150716543197632e-01,8.405737578868865967e-02,-2.573684751987457275e-01,1.331163776213326044e-13,-7.498151063919067383e-02,-1.766218617558479309e-02
2.419382892549037933e-02,1.442943327128887177e-02,7.060372233390808105e-01,8.920264244079589844e-02,6.538967788219451904e-02,-9.258105754852294922e-01,3.614441454410552979e-01,0.000000000000000000e+00,0.000000000000000000e+00,1.220000028610229492e+00,7.443999648094177246e-01,2.269999980926513672e+00,3.782850796798930420e-17,-8.680936694145202637e-02,1.327622175216674805e+00,4.862176477909088135e-01,4.957060217857360840e-01,2.357804775238037109e-02,-2.997783720493316650e-01,7.043827325105667114e-02,7.897192984819412231e-02,1.599120107978382194e-14,-1.002946719527244568e-01,7.995475828647613525e-02,-2.463637590408325195e-01,8.783406764268875122e-02,-2.681102752685546875e-01,1.269674351143642091e-14,-7.731258124113082886e-02,-1.576192490756511688e-02
2.204644680023193359e-02,1.245511230081319809e-02,7.066360116004943848e-01,9.763722121715545654e-02,7.003509253263473511e-02,-9.242860078811645508e-01,3.622947037220001221e-01,0.000000000000000000e+00,0.000000000000000000e+00,1.220000028610229492e+00,7.783357501029968262e-01,2.269999980926513672e+00,-7.343193317543546608e-18,-1.122027263045310974e-01,1.334387660026550293e+00,5.039023160934448242e-01,5.132192373275756836e-01,2.591544575989246368e-02,-3.194192945957183838e-01,7.159679383039474487e-02,7.503858208656311035e-02,2.858989290427903229e-14,-9.968201816082000732e-02,8.021988719701766968e-02,-2.637610137462615967e-01,8.926311135292053223e-02,-2.775529325008392334e-01,1.711851892335046477e-14,-8.064582943916320801e-02,-1.398793887346982956e-02
1.970903202891349792e-02,1.101334579288959503e-02,7.070835828781127930e-01,1.043441072106361389e-01,7.305622845888137817e-02,-9.224055409431457520e-01,3.646137118339538574e-01,0.000000000000000000e+00,0.000000000000000000e+00,1.220000028610229492e+00,7.977006435394287109e-01,2.269999980926513672e+00,-4.892644613947845446e-17,-1.337507516145706177e-01,1.337949395179748535e+00,5.185242891311645508e-01,5.294042825698852539e-01,2.592848427593708038e-02,-3.340309262275695801e-01,7.144067436456680298e-02,7.077050209045410156e-02,1.591913314493917375e-13,-9.870312362909317017e-02,8.029590547084808350e-02,-2.760224044322967529e-01,8.948855102062225342e-02,-2.863688766956329346e-01,6.707060308617368571e-14,-8.434331417083740234e-02,-1.255357824265956879e-02
1.695521734654903412e-02,1.002657879143953323e-02,7.074423432350158691e-01,1.102159395813941956e-01,7.459578663110733032e-02,-9.199788570404052734e-01,3.686825633049011230e-01,0.000000000000000000e+00,0.000000000000000000e+00,1.220000028610229492e+00,8.051946759223937988e-01,2.269999980926513672e+00,3.248101691840549513e-17,-1.509132385253906250e-01,1.338578104972839355e+00,5.311672687530517578e-01,5.452657938003540039e-01,2.310034260153770447e-02,-3.453806638717651367e-01,6.969107687473297119e-02,6.534256041049957275e-02,2.570184733444169645e-13,-9.731879085302352905e-02,8.053711801767349243e-02,-2.848795950412750244e-01,8.829856663942337036e-02,-2.938152253627777100e-01,9.143814855673906838e-14,-8.880829066038131714e-02,-1.168275624513626099e-02
1.374242641031742096e-02,9.175973013043403625e-03,7.077517509460449219e-01,1.160629913210868835e-01,7.557022571563720703e-02,-9.171349406242370605e-01,3.737406432628631592e-01,0.000000000000000000e+00,0.000000000000000000e+00,1.220000028610229492e+00,8.034867048263549805e-01,2.269999980926513672e+00,2.816723031927205326e-17,-1.651306003332138062e-01,1.337472319602966309e+00,5.418548583984375000e-01,5.612439513206481934e-01,1.885483227670192719e-02,-3.557353019714355469e-01,6.726174056529998779e-02,5.913995206356048584e-02,3.082600906305354993e-13,-9.759718179702758789e-02,8.077008277177810669e-02,-2.926655709743499756e-01,8.666276186704635620e-02,-2.991246879100799561e-01,8.605868296630847514e-14,-9.479771554470062256e-02,-1.192014571279287338e-02
1.037740521132946014e-02,8.751946501433849335e-03,7.079173326492309570e-01,1.206218674778938293e-01,7.480566948652267456e-02,-9.146760702133178711e-01,3.784470856189727783e-01,0.000000000000000000e+00,0.000000000000000000e+00,1.220000028610229492e+00,7.954195141792297363e-01,2.269999980926513672e+00,-4.008466624978483867e-17,-1.764682829380035400e-01,1.336700916290283203e+00,5.489302873611450195e-01,5.795308947563171387e-01,1.364621240645647049e-02,-3.613770306110382080e-01,6.355401873588562012e-02,5.405458062887191772e-02,1.831631417717471955e-12,-9.766156226396560669e-02,8.000434935092926025e-02,-2.966040372848510742e-01,8.353170007467269897e-02,-3.034344911575317383e-01,1.255837203976636895e-13,-1.007073447108268738e-01,-1.664874143898487091e-02
6.603842601180076599e-03,8.495244197547435760e-03,7.079769372940063477e-01,1.250251829624176025e-01,7.382740825414657593e-02,-9.114686250686645508e-01,3.848937153816223145e-01,0.000000000000000000e+00,0.000000000000000000e+00,1.220000028610229492e+00,7.828841209411621094e-01,2.269999980926513672e+00,5.874522228554825208e-17,-1.853032857179641724e-01,1.333399176597595215e+00,5.560825467109680176e-01,5.988253355026245117e-01,6.142450496554374695e-03,-3.665027916431427002e-01,6.009977683424949646e-02,4.752672091126441956e-02,3.649062822741466761e-12,-9.878319501876831055e-02,8.229032158851623535e-02,-2.994343042373657227e-01,8.092533797025680542e-02,-3.064255118370056152e-01,1.064493138818248252e-13,-1.093345806002616882e-01,-2.062931843101978302e-02
2.875880105420947075e-03,8.414610289037227631e-03,7.078540325164794922e-01,1.280359327793121338e-01,7.178220152854919434e-02,-9.087826609611511230e-01,3.905997872352600098e-01,0.000000000000000000e+00,0.000000000000000000e+00,1.220000028610229492e+00,7.672915458679199219e-01,2.269999980926513672e+00,4.777268469492214082e-17,-1.892565637826919556e-01,1.329363346099853516e+00,5.629537701606750488e-01,6.163982748985290527e-01,-1.520136138424277306e-03,-3.671122193336486816e-01,5.622713640332221985e-02,4.105221480131149292e-02,1.143223404831417156e-09,-1.003808379173278809e-01,8.455849438905715942e-02,-2.984760999679565430e-01,7.789086550474166870e-02,-3.069823384284973145e-01,1.776429372525589745e-12,-1.193842291831970215e-01,-2.553955465555191040e-02
-8.510863408446311951e-04,8.188640698790550232e-03,7.077538371086120605e-01,1.306222379207611084e-01,7.023157924413681030e-02,-9.059621691703796387e-01,3.965322971343994141e-01,0.000000000000000000e+00,0.000000000000000000e+00,1.220000028610229492e+00,7.520976662635803223e-01,2.269999980926513672e+00,2.719416317080549831e-17,-1.920365542173385620e-01,1.325222492218017578e+00,5.672788619995117188e-01,6.333183050155639648e-01,-1.063739508390426636e-02,-3.711015582084655762e-01,5.440030246973037720e-02,3.436259552836418152e-02,6.871389225125312805e-03,-9.889274835586547852e-02,8.705941587686538696e-02,-2.970027327537536621e-01,7.665677368640899658e-02,-3.079889714717864990e-01,1.575102027973063201e-12,-1.293343156576156616e-01,-3.124272823333740234e-02
-4.271917976438999176e-03,7.689141202718019485e-03,7.076207399368286133e-01,1.319364607334136963e-01,6.921765953302383423e-02,-9.033327698707580566e-01,4.022333025932312012e-01,0.000000000000000000e+00,0.000000000000000000e+00,1.220000028610229492e+00,7.369645833969116211e-01,2.269999980926513672e+00,4.543315322482616159e-17,-1.933351308107376099e-01,1.320508241653442383e+00,5.710391402244567871e-01,6.498470902442932129e-01,-2.040304988622665405e-02,-3.861466944217681885e-01,5.514389276504516602e-02,2.953577600419521332e-02,3.895150870084762573e-02,-9.276448190212249756e-02,8.949270844459533691e-02,-2.933980822563171387e-01,7.743296027183532715e-02,-3.081031143665313721e-01,1.663412354906135260e-12,-1.381071507930755615e-01,-3.755608573555946350e-02
-7.395528256893157959e-03,7.081445306539535522e-03,7.073641419410705566e-01,1.317654699087142944e-01,6.773065030574798584e-02,-9.007823467254638672e-01,4.082175791263580322e-01,0.000000000000000000e+00,0.000000000000000000e+00,1.220000028610229492e+00,7.247424721717834473e-01,2.269999980926513672e+00,4.156604084774890445e-18,-1.932853162288665771e-01,1.315626502037048340e+00,5.739894509315490723e-01,6.668677330017089844e-01,-2.902613952755928040e-02,-4.153513312339782715e-01,5.577505752444267273e-02,3.693933039903640747e-02,1.040465831756591797e-01,-7.424999028444290161e-02,9.047568589448928833e-02,-2.859722077846527100e-01,7.757107913494110107e-02,-3.105488717555999756e-01,1.506574812820682396e-12,-1.474128216505050659e-01,-4.524907842278480530e-02
-1.034038048237562180e-02,6.085385568439960480e-03,7.070494294166564941e-01,1.308522224426269531e-01,6.629027426242828369e-02,-8.982747793197631836e-01,4.142290949821472168e-01,0.000000000000000000e+00,0.000000000000000000e+00,1.220000028610229492e+00,7.172639966011047363e-01,2.269999980926513672e+00,-2.901522941348181554e-18,-1.901541352272033691e-01,1.309331417083740234e+00,5.751857757568359375e-01,6.832565665245056152e-01,-3.867772966623306274e-02,-4.629759788513183594e-01,6.341987103223800659e-02,4.854542016983032227e-02,2.032255083322525024e-01,-3.709600493311882019e-02,8.849404752254486084e-02,-2.766673266887664795e-01,7.800387591123580933e-02,-3.125037252902984619e-01,9.697582363868417765e-13,-1.556832343339920044e-01,-5.213880538940429688e-02
-1.363904867321252823e-02,4.474087152630090714e-03,7.074383497238159180e-01,1.316868066787719727e-01,6.581293046474456787e-02,-8.947535157203674316e-01,4.215962290763854980e-01,0.000000000000000000e+00,0.000000000000000000e+00,1.220000028610229492e+00,7.120567560195922852e-01,2.269999980926513672e+00,4.145351119721719056e-18,-1.870377063751220703e-01,1.299356818199157715e+00,5.738319158554077148e-01,7.012696862220764160e-01,-4.496024921536445618e-02,-5.353443026542663574e-01,7.746084034442901611e-02,6.159914284944534302e-02,3.319222629070281982e-01,-2.865459769964218140e-02,1.124217137694358826e-01,-2.705426812171936035e-01,7.715655863285064697e-02,-3.205406069755554199e-01,1.119654905899422626e-14,-1.642141044139862061e-01,-5.693228915333747864e-02
-1.640828326344490051e-02,1.838650438003242016e-03,7.070812582969665527e-01,1.316290199756622314e-01,6.626757979393005371e-02,-8.925099372863769531e-01,4.262726604938507080e-01,0.000000000000000000e+00,0.000000000000000000e+00,1.220000028610229492e+00,7.061479091644287109e-01,2.269999980926513672e+00,-7.417476783528768663e-17,-1.814578920602798462e-01,1.290170311927795410e+00,5.725547075271606445e-01,7.190552949905395508e-01,-5.629234760999679565e-02,-6.216368675231933594e-01,8.234362304210662842e-02,6.265803426504135132e-02,4.719302356243133545e-01,-2.069445885717868805e-02,1.086133867502212524e-01,-2.636397182941436768e-01,7.958924770355224609e-02,-3.212027549743652344e-01,1.035612296872850946e-14,-1.696875393390655518e-01,-5.819231644272804260e-02
-1.885369233787059784e-02,-1.625068951398134232e-03,7.063438296318054199e-01,1.308654546737670898e-01,6.782690435647964478e-02,-8.909461498260498047e-01,4.295215010643005371e-01,0.000000000000000000e+00,0.000000000000000000e+00,1.220000028610229492e+00,6.995740532875061035e-01,2.269999980926513672e+00,-8.655323453456812712e-18,-1.765534877777099609e-01,1.282975316047668457e+00,5.695078372955322266e-01,7.347291707992553711e-01,-6.668330729007720947e-02,-7.045915126800537109e-01,8.329596370458602905e-02,6.203413754701614380e-02,5.837531685829162598e-01,-2.280407026410102844e-02,9.566559642553329468e-02,-2.555838525295257568e-01,8.393791317939758301e-02,-3.206780850887298584e-01,1.707906819442550628e-13,-1.739126592874526978e-01,-5.650709569454193115e-02
-2.154087834060192108e-02,-6.324763875454664230e-03,7.053707838058471680e-01,1.321384608745574951e-01,7.112394273281097412e-02,-8.899285197257995605e-01,4.307063817977905273e-01,0.000000000000000000e+00,0.000000000000000000e+00,1.220000028610229492e+00,6.934632062911987305e-01,2.269999980926513672e+00,-1.852511017354153044e-17,-1.725639551877975464e-01,1.277461409568786621e+00,5.699581503868103027e-01,7.498492002487182617e-01,-7.588472962379455566e-02,-7.794560790061950684e-01,7.919466495513916016e-02,5.944177135825157166e-02,6.489964723587036133e-01,-4.106980562210083008e-02,8.046698570251464844e-02,-2.521052360534667969e-01,8.971378207206726074e-02,-3.164145350456237793e-01,1.644603290357204983e-12,-1.794518083333969116e-01,-4.956511408090591431e-02
-2.506835013628005981e-02,-1.107621192932128906e-02,7.043541073799133301e-01,1.346785873174667358e-01,7.216078042984008789e-02,-8.884754180908203125e-01,4.327422678470611572e-01,0.000000000000000000e+00,0.000000000000000000e+00,1.220000028610229492e+00,6.891677379608154297e-01,2.269999980926513672e+00,2.104466923215355062e-17,-1.703006327152252197e-01,1.273838400840759277e+00,5.696645975112915039e-01,7.647095918655395508e-01,-8.615976572036743164e-02,-8.409132957458496094e-01,7.617151737213134766e-02,5.159259587526321411e-02,6.631143093109130859e-01,-6.984382867813110352e-02,6.733674556016921997e-02,-2.480134367942810059e-01,9.031889587640762329e-02,-3.118162453174591064e-01,4.291654705224079436e-12,-1.876455098390579224e-01,-4.195732623338699341e-02
-2.834214270114898682e-02,-1.619740948081016541e-02,7.036129832267761230e-01,1.357750892639160156e-01,7.209652662277221680e-02,-8.892832994461059570e-01,4.307463169097900391e-01,0.000000000000000000e+00,0.000000000000000000e+00,1.220000028610229492e+00,6.922199130058288574e-01,2.269999980926513672e+00,-1.475941344828572471e-17,-1.716625392436981201e-01,1.273779392242431641e+00,5.660673379898071289e-01,7.802684307098388672e-01,-9.495405852794647217e-02,-8.913816809654235840e-01,7.792431116104125977e-02,4.174381867051124573e-02,6.303840875625610352e-01,-1.038633659482002258e-01,5.538002401590347290e-02,-2.404312044382095337e-01,8.963207900524139404e-02,-3.095313310623168945e-01,3.429597231208170172e-11,-1.869523376226425171e-01,-3.419857472181320190e-02
-3.306779637932777405e-02,-2.264987677335739136e-02,7.024253010749816895e-01,1.414655596017837524e-01,7.320062071084976196e-02,-8.887912034988403320e-01,4.297433495521545410e-01,0.000000000000000000e+00,0.000000000000000000e+00,1.220000028610229492e+00,6.979253292083740234e-01,2.269999980926513672e+00,-3.134521521930893283e-18,-1.727323383092880249e-01,1.272539019584655762e+00,5.651309490203857422e-01,7.944276332855224609e-01,-1.033276617527008057e-01,-9.300841689109802246e-01,8.027690649032592773e-02,2.675965614616870880e-02,5.700842738151550293e-01,-1.305893212556838989e-01,4.829474166035652161e-02,-2.404677271842956543e-01,8.761615306138992310e-02,-3.036731481552124023e-01,2.998999269407387480e-12,-1.951406896114349365e-01,-2.549692988395690918e-02
-3.795154765248298645e-02,-2.994380705058574677e-02,7.012391686439514160e-01,1.469238847494125366e-01,7.406911998987197876e-02,-8.896620273590087891e-01,4.259444177150726318e-01,0.000000000000000000e+00,0.000000000000000000e+00,1.220000028610229492e+00,7.102649211883544922e-01,2.269999980926513672e+00,1.312649936210194426e-17,-1.739374846220016479e-01,1.270986795425415039e+00,5.676282048225402832e-01,8.073499202728271484e-01,-1.067754402756690979e-01,-9.615738391876220703e-01,8.563017845153808594e-02,1.408222783356904984e-02,4.880543649196624756e-01,-1.493082344532012939e-01,4.276041686534881592e-02,-2.386156618595123291e-01,8.392961323261260986e-02,-2.995432019233703613e-01,3.278635609532676298e-12,-2.005782872438430786e-01,-1.660883799195289612e-02
-4.306910187005996704e-02,-3.803569823503494263e-02,7.002025246620178223e-01,1.520552784204483032e-01,7.496760785579681396e-02,-8.909298181533813477e-01,4.213111400604248047e-01,0.000000000000000000e+00,0.000000000000000000e+00,1.220000028610229492e+00,7.295208573341369629e-01,2.269999980926513672e+00,-1.189411274596124024e-17,-1.767628639936447144e-01,1.271384835243225098e+00,5.681959986686706543e-01,8.189471364021301270e-01,-1.056156828999519348e-01,-9.845352768898010254e-01,9.274326264858245850e-02,-2.865136368200182915e-03,3.883924484252929688e-01,-1.604974716901779175e-01,4.069899395108222961e-02,-2.347926795482635498e-01,7.882029563188552856e-02,-2.997108399868011475e-01,1.982812107862927387e-13,-2.028139382600784302e-01,-8.257413282990455627e-03
-4.810433834791183472e-02,-4.720655083656311035e-02,6.989853382110595703e-01,1.563479751348495483e-01,7.485187798738479614e-02,-8.945841193199157715e-01,4.119122922420501709e-01,0.000000000000000000e+00,0.000000000000000000e+00,1.220000028610229492e+00,7.486152648925781250e-01,2.269999980926513672e+00,-2.070659058963577757e-17,-1.783001273870468140e-01,1.271979212760925293e+00,5.673614740371704102e-01,8.256916999816894531e-01,-9.448296576738357544e-02,-9.952327609062194824e-01,9.925059229135513306e-02,-1.638614945113658905e-02,2.870477437973022461e-01,-1.686768531799316406e-01,4.068494588136672974e-02,-2.270464301109313965e-01,6.911125034093856812e-02,-3.005967140197753906e-01,3.730758106959553011e-13,-2.050279527902603149e-01,-1.058317488059401512e-03
-5.345327779650688171e-02,-5.829410627484321594e-02,6.967441439628601074e-01,1.608807891607284546e-01,7.714971899986267090e-02,-8.979530334472656250e-01,4.023004174232482910e-01,0.000000000000000000e+00,0.000000000000000000e+00,1.220000028610229492e+00,7.623116970062255859e-01,2.269999980926513672e+00,-2.511497356362078369e-17,-1.759025156497955322e-01,1.272544622421264648e+00,5.644947886466979980e-01,8.254479765892028809e-01,-7.965333014726638794e-02,-9.949439167976379395e-01,1.053661182522773743e-01,-2.529522776603698730e-02,1.940989047288894653e-01,-1.672643721103668213e-01,4.150258749723434448e-02,-2.183324992656707764e-01,6.154609471559524536e-02,-3.029560148715972900e-01,2.340282644324592765e-13,-2.156670242547988892e-01,7.066862657666206360e-03
-5.884374305605888367e-02,-7.120748609304428101e-02,6.937023997306823730e-01,1.640106439590454102e-01,8.089024573564529419e-02,-9.016074538230895996e-01,3.919965028762817383e-01,0.000000000000000000e+00,0.000000000000000000e+00,1.220000028610229492e+00,7.716852426528930664e-01,2.269999980926513672e+00,-3.727164336217370555e-17,-1.710814684629440308e-01,1.273334264755249023e+00,5.596773624420166016e-01,8.196165561676025391e-01,-6.572452187538146973e-02,-9.848493933677673340e-01,1.145269796252250671e-01,-3.325900435447692871e-02,1.192272007465362549e-01,-1.513631492853164673e-01,4.203116521239280701e-02,-2.052456736564636230e-01,5.585182458162307739e-02,-3.048123717308044434e-01,8.160960514140558342e-13,-2.290324568748474121e-01,1.241158507764339447e-02
-6.377530097961425781e-02,-8.537990599870681763e-02,6.901258230209350586e-01,1.628520041704177856e-01,8.412172645330429077e-02,-9.061806797981262207e-01,3.811028301715850830e-01,0.000000000000000000e+00,0.000000000000000000e+00,1.220000028610229492e+00,7.769657373428344727e-01,2.269999980926513672e+00,-1.731470009191513526e-17,-1.597246080636978149e-01,1.270973205566406250e+00,5.555071234703063965e-01,8.073729872703552246e-01,-5.922996997833251953e-02,-9.674167633056640625e-01,1.252366900444030762e-01,-3.614558279514312744e-02,8.020117878913879395e-02,-1.197942569851875305e-01,4.328842461109161377e-02,-1.821990758180618286e-01,5.112254619598388672e-02,-3.052881658077239990e-01,8.331774159486826647e-11,-2.367116361856460571e-01,1.776791550219058990e-02
-6.860160082578659058e-02,-1.001737713813781738e-01,6.866719126701354980e-01,1.588623970746994019e-01,8.531133085489273071e-02,-9.109099507331848145e-01,3.711169064044952393e-01,0.000000000000000000e+00,0.000000000000000000e+00,1.220000028610229492e+00,7.814325094223022461e-01,2.269999980926513672e+00,-5.573844722869759818e-17,-1.412522494792938232e-01,1.265487909317016602e+00,5.510410070419311523e-01,7.880429029464721680e-01,-7.266286015510559082e-02,-9.443284273147583008e-01,1.461715102195739746e-01,-3.208586201071739197e-02,7.669459283351898193e-02,-7.730800658464431763e-02,4.481674358248710632e-02,-1.548322588205337524e-01,4.587834328413009644e-02,-3.359172642230987549e-01,1.959251427763319953e-08,-2.350490689277648926e-01,1.633201353251934052e-02
-7.336499541997909546e-02,-1.161438226699829102e-01,6.842646002769470215e-01,1.536480039358139038e-01,8.638967573642730713e-02,-9.149188995361328125e-01,3.631150424480438232e-01,0.000000000000000000e+00,0.000000000000000000e+00,1.220000028610229492e+00,7.893479466438293457e-01,2.269999980926513672e+00,4.067831061435699515e-17,-1.166994646191596985e-01,1.259532570838928223e+00,5.428671836853027344e-01,7.618232965469360352e-01,-8.757279068231582642e-02,-9.228813648223876953e-01,1.611509323120117188e-01,-3.446534276008605957e-02,9.827903658151626587e-02,-2.187658660113811493e-02,4.754472151398658752e-02,-1.228718683123588562e-01,3.935019671916961670e-02,-3.551799356937408447e-01,2.212833845987915993e-03,-2.184433341026306152e-01,1.439498271793127060e-02
-7.790007442235946655e-02,-1.325421184301376343e-01,6.836624145507812500e-01,1.463086307048797607e-01,8.607196062803268433e-02,-9.174847602844238281e-01,3.597320616245269775e-01,0.000000000000000000e+00,0.000000000000000000e+00,1.220000028610229492e+00,8.047029376029968262e-01,2.269999980926513672e+00,-1.419486598894073354e-17,-8.664852380752563477e-02,1.251845598220825195e+00,5.307263731956481934e-01,7.300859093666076660e-01,-9.540814906358718872e-02,-9.012582302093505859e-01,1.592050194740295410e-01,-4.225846752524375916e-02,1.342909038066864014e-01,2.956903725862503052e-02,5.127085745334625244e-02,-9.853351861238479614e-02,2.467072755098342896e-02,-3.507832884788513184e-01,3.127069026231765747e-02,-1.750855296850204468e-01,1.703540049493312836e-02
-8.245183527469635010e-02,-1.490322202444076538e-01,6.851591467857360840e-01,1.390667557716369629e-01,8.336101472377777100e-02,-9.186692833900451660e-01,3.602195382118225098e-01,0.000000000000000000e+00,0.000000000000000000e+00,1.220000028610229492e+00,8.271933197975158691e-01,2.269999980926513672e+00,-2.570530258829782763e-17,-5.538301914930343628e-02,1.240885138511657715e+00,5.158528685569763184e-01,6.957944035530090332e-01,-9.701340645551681519e-02,-8.755719661712646484e-01,1.409561634063720703e-01,-4.920764267444610596e-02,1.752531528472900391e-01,6.084045022726058960e-02,6.129064038395881653e-02,-9.035020321607589722e-02,7.161267101764678955e-03,-3.347028493881225586e-01,9.041967988014221191e-02,-1.019198000431060791e-01,2.475089766085147858e-02
-8.649610728025436401e-02,-1.661322861909866333e-01,6.885147690773010254e-01,1.322768181562423706e-01,8.192688226699829102e-02,-9.188355803489685059e-01,3.626734018325805664e-01,0.000000000000000000e+00,0.000000000000000000e+00,1.220000028610229492e+00,8.592723608016967773e-01,2.269999980926513672e+00,1.630202588135831623e-17,-2.731421589851379395e-02,1.226765990257263184e+00,4.998801052570343018e-01,6.610013246536254883e-01,-1.035340130329132080e-01,-8.490110635757446289e-01,1.174150779843330383e-01,-5.530185252428054810e-02,2.118643373250961304e-01,6.309220194816589355e-02,8.155976980924606323e-02,-1.093646809458732605e-01,-3.157292306423187256e-02,-3.443872332572937012e-01,2.045488208532333374e-01,4.604844748973846436e-02,2.119081094861030579e-02
-9.034109115600585938e-02,-1.841898858547210693e-01,6.937967538833618164e-01,1.261816322803497314e-01,8.201389014720916748e-02,-9.173073768615722656e-01,3.686449527740478516e-01,0.000000000000000000e+00,0.000000000000000000e+00,1.220000028610229492e+00,9.009401798248291016e-01,2.269999980926513672e+00,-8.257482666043308521e-18,-9.532060474157333374e-03,1.213791370391845703e+00,4.855167865753173828e-01,6.326950192451477051e-01,-1.076721400022506714e-01,-8.243535161018371582e-01,8.919525146484375000e-02,-6.260564178228378296e-02,2.468219399452209473e-01,4.803207516670227051e-02,1.129725053906440735e-01,-1.769215017557144165e-01,-8.128114044666290283e-02,-3.618618845939636230e-01,3.671358227729797363e-01,2.152375429868698120e-01,-1.128055062144994736e-02
-9.444890916347503662e-02,-2.035069167613983154e-01,7.005951404571533203e-01,1.232556700706481934e-01,8.640556037425994873e-02,-9.151463508605957031e-01,3.739642202854156494e-01,0.000000000000000000e+00,0.000000000000000000e+00,1.220000028610229492e+00,9.426941275596618652e-01,2.269999980926513672e+00,-1.281499637830427489e-17,-4.309117794036865234e-03,1.207485675811767578e+00,4.715337455272674561e-01,6.108505725860595703e-01,-1.036750748753547668e-01,-8.019568324089050293e-01,6.244112551212310791e-02,-6.960060447454452515e-02,2.703010141849517822e-01,2.279723435640335083e-02,1.388492584228515625e-01,-3.007335662841796875e-01,-1.204114183783531189e-01,-3.624716997146606445e-01,5.371251106262207031e-01,2.862832844257354736e-01,-5.084759742021560669e-02
-9.777210652828216553e-02,-2.215086072683334351e-01,7.053398489952087402e-01,1.181041225790977478e-01,9.048100560903549194e-02,-9.148975014686584473e-01,3.752694129943847656e-01,0.000000000000000000e+00,0.000000000000000000e+00,1.220000028610229492e+00,9.646354317665100098e-01,2.269999980926513672e+00,-3.207508299587877212e-17,-8.565900847315788269e-03,1.201269388198852539e+00,4.694677889347076416e-01,5.983774065971374512e-01,-9.601251035928726196e-02,-7.736456990242004395e-01,4.229032993316650391e-02,-7.352282106876373291e-02,2.883011400699615479e-01,-7.450591772794723511e-03,1.619701236486434937e-01,-4.572592675685882568e-01,-1.486620306968688965e-01,-3.554346263408660889e-01,6.583443284034729004e-01,2.598925232887268066e-01,-8.021939545869827271e-02
-1.013453528285026550e-01,-2.372020632028579712e-01,7.069174647331237793e-01,1.134290099143981934e-01,9.052917361259460449e-02,-9.167654514312744141e-01,3.721282780170440674e-01,0.000000000000000000e+00,0.000000000000000000e+00,1.220000028610229492e+00,9.585785269737243652e-01,2.269999980926513672e+00,6.003267266070538605e-17,-2.106668986380100250e-02,1.195847034454345703e+00,4.715146720409393311e-01,5.929573774337768555e-01,-7.983856648206710815e-02,-7.461234331130981445e-01,1.908124424517154694e-02,-7.198626548051834106e-02,3.032840192317962646e-01,-4.360906779766082764e-02,1.807970255613327026e-01,-6.139429211616516113e-01,-1.539803445339202881e-01,-3.528540134429931641e-01,6.660721302032470703e-01,1.818189918994903564e-01,-8.142265677452087402e-02
-1.060099899768829346e-01,-2.512145638465881348e-01,7.054412961006164551e-01,1.105897501111030579e-01,8.909046649932861328e-02,-9.195229411125183105e-01,3.664837479591369629e-01,0.000000000000000000e+00,0.000000000000000000e+00,1.220000028610229492e+00,9.363050460815429688e-01,2.269999980926513672e+00,-3.140813388542216633e-17,-4.317029565572738647e-02,1.192418217658996582e+00,4.678698182106018066e-01,5.888093113899230957e-01,-4.954200983047485352e-02,-7.284092307090759277e-01,-1.131518930196762085e-02,-7.680141925811767578e-02,3.241368532180786133e-01,-8.263173699378967285e-02,1.976431012153625488e-01,-7.636514306068420410e-01,-1.403199732303619385e-01,-3.582600355148315430e-01,5.572763681411743164e-01,8.855144679546356201e-02,-4.715931043028831482e-02
-1.120148152112960815e-01,-2.630249261856079102e-01,7.019553780555725098e-01,1.069072335958480835e-01,8.694671094417572021e-02,-9.186835885047912598e-01,3.701777756214141846e-01,0.000000000000000000e+00,0.000000000000000000e+00,1.220000028610229492e+00,9.107003211975097656e-01,2.269999980926513672e+00,2.564811132074591130e-17,-7.600431144237518311e-02,1.191693305969238281e+00,4.621929824352264404e-01,5.863529443740844727e-01,-1.674701087176799774e-02,-7.201712727546691895e-01,-5.173048377037048340e-02,-9.677837044000625610e-02,3.597960770130157471e-01,-1.186404153704643250e-01,1.939681768417358398e-01,-8.720695376396179199e-01,-1.133588179945945740e-01,-3.765110373497009277e-01,4.000318050384521484e-01,2.701267600059509277e-02,1.654316205531358719e-03
-1.178527027368545532e-01,-2.732457518577575684e-01,6.988444924354553223e-01,1.026777029037475586e-01,8.618165552616119385e-02,-9.167819619178771973e-01,3.762191236019134521e-01,0.000000000000000000e+00,0.000000000000000000e+00,1.220000028610229492e+00,8.947730064392089844e-01,2.269999980926513672e+00,-3.884645959085421154e-17,-1.166177392005920410e-01,1.197391152381896973e+00,4.607889354228973389e-01,5.885869264602661133e-01,5.463031120598316193e-03,-7.183049917221069336e-01,-8.246074616909027100e-02,-1.145286709070205688e-01,4.072172641754150391e-01,-1.508215516805648804e-01,1.745254099369049072e-01,-9.381090402603149414e-01,-7.867065072059631348e-02,-4.175085127353668213e-01,2.518718540668487549e-01,-3.615836147218942642e-03,4.006031528115272522e-02
-1.233521550893783569e-01,-2.818880677223205566e-01,6.954810023307800293e-01,9.758394956588745117e-02,8.553416281938552856e-02,-9.155762791633605957e-01,3.806328773498535156e-01,0.000000000000000000e+00,0.000000000000000000e+00,1.220000028610229492e+00,8.878092169761657715e-01,2.269999980926513672e+00,2.247777287829147192e-17,-1.547964662313461304e-01,1.208095908164978027e+00,4.586723148822784424e-01,5.901079773902893066e-01,1.927345059812068939e-02,-7.162695527076721191e-01,-1.030221804976463318e-01,-1.284318417310714722e-01,4.572061002254486084e-01,-1.867970526218414307e-01,1.670738905668258667e-01,-9.660576581954956055e-01,-4.546949267387390137e-02,-4.586015045642852783e-01,1.604928225278854370e-01,-1.797733479179441929e-03,5.558744072914123535e-02
-1.294207572937011719e-01,-2.904148995876312256e-01,6.931917667388916016e-01,9.577345848083496094e-02,8.906164765357971191e-02,-9.132131338119506836e-01,3.859238326549530029e-01,0.000000000000000000e+00,0.000000000000000000e+00,1.220000028610229492e+00,8.938625454902648926e-01,2.269999980926513672e+00,5.492373388233696974e-18,-1.930913478136062622e-01,1.221821546554565430e+00,4.536301195621490479e-01,5.911211371421813965e-01,3.309965133666992188e-02,-7.230268120765686035e-01,-1.178701519966125488e-01,-1.460672169923782349e-01,5.054416656494140625e-01,-2.286136001348495483e-01,1.704053282737731934e-01,-9.717757105827331543e-01,-1.856523565948009491e-02,-4.902765154838562012e-01,1.120169311761856079e-01,2.290601283311843872e-02,5.660889297723770142e-02
-1.350041776895523071e-01,-2.972501814365386963e-01,6.914555430412292480e-01,9.223828464746475220e-02,8.996990323066711426e-02,-9.119937419891357422e-01,3.894418478012084961e-01,0.000000000000000000e+00,0.000000000000000000e+00,1.220000028610229492e+00,9.056255221366882324e-01,2.269999980926513672e+00,-2.919166703813937634e-18,-2.232679128646850586e-01,1.233947277069091797e+00,4.503214955329895020e-01,5.923629403114318848e-01,4.483412951231002808e-02,-7.237522006034851074e-01,-1.302579045295715332e-01,-1.583534926176071167e-01,5.504224300384521484e-01,-2.598709464073181152e-01,1.776853054761886597e-01,-9.665500521659851074e-01,-3.295606933534145355e-03,-5.044694542884826660e-01,9.159210324287414551e-02,4.739835113286972046e-02,5.229385197162628174e-02
-1.397431343793869019e-01,-3.025416731834411621e-01,6.906999349594116211e-01,8.592575788497924805e-02,9.051790833473205566e-02,-9.102253913879394531e-01,3.948582112789154053e-01,0.000000000000000000e+00,0.000000000000000000e+00,1.220000028610229492e+00,9.239767789840698242e-01,2.269999980926513672e+00,-1.998619237671844535e-17,-2.463245689868927002e-01,1.241976857185363770e+00,4.504266679286956787e-01,5.942782759666442871e-01,5.356584116816520691e-02,-7.174810171127319336e-01,-1.367117464542388916e-01,-1.657098382711410522e-01,5.882837176322937012e-01,-2.797565758228302002e-01,1.838037669658660889e-01,-9.566949605941772461e-01,5.112873390316963196e-03,-5.109897851943969727e-01,8.199726045131683350e-02,6.517322361469268799e-02,5.094063654541969299e-02
-1.448013633489608765e-01,-3.071849644184112549e-01,6.909457445144653320e-01,8.275113254785537720e-02,9.126385301351547241e-02,-9.075656533241271973e-01,4.014321267604827881e-01,0.000000000000000000e+00,0.000000000000000000e+00,1.220000028610229492e+00,9.490001201629638672e-01,2.269999980926513672e+00,-4.304208509384567852e-17,-2.639332413673400879e-01,1.251770496368408203e+00,4.516945481300354004e-01,5.955353379249572754e-01,5.934344604611396790e-02,-7.131789922714233398e-01,-1.423354744911193848e-01,-1.721679121255874634e-01,6.151489019393920898e-01,-2.965911626815795898e-01,1.862680017948150635e-01,-9.436030983924865723e-01,1.138090435415506363e-02,-5.189349651336669922e-01,7.916607707738876343e-02,8.442562818527221680e-02,5.221036076545715332e-02
-1.495181024074554443e-01,-3.114266991615295410e-01,6.920689940452575684e-01,8.087731897830963135e-02,9.454683214426040649e-02,-9.035307168960571289e-01,4.100634157657623291e-01,0.000000000000000000e+00,0.000000000000000000e+00,1.220000028610229492e+00,9.787485599517822266e-01,2.269999980926513672e+00,-1.625932681813832895e-17,-2.757513523101806641e-01,1.261024475097656250e+00,4.547120034694671631e-01,5.953231453895568848e-01,6.511386483907699585e-02,-7.097382545471191406e-01,-1.442791819572448730e-01,-1.816019266843795776e-01,6.309114098548889160e-01,-3.115124404430389404e-01,1.884264498949050903e-01,-9.287480711936950684e-01,1.590224914252758026e-02,-5.222151875495910645e-01,7.974932342767715454e-02,1.002669483423233032e-01,5.425621569156646729e-02
-1.538594365119934082e-01,-3.151456713676452637e-01,6.936547160148620605e-01,8.006918430328369141e-02,9.846989810466766357e-02,-8.994614481925964355e-01,4.181647002696990967e-01,0.000000000000000000e+00,0.000000000000000000e+00,1.220000028610229492e+00,1.010331034660339355e+00,2.269999980926513672e+00,1.940234844804381714e-17,-2.824304401874542236e-01,1.269283652305603027e+00,4.595256149768829346e-01,5.923733115196228027e-01,7.234991341829299927e-02,-7.053503394126892090e-01,-1.444597542285919189e-01,-1.917682737112045288e-01,6.365746259689331055e-01,-3.250454962253570557e-01,1.906875073909759521e-01,-9.128174185752868652e-01,1.901672966778278351e-02,-5.232927203178405762e-01,8.628628402948379517e-02,1.170914471149444580e-01,5.384515970945358276e-02
-1.577787101268768311e-01,-3.179904222488403320e-01,6.954977512359619141e-01,8.023165166378021240e-02,1.025899276137351990e-01,-8.951084613800048828e-01,4.264023900032043457e-01,0.000000000000000000e+00,0.000000000000000000e+00,1.220000028610229492e+00,1.041957616806030273e+00,2.269999980926513672e+00,-1.371065761940934262e-17,-2.843596637248992920e-01,1.276563644409179688e+00,4.680191874504089355e-01,5.891999602317810059e-01,8.085049688816070557e-02,-7.007036805152893066e-01,-1.430640965700149536e-01,-2.001464813947677612e-01,6.331857442855834961e-01,-3.370075523853302002e-01,1.933728158473968506e-01,-8.960476517677307129e-01,2.151447348296642303e-02,-5.223166942596435547e-01,9.298761934041976929e-02,1.257307529449462891e-01,5.499338731169700623e-02
-1.611879169940948486e-01,-3.202260732650756836e-01,6.973532438278198242e-01,8.163048326969146729e-02,1.082046180963516235e-01,-8.903735280036926270e-01,4.345839917659759521e-01,0.000000000000000000e+00,0.000000000000000000e+00,1.220000028610229492e+00,1.078578233718872070e+00,2.269999980926513672e+00,-1.218790413848292419e-17,-2.850829064846038818e-01,1.285461068153381348e+00,4.799914360046386719e-01,5.878738760948181152e-01,8.784911036491394043e-02,-6.985841989517211914e-01,-1.396035104990005493e-01,-2.118406891822814941e-01,6.232609152793884277e-01,-3.457297086715698242e-01,1.945274472236633301e-01,-8.804680705070495605e-01,2.277419343590736389e-02,-5.247064828872680664e-01,9.793751686811447144e-02,1.320313960313796997e-01,5.790500342845916748e-02
-1.633768230676651001e-01,-3.208446800708770752e-01,6.985963582992553711e-01,8.061873912811279297e-02,1.119565591216087341e-01,-8.870244026184082031e-01,4.406291544437408447e-01,0.000000000000000000e+00,0.000000000000000000e+00,1.220000028610229492e+00,1.110816955566406250e+00,2.269999980926513672e+00,4.470984002743019249e-17,-2.828861474990844727e-01,1.293348312377929688e+00,4.963637888431549072e-01,5.886075496673583984e-01,9.805860370397567749e-02,-6.937722563743591309e-01,-1.358026117086410522e-01,-2.209314554929733276e-01,6.133849024772644043e-01,-3.488532602787017822e-01,1.948527544736862183e-01,-8.602933883666992188e-01,2.216044068336486816e-02,-5.200502872467041016e-01,1.013431102037429810e-01,1.350947320461273193e-01,6.522839516401290894e-02
-1.649050414562225342e-01,-3.203329741954803467e-01,6.995511054992675781e-01,8.038078248500823975e-02,1.155057623982429504e-01,-8.837496638298034668e-01,4.463001787662506104e-01,0.000000000000000000e+00,0.000000000000000000e+00,1.220000028610229492e+00,1.135612010955810547e+00,2.269999980926513672e+00,2.425944712583678886e-17,-2.771895527839660645e-01,1.301501750946044922e+00,5.161127448081970215e-01,5.931515097618103027e-01,1.086627691984176636e-01,-6.919324994087219238e-01,-1.330018192529678345e-01,-2.296738475561141968e-01,6.010583639144897461e-01,-3.486441075801849365e-01,1.931997239589691162e-01,-8.373172283172607422e-01,1.864605583250522614e-02,-5.102918744087219238e-01,1.023425981402397156e-01,1.424173265695571899e-01,7.489304989576339722e-02
-1.653468161821365356e-01,-3.178233802318572998e-01,7.002125978469848633e-01,7.801280915737152100e-02,1.157418340444564819e-01,-8.815832138061523438e-01,4.509200453758239746e-01,0.000000000000000000e+00,0.000000000000000000e+00,1.220000028610229492e+00,1.155254125595092773e+00,2.269999980926513672e+00,1.131561902148860502e-17,-2.687172889709472656e-01,1.308160424232482910e+00,5.379863977432250977e-01,6.001409292221069336e-01,1.176967024803161621e-01,-6.887664198875427246e-01,-1.324646323919296265e-01,-2.350280731916427612e-01,5.932705998420715332e-01,-3.357905149459838867e-01,1.852630823850631714e-01,-8.135074973106384277e-01,1.443821564316749573e-02,-4.983613193035125732e-01,9.871710836887359619e-02,1.519280374050140381e-01,8.813820779323577881e-02
-1.648034453392028809e-01,-3.140723705291748047e-01,7.012438178062438965e-01,7.554095983505249023e-02,1.154234334826469421e-01,-8.800033330917358398e-01,4.544943571090698242e-01,0.000000000000000000e+00,0.000000000000000000e+00,1.220000028610229492e+00,1.166635751724243164e+00,2.269999980926513672e+00,1.288178294096180634e-17,-2.558281719684600830e-01,1.311155915260314941e+00,5.603175163269042969e-01,6.046822071075439453e-01,1.223693937063217163e-01,-6.873791217803955078e-01,-1.302237957715988159e-01,-2.378679662942886353e-01,5.847882032394409180e-01,-3.157055675983428955e-01,1.742132008075714111e-01,-7.858334183692932129e-01,1.043529901653528214e-02,-4.845478236675262451e-01,9.130341559648513794e-02,1.527073085308074951e-01,9.770243614912033081e-02
-1.634067595005035400e-01,-3.102067112922668457e-01,7.030906081199645996e-01,7.474832981824874878e-02,1.178027763962745667e-01,-8.791076540946960449e-01,4.557465016841888428e-01,0.000000000000000000e+00,0.000000000000000000e+00,1.220000028610229492e+00,1.171342968940734863e+00,2.269999980926513672e+00,7.557908228738631235e-17,-2.383448928594589233e-01,1.310110569000244141e+00,5.819543004035949707e-01,6.048830747604370117e-01,1.217172965407371521e-01,-6.908333301544189453e-01,-1.210697367787361145e-01,-2.390010803937911987e-01,5.716664195060729980e-01,-2.944549620151519775e-01,1.694673299789428711e-01,-7.569626569747924805e-01,6.379784084856510162e-03,-4.718052148818969727e-01,8.635921776294708252e-02,1.414189785718917847e-01,9.818019717931747437e-02
-1.618164479732513428e-01,-3.059747517108917236e-01,7.056155204772949219e-01,7.610213011503219604e-02,1.203667968511581421e-01,-8.787004351615905762e-01,4.556378722190856934e-01,0.000000000000000000e+00,0.000000000000000000e+00,1.220000028610229492e+00,1.167248845100402832e+00,2.269999980926513672e+00,-1.758458927345648692e-17,-2.183498889207839966e-01,1.306413650512695312e+00,6.011667251586914062e-01,6.012154221534729004e-01,1.145998984575271606e-01,-6.951842904090881348e-01,-1.083812937140464783e-01,-2.344615906476974487e-01,5.517771244049072266e-01,-2.753471136093139648e-01,1.664416193962097168e-01,-7.221462726593017578e-01,2.666576066985726357e-03,-4.638082981109619141e-01,9.397204965353012085e-02,1.202197894454002380e-01,8.847583830356597900e-02
-1.602838188409805298e-01,-3.011533617973327637e-01,7.081806063652038574e-01,7.819691300392150879e-02,1.217242777347564697e-01,-8.786059021949768066e-01,4.551045000553131104e-01,0.000000000000000000e+00,0.000000000000000000e+00,1.220000028610229492e+00,1.154647350311279297e+00,2.269999980926513672e+00,4.189027910425744024e-18,-1.971703767776489258e-01,1.300884127616882324e+00,6.161688566207885742e-01,5.940005779266357422e-01,1.013630107045173645e-01,-6.970083713531494141e-01,-9.396290779113769531e-02,-2.261035442352294922e-01,5.276802182197570801e-01,-2.578267753124237061e-01,1.648378670215606689e-01,-6.850269436836242676e-01,-5.919153918512165546e-04,-4.584109187126159668e-01,1.174954697489738464e-01,9.290511161088943481e-02,6.935867667198181152e-02
-1.591521650552749634e-01,-2.961319386959075928e-01,7.108100652694702148e-01,8.151648938655853271e-02,1.235612854361534119e-01,-8.776693344116210938e-01,4.558335840702056885e-01,0.000000000000000000e+00,0.000000000000000000e+00,1.220000028610229492e+00,1.132471084594726562e+00,2.269999980926513672e+00,-7.322149842760197584e-18,-1.765011250972747803e-01,1.296142458915710449e+00,6.224686503410339355e-01,5.851575732231140137e-01,7.966930419206619263e-02,-6.972169280052185059e-01,-7.546826452016830444e-02,-2.167365849018096924e-01,4.966414272785186768e-01,-2.411940246820449829e-01,1.670894175767898560e-01,-6.474554538726806641e-01,-3.845591563731431961e-03,-4.575817883014678955e-01,1.628333777189254761e-01,6.463152915239334106e-02,4.295787960290908813e-02
-1.583723425865173340e-01,-2.908449172973632812e-01,7.135834097862243652e-01,8.512967824935913086e-02,1.234817057847976685e-01,-8.777025341987609863e-01,4.551301002502441406e-01,0.000000000000000000e+00,0.000000000000000000e+00,1.220000028610229492e+00,1.097542762756347656e+00,2.269999980926513672e+00,-2.789298024154132204e-17,-1.592268049716949463e-01,1.292743325233459473e+00,6.198149919509887695e-01,5.761974453926086426e-01,5.609183385968208313e-02,-6.919729709625244141e-01,-5.671526864171028137e-02,-2.031883746385574341e-01,4.618682861328125000e-01,-2.265991866588592529e-01,1.695016771554946899e-01,-6.083294749259948730e-01,-9.205468930304050446e-03,-4.582990407943725586e-01,2.259337007999420166e-01,4.093698784708976746e-02,1.545573305338621140e-02
-1.581665724515914917e-01,-2.847516834735870361e-01,7.158830165863037109e-01,8.843626827001571655e-02,1.207240521907806396e-01,-8.773548007011413574e-01,4.559092819690704346e-01,0.000000000000000000e+00,0.000000000000000000e+00,1.220000028610229492e+00,1.053321123123168945e+00,2.269999980926513672e+00,-7.479036743447337871e-19,-1.468434482812881470e-01,1.291392922401428223e+00,6.068108081817626953e-01,5.687424540519714355e-01,2.883790992200374603e-02,-6.789608001708984375e-01,-3.958494216203689575e-02,-1.872354894876480103e-01,4.195438623428344727e-01,-2.099358737468719482e-01,1.690437495708465576e-01,-5.719434618949890137e-01,-1.588134653866291046e-02,-4.614294171333312988e-01,3.013477325439453125e-01,1.851296797394752502e-02,-7.896285504102706909e-03
-1.580962240695953369e-01,-2.788154482841491699e-01,7.182562947273254395e-01,9.276562929153442383e-02,1.172344312071800232e-01,-8.782833814620971680e-01,4.541683793067932129e-01,0.000000000000000000e+00,0.000000000000000000e+00,1.220000028610229492e+00,9.991489648818969727e-01,2.269999980926513672e+00,-1.065993611097497146e-17,-1.398891061544418335e-01,1.291268587112426758e+00,5.893492698669433594e-01,5.662689805030822754e-01,6.333431694656610489e-03,-6.617661714553833008e-01,-2.473136410117149353e-02,-1.707292795181274414e-01,3.692768514156341553e-01,-1.919732689857482910e-01,1.637931764125823975e-01,-5.299032330513000488e-01,-2.467073500156402588e-02,-4.627882838249206543e-01,3.819817900657653809e-01,9.854836389422416687e-03,-2.385091409087181091e-02
-1.575787067413330078e-01,-2.726310789585113525e-01,7.197536826133728027e-01,9.611815214157104492e-02,1.145097836852073669e-01,-8.786526322364807129e-01,4.534516632556915283e-01,0.000000000000000000e+00,0.000000000000000000e+00,1.220000028610229492e+00,9.449627995491027832e-01,2.269999980926513672e+00,1.669578701399070889e-17,-1.385106891393661499e-01,1.288899064064025879e+00,5.750737190246582031e-01,5.699279308319091797e-01,-1.325561106204986572e-02,-6.437136530876159668e-01,-1.042127981781959534e-02,-1.563736647367477417e-01,3.167060613632202148e-01,-1.693277359008789062e-01,1.611322760581970215e-01,-4.820249080657958984e-01,-3.509974479675292969e-02,-4.615972042083740234e-01,4.543099999427795410e-01,1.085177343338727951e-02,-3.012960404157638550e-02
-1.559830456972122192e-01,-2.660838961601257324e-01,7.198783755302429199e-01,9.786659479141235352e-02,1.118780449032783508e-01,-8.801608085632324219e-01,4.508018791675567627e-01,0.000000000000000000e+00,0.000000000000000000e+00,1.220000028610229492e+00,8.931658864021301270e-01,2.269999980926513672e+00,1.182905168206149440e-17,-1.417248547077178955e-01,1.284718275070190430e+00,5.698791146278381348e-01,5.787487626075744629e-01,-3.179923817515373230e-02,-6.264702677726745605e-01,5.000857636332511902e-03,-1.404665410518646240e-01,2.690083980560302734e-01,-1.445371210575103760e-01,1.589165776968002319e-01,-4.298817515373229980e-01,-4.141106829047203064e-02,-4.665835797786712646e-01,5.022561550140380859e-01,1.648626476526260376e-02,-2.662842161953449249e-02
-1.537224650382995605e-01,-2.589001953601837158e-01,7.188587188720703125e-01,9.951155632734298706e-02,1.085563525557518005e-01,-8.818312883377075195e-01,4.479805529117584229e-01,0.000000000000000000e+00,0.000000000000000000e+00,1.220000028610229492e+00,8.454874753952026367e-01,2.269999980926513672e+00,-2.027388041709040678e-18,-1.511671543121337891e-01,1.279382109642028809e+00,5.701828598976135254e-01,5.927236676216125488e-01,-5.227676406502723694e-02,-6.148701906204223633e-01,1.798816397786140442e-02,-1.280381679534912109e-01,2.307084947824478149e-01,-1.167253106832504272e-01,1.580537706613540649e-01,-3.721290826797485352e-01,-3.992838412523269653e-02,-4.684973955154418945e-01,5.028315782546997070e-01,7.034140173345804214e-03,-1.529029663652181625e-02
-1.509184837341308594e-01,-2.514534890651702881e-01,7.171242237091064453e-01,1.018589511513710022e-01,1.056620776653289795e-01,-8.835054039955139160e-01,4.448353350162506104e-01,0.000000000000000000e+00,0.000000000000000000e+00,1.220000028610229492e+00,8.010051250457763672e-01,2.269999980926513672e+00,3.820138444451595802e-17,-1.656923592090606689e-01,1.273476600646972656e+00,5.781686902046203613e-01,6.096192598342895508e-01,-7.024724781513214111e-02,-6.107148528099060059e-01,2.896558493375778198e-02,-1.168543174862861633e-01,1.992339342832565308e-01,-9.340171515941619873e-02,1.528132557868957520e-01,-3.181056082248687744e-01,-2.682848274707794189e-02,-4.664840400218963623e-01,4.654660224914550781e-01,-9.543216787278652191e-03,-5.859284428879618645e-04
-1.471280753612518311e-01,-2.446435242891311646e-01,7.157374620437622070e-01,1.046132519841194153e-01,1.073456630110740662e-01,-8.854310512542724609e-01,4.399372339248657227e-01,0.000000000000000000e+00,0.000000000000000000e+00,1.220000028610229492e+00,7.605988383293151855e-01,2.269999980926513672e+00,2.851167825250648462e-17,-1.888208389282226562e-01,1.269526481628417969e+00,5.886776447296142578e-01,6.291648149490356445e-01,-8.487566560506820679e-02,-6.150372028350830078e-01,4.779573529958724976e-02,-1.064630448818206787e-01,1.716760694980621338e-01,-7.081712782382965088e-02,1.497985869646072388e-01,-2.705717086791992188e-01,-1.323466072790324688e-03,-4.627587199211120605e-01,3.989237844944000244e-01,-2.969624288380146027e-02,1.373489294201135635e-02
-1.430509537458419800e-01,-2.374339401721954346e-01,7.141199707984924316e-01,1.076205074787139893e-01,1.082527264952659607e-01,-8.880895972251892090e-01,4.335850477218627930e-01,0.000000000000000000e+00,0.000000000000000000e+00,1.220000028610229492e+00,7.282509803771972656e-01,2.269999980926513672e+00,2.347582253561835341e-17,-2.185954600572586060e-01,1.268440246582031250e+00,6.014223694801330566e-01,6.493185162544250488e-01,-9.670326113700866699e-02,-6.238825917243957520e-01,6.505466997623443604e-02,-9.671738743782043457e-02,1.510052978992462158e-01,-4.906552284955978394e-02,1.444250196218490601e-01,-2.333686500787734985e-01,3.278976306319236755e-02,-4.544234275817871094e-01,3.122163116931915283e-01,-5.938859283924102783e-02,2.416338771581649780e-02
-1.387228667736053467e-01,-2.304617911577224731e-01,7.130009531974792480e-01,1.113951131701469421e-01,1.101997569203376770e-01,-8.918057084083557129e-01,4.244168996810913086e-01,0.000000000000000000e+00,0.000000000000000000e+00,1.220000028610229492e+00,7.094080448150634766e-01,2.269999980926513672e+00,-4.713711219946089648e-17,-2.517117559909820557e-01,1.268844842910766602e+00,6.202400326728820801e-01,6.687648892402648926e-01,-1.017502471804618835e-01,-6.382784843444824219e-01,8.316508680582046509e-02,-8.565279841423034668e-02,1.360637694597244263e-01,-2.911276184022426605e-02,1.368990391492843628e-01,-2.103339135646820068e-01,6.340830773115158081e-02,-4.422602355480194092e-01,2.270957827568054199e-01,-9.126695990562438965e-02,2.837218344211578369e-02
-1.345316767692565918e-01,-2.235764265060424805e-01,7.123347520828247070e-01,1.163127794861793518e-01,1.124451011419296265e-01,-8.959926366806030273e-01,4.135512113571166992e-01,0.000000000000000000e+00,0.000000000000000000e+00,1.220000028610229492e+00,7.029702067375183105e-01,2.269999980926513672e+00,3.267383065124007450e-18,-2.881921529769897461e-01,1.273781299591064453e+00,6.379901170730590820e-01,6.876258254051208496e-01,-1.024984493851661682e-01,-6.555984616279602051e-01,1.011383458971977234e-01,-7.339309155941009521e-02,1.219555512070655823e-01,-9.807565249502658844e-03,1.257729530334472656e-01,-1.997059434652328491e-01,9.115871787071228027e-02,-4.268853962421417236e-01,1.504305005073547363e-01,-1.245785802602767944e-01,2.577114105224609375e-02
-1.308080852031707764e-01,-2.161024212837219238e-01,7.115877866744995117e-01,1.216617524623870850e-01,1.125277504324913025e-01,-9.002339839935302734e-01,4.026346802711486816e-01,0.000000000000000000e+00,0.000000000000000000e+00,1.220000028610229492e+00,7.060589194297790527e-01,2.269999980926513672e+00,-2.385122356737451907e-17,-3.263903856277465820e-01,1.282555818557739258e+00,6.523028612136840820e-01,7.066266536712646484e-01,-1.042540967464447021e-01,-6.711791157722473145e-01,1.170718446373939514e-01,-5.659475177526473999e-02,1.071629747748374939e-01,7.576326839625835419e-03,1.108461916446685791e-01,-1.963855177164077759e-01,1.115668267011642456e-01,-4.185276627540588379e-01,8.535229414701461792e-02,-1.560209244489669800e-01,1.018400304019451141e-02
-1.273206472396850586e-01,-2.076789587736129761e-01,7.110575437545776367e-01,1.255507618188858032e-01,1.089124158024787903e-01,-9.050676822662353516e-01,3.914429247379302979e-01,0.000000000000000000e+00,0.000000000000000000e+00,1.220000028610229492e+00,7.165521979331970215e-01,2.269999980926513672e+00,3.271384840850447115e-17,-3.607533872127532959e-01,1.293978571891784668e+00,6.641721725463867188e-01,7.253075838088989258e-01,-1.093301028013229370e-01,-6.809185743331909180e-01,1.307363957166671753e-01,-3.544260188937187195e-02,9.509360045194625854e-02,2.820345759391784668e-02,9.405915439128875732e-02,-1.949201226234436035e-01,1.236973777413368225e-01,-4.183883368968963623e-01,3.346847370266914368e-02,-1.755917370319366455e-01,-1.139807794243097305e-02
-1.246145442128181458e-01,-1.993172913789749146e-01,7.111236453056335449e-01,1.303743869066238403e-01,1.047136932611465454e-01,-9.082109332084655762e-01,3.836540877819061279e-01,0.000000000000000000e+00,0.000000000000000000e+00,1.220000028610229492e+00,7.268866896629333496e-01,2.269999980926513672e+00,1.208774910991500359e-17,-3.842169046401977539e-01,1.302341818809509277e+00,6.760559678077697754e-01,7.395717501640319824e-01,-1.091362833976745605e-01,-6.919240951538085938e-01,1.350877732038497925e-01,-2.260767109692096710e-02,7.963588833808898926e-02,4.518388211727142334e-02,7.776425778865814209e-02,-2.013442218303680420e-01,1.300750374794006348e-01,-4.025140404701232910e-01,8.286014008263009600e-07,-1.859544217586517334e-01,-2.456360310316085815e-02
-1.220553889870643616e-01,-1.914811879396438599e-01,7.117092013359069824e-01,1.355611532926559448e-01,1.010307297110557556e-01,-9.112923145294189453e-01,3.754494786262512207e-01,0.000000000000000000e+00,0.000000000000000000e+00,1.220000028610229492e+00,7.395461797714233398e-01,2.269999980926513672e+00,5.496466277904609355e-17,-3.984876275062561035e-01,1.310147881507873535e+00,6.857860088348388672e-01,7.499521374702453613e-01,-1.075009256601333618e-01,-7.027153372764587402e-01,1.389127224683761597e-01,-1.021069660782814026e-02,5.950429290533065796e-02,5.282311141490936279e-02,7.009404152631759644e-02,-2.261720746755599976e-01,1.286084353923797607e-01,-3.875356316566467285e-01,6.698214150626128835e-15,-1.974887996912002563e-01,-3.664217889308929443e-02
-1.198795810341835022e-01,-1.844117790460586548e-01,7.125676274299621582e-01,1.415866911411285400e-01,9.780466556549072266e-02,-9.139460921287536621e-01,3.675459325313568115e-01,0.000000000000000000e+00,0.000000000000000000e+00,1.220000028610229492e+00,7.528927922248840332e-01,2.269999980926513672e+00,4.932437874393995203e-18,-4.025242924690246582e-01,1.315810203552246094e+00,6.937158107757568359e-01,7.537062764167785645e-01,-1.035804748535156250e-01,-7.137781977653503418e-01,1.389964371919631958e-01,2.106535015627741814e-03,3.874582797288894653e-02,5.490670725703239441e-02,6.804440915584564209e-02,-2.518204152584075928e-01,1.267240196466445923e-01,-3.732934296131134033e-01,5.642228763196033281e-15,-2.035862803459167480e-01,-4.657481610774993896e-02
-1.174767538905143738e-01,-1.776174008846282959e-01,7.133387923240661621e-01,1.448994278907775879e-01,9.351311624050140381e-02,-9.167721867561340332e-01,3.602612614631652832e-01,0.000000000000000000e+00,0.000000000000000000e+00,1.220000028610229492e+00,7.650036215782165527e-01,2.269999980926513672e+00,3.043342850575245010e-18,-3.938007950782775879e-01,1.317921638488769531e+00,7.037498354911804199e-01,7.492103576660156250e-01,-9.740752726793289185e-02,-7.205072045326232910e-01,1.359411478042602539e-01,1.696840114891529083e-02,2.630996331572532654e-02,5.852339044213294983e-02,6.824891269207000732e-02,-2.698692977428436279e-01,1.228904351592063904e-01,-3.601787388324737549e-01,1.376312800706325223e-13,-2.053039222955703735e-01,-5.528063327074050903e-02
-1.153288558125495911e-01,-1.717660874128341675e-01,7.140627503395080566e-01,1.484383493661880493e-01,9.069710969924926758e-02,-9.185798764228820801e-01,3.548959493637084961e-01,0.000000000000000000e+00,0.000000000000000000e+00,1.220000028610229492e+00,7.797988653182983398e-01,2.269999980926513672e+00,6.003087519723430832e-18,-3.742484152317047119e-01,1.316213250160217285e+00,7.140591144561767578e-01,7.323290109634399414e-01,-9.326787292957305908e-02,-7.270444631576538086e-01,1.346415430307388306e-01,2.657601796090602875e-02,1.866907812654972076e-02,6.576349586248397827e-02,6.550846248865127563e-02,-2.877992093563079834e-01,1.213473230600357056e-01,-3.484228551387786865e-01,1.408368864239117890e-13,-2.040038853883743286e-01,-6.331325322389602661e-02
-1.130667775869369507e-01,-1.660789400339126587e-01,7.147763371467590332e-01,1.497436165809631348e-01,8.616468310356140137e-02,-9.207013845443725586e-01,3.499448895454406738e-01,0.000000000000000000e+00,0.000000000000000000e+00,1.220000028610229492e+00,7.926077842712402344e-01,2.269999980926513672e+00,2.177886936718163639e-18,-3.477868139743804932e-01,1.312170743942260742e+00,7.235180139541625977e-01,7.079945802688598633e-01,-8.921439945697784424e-02,-7.292104363441467285e-01,1.332775205373764038e-01,2.809018455445766449e-02,1.775187440216541290e-02,7.117532193660736084e-02,6.280050426721572876e-02,-2.987822890281677246e-01,1.168642416596412659e-01,-3.351743221282958984e-01,3.361154670561417035e-12,-1.998941749334335327e-01,-7.045656442642211914e-02
-1.104603931307792664e-01,-1.612088233232498169e-01,7.153264284133911133e-01,1.489886045455932617e-01,8.416231721639633179e-02,-9.219636321067810059e-01,3.474221527576446533e-01,0.000000000000000000e+00,0.000000000000000000e+00,1.220000028610229492e+00,8.030100464820861816e-01,2.269999980926513672e+00,-1.548590632795634765e-17,-3.136149942874908447e-01,1.305259466171264648e+00,7.269511222839355469e-01,6.697819232940673828e-01,-8.724500983953475952e-02,-7.314741015434265137e-01,1.345128118991851807e-01,2.320618927478790283e-02,2.138659171760082245e-02,7.699515670537948608e-02,6.082454696297645569e-02,-3.059857487678527832e-01,1.178392097353935242e-01,-3.272312879562377930e-01,4.993557650712077134e-12,-1.940414905548095703e-01,-7.587050646543502808e-02
-1.083069518208503723e-01,-1.566078215837478638e-01,7.159641385078430176e-01,1.481772810220718384e-01,8.150432258844375610e-02,-9.222519397735595703e-01,3.476375937461853027e-01,0.000000000000000000e+00,0.000000000000000000e+00,1.220000028610229492e+00,8.121031522750854492e-01,2.269999980926513672e+00,1.475512865271270003e-17,-2.738476991653442383e-01,1.297803878784179688e+00,7.228623032569885254e-01,6.207410693168640137e-01,-8.667223900556564331e-02,-7.340286374092102051e-01,1.365500092506408691e-01,1.709949970245361328e-02,3.087459318339824677e-02,8.422332257032394409e-02,5.750163644552230835e-02,-3.108757138252258301e-01,1.166155636310577393e-01,-3.247372806072235107e-01,4.441066871890830825e-12,-1.887919157743453979e-01,-8.286749571561813354e-02
-1.063544899225234985e-01,-1.525990515947341919e-01,7.164223194122314453e-01,1.473847180604934692e-01,7.887385785579681396e-02,-9.227216243743896484e-01,3.473347425460815430e-01,0.000000000000000000e+00,0.000000000000000000e+00,1.220000028610229492e+00,8.187351226806640625e-01,2.269999980926513672e+00,1.171034960979890982e-17,-2.328914999961853027e-01,1.290789961814880371e+00,7.114885449409484863e-01,5.673997402191162109e-01,-8.613981306552886963e-02,-7.362538576126098633e-01,1.381390392780303955e-01,3.757877042517066002e-03,4.313823580741882324e-02,8.761644363403320312e-02,5.714790895581245422e-02,-3.149136602878570557e-01,1.151170283555984497e-01,-3.212441504001617432e-01,4.270309800213922813e-12,-1.865698248147964478e-01,-8.853622525930404663e-02
-1.043355688452720642e-01,-1.491170227527618408e-01,7.167561650276184082e-01,1.453585028648376465e-01,7.699846476316452026e-02,-9.230827689170837402e-01,3.476497530937194824e-01,0.000000000000000000e+00,0.000000000000000000e+00,1.220000028610229492e+00,8.222990036010742188e-01,2.269999980926513672e+00,-3.102880415934668007e-18,-1.932886391878128052e-01,1.284287214279174805e+00,6.933364868164062500e-01,5.146164894104003906e-01,-8.363550156354904175e-02,-7.377151846885681152e-01,1.386713385581970215e-01,-1.105592958629131317e-02,5.794302746653556824e-02,8.792466670274734497e-02,5.625515431165695190e-02,-3.157175183296203613e-01,1.144805252552032471e-01,-3.194118738174438477e-01,7.215895849593811917e-12,-1.835464686155319214e-01,-9.296780079603195190e-02
-1.024158149957656860e-01,-1.460671126842498779e-01,7.169740200042724609e-01,1.427181661128997803e-01,7.449261844158172607e-02,-9.239846467971801758e-01,3.468929827213287354e-01,0.000000000000000000e+00,0.000000000000000000e+00,1.220000028610229492e+00,8.222069740295410156e-01,2.269999980926513672e+00,-4.860666142338790417e-17,-1.564649641513824463e-01,1.276498198509216309e+00,6.749072670936584473e-01,4.695043861865997314e-01,-7.792752236127853394e-02,-7.364882826805114746e-01,1.370562314987182617e-01,-1.997915282845497131e-02,7.340353727340698242e-02,8.612357079982757568e-02,5.797722563147544861e-02,-3.137091100215911865e-01,1.116074696183204651e-01,-3.173350989818572998e-01,1.158244472554414983e-10,-1.817394942045211792e-01,-9.576695412397384644e-02
-1.009550020098686218e-01,-1.435755044221878052e-01,7.172402143478393555e-01,1.413065791130065918e-01,7.232411205768585205e-02,-9.245943427085876465e-01,3.463047742843627930e-01,0.000000000000000000e+00,0.000000000000000000e+00,1.220000028610229492e+00,8.221371769905090332e-01,2.269999980926513672e+00,1.558164090333078486e-17,-1.226006969809532166e-01,1.270241260528564453e+00,6.548095941543579102e-01,4.310985803604125977e-01,-7.332379370927810669e-02,-7.384704351425170898e-01,1.356094777584075928e-01,-2.953849174082279205e-02,8.737894892692565918e-02,8.388853073120117188e-02,5.813728645443916321e-02,-3.137292563915252686e-01,1.087344139814376831e-01,-3.161444962024688721e-01,8.757509994961054645e-11,-1.804674714803695679e-01,-9.828950464725494385e-02
-9.937792271375656128e-02,-1.413802802562713623e-01,7.174803614616394043e-01,1.386182755231857300e-01,7.049510627985000610e-02,-9.252758622169494629e-01,3.459478914737701416e-01,0.000000000000000000e+00,0.000000000000000000e+00,1.220000028610229492e+00,8.213675618171691895e-01,2.269999980926513672e+00,1.032335301100469429e-17,-9.551499038934707642e-02,1.265432834625244141e+00,6.338093876838684082e-01,4.020352363586425781e-01,-6.791174411773681641e-02,-7.398552298545837402e-01,1.341831237077713013e-01,-3.796227648854255676e-02,9.962360560894012451e-02,7.931073755025863647e-02,5.886985361576080322e-02,-3.107278347015380859e-01,1.065508127212524414e-01,-3.164995014667510986e-01,3.756739641591622103e-10,-1.772640198469161987e-01,-1.002022027969360352e-01
-9.809838235378265381e-02,-1.397097110748291016e-01,7.175819873809814453e-01,1.364375650882720947e-01,6.906845420598983765e-02,-9.258950948715209961e-01,3.454454839229583740e-01,0.000000000000000000e+00,0.000000000000000000e+00,1.220000028610229492e+00,8.204471468925476074e-01,2.269999980926513672e+00,2.303414117573953875e-17,-7.338396459817886353e-02,1.262289404869079590e+00,6.153094172477722168e-01,3.821230828762054443e-01,-6.279750168323516846e-02,-7.402607798576354980e-01,1.326835751533508301e-01,-4.435361176729202271e-02,1.130439862608909607e-01,7.755450159311294556e-02,5.830692872405052185e-02,-3.081867396831512451e-01,1.047135293483734131e-01,-3.171918690204620361e-01,2.925240605300416519e-10,-1.755775213241577148e-01,-1.002966165542602539e-01
-9.697089344263076782e-02,-1.382929831743240356e-01,7.176317572593688965e-01,1.340273171663284302e-01,6.768519431352615356e-02,-9.263688325881958008e-01,3.453927338123321533e-01,0.000000000000000000e+00,0.000000000000000000e+00,1.220000028610229492e+00,8.203471899032592773e-01,2.269999980926513672e+00,1.073321107835736887e-17,-5.751387774944305420e-02,1.259522199630737305e+00,5.994774103164672852e-01,3.711499273777008057e-01,-5.849151685833930969e-02,-7.382363080978393555e-01,1.306228637695312500e-01,-4.917910322546958923e-02,1.249400153756141663e-01,7.572849839925765991e-02,5.772165209054946899e-02,-3.045874238014221191e-01,1.029049530625343323e-01,-3.186184763908386230e-01,4.483926285825390323e-10,-1.739259064197540283e-01,-9.930447489023208618e-02
