-5.261168256402015686e-02,-1.166701968759298325e-02,6.966208219528198242e-01,1.834054850041866302e-02,3.397205099463462830e-02,8.852743543684482574e-03,9.992152452468872070e-01,0.000000000000000000e+00,0.000000000000000000e+00,-3.689511865377426147e-02,-1.289740324020385742e+00,5.174336433410644531e-01,-4.923160374164581299e-01,5.821128934621810913e-02,1.194324612617492676e+00,4.464344680309295654e-01,6.152132153511047363e-01,-2.050921879708766937e-02,-1.353004425764083862e-01,-3.121127374470233917e-02,7.947231084108352661e-02,-1.394503262853134259e-18,-4.553780332207679749e-02,8.736298233270645142e-02,-1.432491689920425415e-01,-6.240332126617431641e-02,-1.206249892711639404e-01,2.530143782496452332e-02,-3.238272666931152344e-02,-1.537934876978397369e-02
-5.281524360179901123e-02,-1.190467551350593567e-02,6.965114474296569824e-01,1.784159988164901733e-02,3.300565853714942932e-02,8.968874812126159668e-03,9.992556571960449219e-01,0.000000000000000000e+00,0.000000000000000000e+00,-4.677760228514671326e-02,-1.292029380798339844e+00,5.191728472709655762e-01,-4.907726943492889404e-01,5.101818591356277466e-02,1.201033949851989746e+00,4.497205317020416260e-01,6.037365198135375977e-01,-1.880506984889507294e-02,-1.337340921163558960e-01,-2.971637435257434845e-02,7.844115048646926880e-02,1.932468446033121337e-18,-4.448784142732620239e-02,8.955834805965423584e-02,-1.422518342733383179e-01,-6.114342063665390015e-02,-1.211071237921714783e-01,2.773877792060375214e-02,-3.199200704693794250e-02,-1.731744594871997833e-02
-5.272098258137702942e-02,-1.226566266268491745e-02,6.965201497077941895e-01,1.774253509938716888e-02,3.319548815488815308e-02,8.510056883096694946e-03,9.992551207542419434e-01,0.000000000000000000e+00,0.000000000000000000e+00,-5.375238135457038879e-02,-1.291729092597961426e+00,5.184266567230224609e-01,-4.977068603038787842e-01,4.963663592934608459e-02,1.203431129455566406e+00,4.495056271553039551e-01,6.038966178894042969e-01,-1.696117408573627472e-02,-1.340985149145126343e-01,-2.885846607387065887e-02,7.656931877136230469e-02,7.913871012408168272e-18,-4.520917683839797974e-02,9.086840599775314331e-02,-1.440355181694030762e-01,-6.031285971403121948e-02,-1.193010210990905762e-01,3.091602958738803864e-02,-3.355305641889572144e-02,-1.949074678122997284e-02
-5.267364904284477234e-02,-1.259837299585342407e-02,6.964789032936096191e-01,1.782871782779693604e-02,3.317278996109962463e-02,6.591809447854757309e-03,9.992688298225402832e-01,0.000000000000000000e+00,0.000000000000000000e+00,-5.503124371170997620e-02,-1.289990544319152832e+00,5.169875025749206543e-01,-5.068968534469604492e-01,4.957832768559455872e-02,1.204214692115783691e+00,4.503962397575378418e-01,6.090893149375915527e-01,-1.547157578170299530e-02,-1.334885209798812866e-01,-2.793766930699348450e-02,7.542397081851959229e-02,5.027521045036046905e-19,-4.571851715445518494e-02,9.178742021322250366e-02,-1.447156369686126709e-01,-5.919432640075683594e-02,-1.153944805264472961e-01,3.142594173550605774e-02,-3.472068160772323608e-02,-2.102952264249324799e-02
-5.253241956233978271e-02,-1.326351426541805267e-02,6.964879631996154785e-01,1.831864379346370697e-02,3.359713777899742126e-02,5.776113364845514297e-03,9.992508888244628906e-01,0.000000000000000000e+00,0.000000000000000000e+00,-5.512279272079467773e-02,-1.288646221160888672e+00,5.115258097648620605e-01,-5.128644108772277832e-01,5.129174888134002686e-02,1.204842090606689453e+00,4.493651986122131348e-01,6.165546178817749023e-01,-1.418027468025684357e-02,-1.341336369514465332e-01,-2.777335979044437408e-02,7.360494881868362427e-02,1.924460510522995476e-18,-4.566375911235809326e-02,9.027954936027526855e-02,-1.466944664716720581e-01,-5.896655097603797913e-02,-1.129753142595291138e-01,3.345472365617752075e-02,-3.658114001154899597e-02,-2.269628830254077911e-02
-5.274207517504692078e-02,-1.400001067668199539e-02,6.963148713111877441e-01,1.884120702743530273e-02,3.257234394550323486e-02,4.576776176691055298e-03,9.992812871932983398e-01,0.000000000000000000e+00,0.000000000000000000e+00,-5.155922099947929382e-02,-1.286877632141113281e+00,5.047223567962646484e-01,-5.150933861732482910e-01,5.301943048834800720e-02,1.206534862518310547e+00,4.474298059940338135e-01,6.227099299430847168e-01,-1.296359021216630936e-02,-1.318755447864532471e-01,-2.731558494269847870e-02,7.312040030956268311e-02,-2.308503925319115165e-18,-4.495917260646820068e-02,8.972346037626266479e-02,-1.466758251190185547e-01,-5.873558297753334045e-02,-1.118013933300971985e-01,3.681998699903488159e-02,-3.923707827925682068e-02,-2.443817444145679474e-02
-5.289620161056518555e-02,-1.467156782746315002e-02,6.962246298789978027e-01,1.879696734249591827e-02,3.188956156373023987e-02,3.009009175002574921e-03,9.993100762367248535e-01,0.000000000000000000e+00,0.000000000000000000e+00,-4.796314239501953125e-02,-1.284141302108764648e+00,4.989787936210632324e-01,-5.163015723228454590e-01,5.310023576021194458e-02,1.208991169929504395e+00,4.472304582595825195e-01,6.270511746406555176e-01,-1.165794581174850464e-02,-1.301540732383728027e-01,-2.543480135500431061e-02,7.316444069147109985e-02,-6.648761958415479027e-19,-4.451009258627891541e-02,9.063628315925598145e-02,-1.475930511951446533e-01,-5.702022090554237366e-02,-1.106139197945594788e-01,4.042032733559608459e-02,-4.112952947616577148e-02,-2.429439313709735870e-02
-5.291432142257690430e-02,-1.551463641226291656e-02,6.961849331855773926e-01,1.878173649311065674e-02,3.176346793770790100e-02,1.862954348325729370e-03,9.993171691894531250e-01,0.000000000000000000e+00,0.000000000000000000e+00,-4.581962153315544128e-02,-1.280967831611633301e+00,4.957793056964874268e-01,-5.158825516700744629e-01,5.233474820852279663e-02,1.211813330650329590e+00,4.485907852649688721e-01,6.297954320907592773e-01,-1.078543718904256821e-02,-1.295582354068756104e-01,-2.340357005596160889e-02,7.396617531776428223e-02,-3.937176229321723688e-18,-4.418569058179855347e-02,8.960612118244171143e-02,-1.487671434879302979e-01,-5.502433329820632935e-02,-1.095822006464004517e-01,4.271335154771804810e-02,-4.382868856191635132e-02,-2.330152504146099091e-02
-5.294791981577873230e-02,-1.648579724133014679e-02,6.961120367050170898e-01,1.869899593293666840e-02,3.130310773849487305e-02,8.492077467963099480e-04,9.993346333503723145e-01,0.000000000000000000e+00,0.000000000000000000e+00,-4.419587925076484680e-02,-1.277740478515625000e+00,4.928530156612396240e-01,-5.134918689727783203e-01,5.062412098050117493e-02,1.215590000152587891e+00,4.507335126399993896e-01,6.302922964096069336e-01,-1.026585325598716736e-02,-1.282234489917755127e-01,-2.093640528619289398e-02,7.450417429208755493e-02,4.982522419713162200e-19,-4.360035434365272522e-02,9.014189243316650391e-02,-1.502012610435485840e-01,-5.270530283451080322e-02,-1.079785749316215515e-01,4.690496996045112610e-02,-4.712053388357162476e-02,-2.326790802180767059e-02
-5.283975228667259216e-02,-1.755480095744132996e-02,6.960278153419494629e-01,1.852351799607276917e-02,3.085719980299472809e-02,-3.108442178927361965e-04,9.993520975112915039e-01,0.000000000000000000e+00,0.000000000000000000e+00,-4.334091767668724060e-02,-1.274117588996887207e+00,4.921468794345855713e-01,-5.088118314743041992e-01,4.839340969920158386e-02,1.220098376274108887e+00,4.541934132575988770e-01,6.292136907577514648e-01,-9.762973524630069733e-03,-1.266193389892578125e-01,-1.799240894615650177e-02,7.508027553558349609e-02,-4.089582602823393931e-18,-4.221376404166221619e-02,9.020248800516128540e-02,-1.525766551494598389e-01,-5.004529654979705811e-02,-1.067788153886795044e-01,5.319844186305999756e-02,-5.123924091458320618e-02,-2.363481745123863220e-02
-5.251239612698554993e-02,-1.874343678355216980e-02,6.958996653556823730e-01,1.845022849738597870e-02,3.030559420585632324e-02,-1.763548119924962521e-03,9.993688464164733887e-01,0.000000000000000000e+00,0.000000000000000000e+00,-4.283514618873596191e-02,-1.271423220634460449e+00,4.900330007076263428e-01,-5.022581219673156738e-01,4.640218615531921387e-02,1.225349307060241699e+00,4.569221436977386475e-01,6.280807256698608398e-01,-9.905873797833919525e-03,-1.241667568683624268e-01,-1.489362679421901703e-02,7.545867562294006348e-02,-8.192505974566043092e-18,-4.152071103453636169e-02,9.039848297834396362e-02,-1.547012925148010254e-01,-4.726180806756019592e-02,-1.056367456912994385e-01,5.992417037487030029e-02,-5.654470622539520264e-02,-2.463537640869617462e-02
-5.167797207832336426e-02,-2.012410201132297516e-02,6.957958340644836426e-01,1.860241219401359558e-02,3.039044700562953949e-02,-2.855418948456645012e-03,9.993609189987182617e-01,0.000000000000000000e+00,0.000000000000000000e+00,-4.509125277400016785e-02,-1.273046135902404785e+00,4.870896637439727783e-01,-4.970271289348602295e-01,4.467852413654327393e-02,1.229976654052734375e+00,4.587103128433227539e-01,6.266341209411621094e-01,-1.068496331572532654e-02,-1.224354133009910583e-01,-1.203731447458267212e-02,7.524087280035018921e-02,3.293505635663585202e-18,-4.048098251223564148e-02,8.972996473312377930e-02,-1.581634283065795898e-01,-4.483468830585479736e-02,-1.052340343594551086e-01,6.817381083965301514e-02,-6.350403279066085815e-02,-2.620479464530944824e-02
-5.044344812631607056e-02,-2.138829603791236877e-02,6.958507299423217773e-01,1.759620569646358490e-02,3.010142408311367035e-02,-2.992718713358044624e-03,9.993875026702880859e-01,0.000000000000000000e+00,0.000000000000000000e+00,-5.084298923611640930e-02,-1.285755991935729980e+00,4.828051924705505371e-01,-4.899432361125946045e-01,4.336886107921600342e-02,1.232589721679687500e+00,4.577761888504028320e-01,6.202355027198791504e-01,-1.297511812299489975e-02,-1.191415563225746155e-01,-6.683589890599250793e-03,7.565862685441970825e-02,2.598842665964002773e-18,-3.557051345705986023e-02,9.054551273584365845e-02,-1.610865443944931030e-01,-4.017634317278862000e-02,-1.067879572510719299e-01,7.897961139678955078e-02,-6.848297268152236938e-02,-2.769804745912551880e-02
-4.830632731318473816e-02,-2.279732935130596161e-02,6.962654590606689453e-01,1.762552745640277863e-02,3.115499764680862427e-02,-3.565046936273574829e-03,9.993528127670288086e-01,0.000000000000000000e+00,0.000000000000000000e+00,-4.765373840928077698e-02,-1.297121882438659668e+00,4.784537553787231445e-01,-4.788772463798522949e-01,4.498723894357681274e-02,1.225868225097656250e+00,4.482147395610809326e-01,6.157360672950744629e-01,-1.700709946453571320e-02,-1.237470358610153198e-01,-3.062835661694407463e-03,7.208638638257980347e-02,1.242858450859785080e-02,-2.917123399674892426e-02,8.904395252466201782e-02,-1.617124080657958984e-01,-3.684883937239646912e-02,-1.059211194515228271e-01,8.175991475582122803e-02,-6.945135444402694702e-02,-2.902053110301494598e-02
-4.542089998722076416e-02,-2.374030649662017822e-02,6.969356536865234375e-01,1.581977866590023041e-02,3.276073187589645386e-02,-3.488842630758881569e-03,9.993319511413574219e-01,0.000000000000000000e+00,0.000000000000000000e+00,-3.940219059586524963e-02,-1.299330115318298340e+00,4.683660864830017090e-01,-4.679667353630065918e-01,4.774648696184158325e-02,1.218300580978393555e+00,4.378979206085205078e-01,6.087387800216674805e-01,-2.383210882544517517e-02,-1.597785800695419312e-01,6.853827275335788727e-03,7.071091234683990479e-02,8.276596665382385254e-02,-3.120626695454120636e-02,8.764009177684783936e-02,-1.603031158447265625e-01,-2.961804531514644623e-02,-1.064220368862152100e-01,8.047790080308914185e-02,-6.566860526800155640e-02,-2.676413767039775848e-02
-4.118889942765235901e-02,-2.480323240160942078e-02,6.967373490333557129e-01,1.437516696751117706e-02,3.727144375443458557e-02,-1.750019146129488945e-03,9.992002248764038086e-01,0.000000000000000000e+00,0.000000000000000000e+00,-2.961920760571956635e-02,-1.294329881668090820e+00,4.568642973899841309e-01,-4.661235809326171875e-01,5.312070995569229126e-02,1.216445565223693848e+00,4.255776703357696533e-01,6.117935180664062500e-01,-3.860897570848464966e-02,-2.392976284027099609e-01,2.239417470991611481e-02,6.251793354749679565e-02,2.137486636638641357e-01,-1.641500368714332581e-02,6.855548173189163208e-02,-1.569690108299255371e-01,-2.174716629087924957e-02,-1.027065366506576538e-01,6.547988206148147583e-02,-6.910470128059387207e-02,-3.098834678530693054e-02
-3.567162901163101196e-02,-2.566340379416942596e-02,6.963851451873779297e-01,1.115222182124853134e-02,4.427280277013778687e-02,4.123395774513483047e-03,9.989486932754516602e-01,0.000000000000000000e+00,0.000000000000000000e+00,-2.281693741679191589e-02,-1.289874792098999023e+00,4.418860971927642822e-01,-4.660898745059967041e-01,5.667614936828613281e-02,1.217033505439758301e+00,4.132264852523803711e-01,6.141186952590942383e-01,-5.898141488432884216e-02,-3.341737687587738037e-01,4.104562103748321533e-02,6.413044035434722900e-02,3.644088804721832275e-01,3.659168956801295280e-03,6.077763065695762634e-02,-1.550217717885971069e-01,-1.046277768909931183e-02,-1.020285040140151978e-01,4.741007462143898010e-02,-7.332991063594818115e-02,-3.362068906426429749e-02
-3.119122609496116638e-02,-2.663010731339454651e-02,6.953524351119995117e-01,6.595436483621597290e-03,4.258099570870399475e-02,1.448789425194263458e-02,9.989662170410156250e-01,0.000000000000000000e+00,0.000000000000000000e+00,1.954868435859680176e-02,-1.280547142028808594e+00,4.332044124603271484e-01,-4.732182919979095459e-01,8.275225758552551270e-02,1.236637949943542480e+00,4.004950225353240967e-01,6.108204722404479980e-01,-8.950425684452056885e-02,-4.002200961112976074e-01,6.037744879722595215e-02,6.401856243610382080e-02,4.817680716514587402e-01,1.872727274894714355e-02,6.130881607532501221e-02,-1.202843263745307922e-01,3.869202686473727226e-03,-1.068223789334297180e-01,3.548985812813043594e-03,-6.119069084525108337e-02,-3.350014239549636841e-02
-2.436548843979835510e-02,-2.820252440869808197e-02,6.954265236854553223e-01,6.346488837152719498e-03,4.848968237638473511e-02,2.632883191108703613e-02,9.984564185142517090e-01,0.000000000000000000e+00,0.000000000000000000e+00,4.025150462985038757e-02,-1.272591710090637207e+00,4.135988056659698486e-01,-4.798409044742584229e-01,9.379483759403228760e-02,1.233935356140136719e+00,3.941699266433715820e-01,6.157911419868469238e-01,-1.193009987473487854e-01,-4.691638350486755371e-01,6.708410382270812988e-02,6.429276615381240845e-02,5.619193315505981445e-01,4.849604144692420959e-02,5.484599992632865906e-02,-1.204442530870437622e-01,6.982330232858657837e-03,-1.121679320931434631e-01,1.109058067605417364e-09,-7.108154892921447754e-02,-2.890684641897678375e-02
-1.671019941568374634e-02,-2.938396297395229340e-02,6.956135630607604980e-01,6.714248098433017731e-03,5.489535629749298096e-02,3.744744881987571716e-02,9.977670311927795410e-01,0.000000000000000000e+00,0.000000000000000000e+00,6.038946658372879028e-02,-1.261876821517944336e+00,3.940106928348541260e-01,-4.792643487453460693e-01,1.028362810611724854e-01,1.226615309715270996e+00,3.867198228836059570e-01,6.219135522842407227e-01,-1.489459574222564697e-01,-5.313066840171813965e-01,6.379155069589614868e-02,6.511534750461578369e-02,5.915384888648986816e-01,5.590339750051498413e-02,4.657098278403282166e-02,-1.227433606982231140e-01,8.141727186739444733e-03,-1.172594800591468811e-01,3.468577949089290480e-16,-8.091425895690917969e-02,-1.985321938991546631e-02
-8.305499330163002014e-03,-3.019558824598789215e-02,6.954511404037475586e-01,7.790644187480211258e-03,6.125028058886528015e-02,4.795895516872406006e-02,9.969391226768493652e-01,0.000000000000000000e+00,0.000000000000000000e+00,8.423177152872085571e-02,-1.248062491416931152e+00,3.729521930217742920e-01,-4.747559726238250732e-01,1.065629720687866211e-01,1.224314808845520020e+00,3.765203058719635010e-01,6.172875761985778809e-01,-1.761225759983062744e-01,-5.723764896392822266e-01,5.467804148793220520e-02,7.081773877143859863e-02,5.505536794662475586e-01,4.768332466483116150e-02,4.257238283753395081e-02,-1.231554299592971802e-01,7.123765069991350174e-03,-1.233301758766174316e-01,-1.343446532160033689e-17,-9.506118297576904297e-02,-7.737478241324424744e-03
3.241319791413843632e-04,-3.062936104834079742e-02,6.948587298393249512e-01,9.289010427892208099e-03,6.545811891555786133e-02,5.812390521168708801e-02,9.961177706718444824e-01,0.000000000000000000e+00,0.000000000000000000e+00,1.067900657653808594e-01,-1.227846503257751465e+00,3.565575778484344482e-01,-4.720979928970336914e-01,1.067996174097061157e-01,1.221978306770324707e+00,3.599816560745239258e-01,6.117473244667053223e-01,-1.990323513746261597e-01,-5.916239619255065918e-01,4.337818175554275513e-02,7.759357988834381104e-02,4.571097791194915771e-01,4.182393103837966919e-02,4.047660902142524719e-02,-1.175533309578895569e-01,3.531607799232006073e-03,-1.319385319948196411e-01,-8.660984677569125633e-18,-1.075738891959190369e-01,2.480088733136653900e-03
8.547974750399589539e-03,-3.023745305836200714e-02,6.933199763298034668e-01,8.076362311840057373e-03,6.475451588630676270e-02,7.000891864299774170e-02,9.954096674919128418e-01,0.000000000000000000e+00,0.000000000000000000e+00,1.369792819023132324e-01,-1.195647120475769043e+00,3.414503931999206543e-01,-4.816066622734069824e-01,1.093476191163063049e-01,1.222802996635437012e+00,3.382125198841094971e-01,6.035068035125732422e-01,-2.161260247230529785e-01,-5.770651102066040039e-01,2.932532504200935364e-02,8.871387690305709839e-02,3.352114260196685791e-01,4.744810611009597778e-02,4.009235650300979614e-02,-9.836276620626449585e-02,2.522385912016034126e-03,-1.441958993673324585e-01,1.079305925003680553e-17,-1.180570274591445923e-01,1.226296182721853256e-02
1.671026833355426788e-02,-2.915759757161140442e-02,6.913414001464843750e-01,6.594764534384012222e-03,6.129363551735877991e-02,8.019558340311050415e-02,9.948709607124328613e-01,0.000000000000000000e+00,0.000000000000000000e+00,1.631481796503067017e-01,-1.156561851501464844e+00,3.317294418811798096e-01,-5.071148872375488281e-01,1.129824072122573853e-01,1.220620751380920410e+00,3.124971389770507812e-01,6.036086678504943848e-01,-2.278444468975067139e-01,-5.465006232261657715e-01,1.189133431762456894e-02,9.549399465322494507e-02,2.460161894559860229e-01,5.051637813448905945e-02,4.495345801115036011e-02,-7.217306643724441528e-02,1.427289680577814579e-04,-1.541309058666229248e-01,-4.550952515642195753e-18,-1.279531866312026978e-01,2.052575722336769104e-02
2.532288059592247009e-02,-2.686850912868976593e-02,6.895195245742797852e-01,2.833984792232513428e-03,5.817284435033798218e-02,8.881697803735733032e-02,9.943436980247497559e-01,0.000000000000000000e+00,0.000000000000000000e+00,1.786670088768005371e-01,-1.114777922630310059e+00,3.395396471023559570e-01,-5.434949994087219238e-01,1.140208691358566284e-01,1.221007227897644043e+00,2.859533131122589111e-01,5.978026986122131348e-01,-2.256383001804351807e-01,-5.162620544433593750e-01,-4.424298647791147232e-03,9.674741327762603760e-02,2.190463244915008545e-01,4.807484894990921021e-02,6.600772589445114136e-02,-4.267592728137969971e-02,2.017078455537557602e-03,-1.556621342897415161e-01,9.788415308866651294e-18,-1.372479200363159180e-01,2.473398670554161072e-02
3.287381678819656372e-02,-2.440518885850906372e-02,6.897804737091064453e-01,3.137383610010147095e-03,5.011959001421928406e-02,9.155146032571792603e-02,9.945333003997802734e-01,0.000000000000000000e+00,0.000000000000000000e+00,1.706633865833282471e-01,-1.083561182022094727e+00,3.613873720169067383e-01,-5.893355607986450195e-01,1.115380600094795227e-01,1.216924905776977539e+00,2.630841135978698730e-01,5.933851003646850586e-01,-2.037934511899948120e-01,-4.923872351646423340e-01,-2.658194489777088165e-02,7.987298816442489624e-02,2.339390516281127930e-01,2.795816771686077118e-02,1.001853793859481812e-01,-6.557417660951614380e-02,-1.540491357445716858e-02,-1.534269452095031738e-01,1.243091896176338196e-01,-1.521596610546112061e-01,2.090260758996009827e-02
3.925527259707450867e-02,-2.106880210340023041e-02,6.887788176536560059e-01,6.454131565988063812e-03,3.867735713720321655e-02,8.561040461063385010e-02,9.955567717552185059e-01,0.000000000000000000e+00,0.000000000000000000e+00,1.393408030271530151e-01,-1.069270610809326172e+00,4.072201251983642578e-01,-6.475141644477844238e-01,1.034436300396919250e-01,1.207597374916076660e+00,2.469996809959411621e-01,5.827046632766723633e-01,-1.618818491697311401e-01,-4.587900042533874512e-01,-5.618166550993919373e-02,6.431434303522109985e-02,2.378971576690673828e-01,1.241873577237129211e-02,1.381289213895797729e-01,-2.067415118217468262e-01,-7.252903282642364502e-02,-1.645944714546203613e-01,4.399168193340301514e-01,-1.268971562385559082e-01,1.716130785644054413e-02
4.604790359735488892e-02,-1.643272116780281067e-02,6.885102391242980957e-01,1.169115677475929260e-02,3.031294047832489014e-02,7.034818083047866821e-02,9.969932436943054199e-01,0.000000000000000000e+00,0.000000000000000000e+00,7.483322173357009888e-02,-1.053149461746215820e+00,4.727790951728820801e-01,-7.256929278373718262e-01,8.702578395605087280e-02,1.191530108451843262e+00,2.455586791038513184e-01,5.906408429145812988e-01,-9.578970819711685181e-02,-4.213363528251647949e-01,-8.935751765966415405e-02,5.336853116750717163e-02,2.237454354763031006e-01,7.965435273945331573e-03,1.528259217739105225e-01,-3.823116421699523926e-01,-1.180495023727416992e-01,-1.348235607147216797e-01,6.630837917327880859e-01,-4.710693657398223877e-02,2.392189763486385345e-02
5.337997525930404663e-02,-9.130628779530525208e-03,6.915200948715209961e-01,1.047260966151952744e-02,2.683494985103607178e-02,4.705888777971267700e-02,9.984766840934753418e-01,0.000000000000000000e+00,0.000000000000000000e+00,8.823447860777378082e-04,-1.018450856208801270e+00,5.497802495956420898e-01,-8.382914662361145020e-01,7.887472957372665405e-02,1.165794968605041504e+00,2.624597847461700439e-01,6.301059126853942871e-01,-1.666202582418918610e-02,-3.757049739360809326e-01,-1.064034774899482727e-01,4.657129198312759399e-02,1.827028095722198486e-01,6.240259855985641479e-03,1.471960246562957764e-01,-5.487526059150695801e-01,-1.472405344247817993e-01,-9.774393588304519653e-02,6.923815011978149414e-01,-5.812435410916805267e-03,3.962900489568710327e-02
5.942778289318084717e-02,-1.879604184068739414e-03,6.936371326446533203e-01,1.077070180326700211e-02,2.151660807430744171e-02,2.157995104789733887e-02,9.994775056838989258e-01,0.000000000000000000e+00,0.000000000000000000e+00,-9.123924374580383301e-02,-9.773423671722412109e-01,6.261913776397705078e-01,-9.661222696304321289e-01,8.778019249439239502e-02,1.123176932334899902e+00,2.790136337280273438e-01,6.880742907524108887e-01,6.192373484373092651e-02,-3.401561975479125977e-01,-1.207443922758102417e-01,5.179661884903907776e-02,1.644444018602371216e-01,2.911444287747144699e-03,1.261086910963058472e-01,-6.854938268661499023e-01,-1.518383026123046875e-01,-3.977005556225776672e-02,5.428848862648010254e-01,2.741732820868492126e-02,6.725543737411499023e-02
6.518692523241043091e-02,6.067823618650436401e-03,6.961519718170166016e-01,1.175485644489526749e-02,1.916508190333843231e-02,-1.128854136914014816e-02,9.996834993362426758e-01,0.000000000000000000e+00,0.000000000000000000e+00,-1.905816048383712769e-01,-9.331374764442443848e-01,7.087116837501525879e-01,-1.099792599678039551e+00,1.209553778171539307e-01,1.060652613639831543e+00,3.001165688037872314e-01,7.600148916244506836e-01,1.419355869293212891e-01,-3.052583336830139160e-01,-1.316260695457458496e-01,7.197374105453491211e-02,1.372925341129302979e-01,4.850681871175765991e-03,1.006741374731063843e-01,-8.069373965263366699e-01,-1.397974640130996704e-01,3.093318641185760498e-02,3.417772948741912842e-01,1.048192903399467468e-01,1.106992214918136597e-01
6.821417063474655151e-02,1.223974395543336868e-02,6.965819001197814941e-01,1.908224448561668396e-02,8.380141109228134155e-03,-4.246923327445983887e-02,9.988803863525390625e-01,0.000000000000000000e+00,0.000000000000000000e+00,-2.861521840095520020e-01,-9.084706306457519531e-01,7.587714195251464844e-01,-1.214619040489196777e+00,1.684535890817642212e-01,9.810533523559570312e-01,3.266780376434326172e-01,8.338058590888977051e-01,2.190903574228286743e-01,-2.623288929462432861e-01,-1.510303318500518799e-01,9.117372334003448486e-02,1.250828802585601807e-01,1.119671389460563660e-02,6.537713855504989624e-02,-9.191498160362243652e-01,-1.250567734241485596e-01,1.050231456756591797e-01,1.883045434951782227e-01,1.832410842180252075e-01,1.442460566759109497e-01
6.936409324407577515e-02,1.595087721943855286e-02,6.953563094139099121e-01,3.066399693489074707e-02,-7.457653526216745377e-03,-6.267051398754119873e-02,9.975352287292480469e-01,0.000000000000000000e+00,0.000000000000000000e+00,-3.705119490623474121e-01,-9.115751981735229492e-01,7.798910140991210938e-01,-1.289793014526367188e+00,2.189690619707107544e-01,9.105150699615478516e-01,3.472778499126434326e-01,8.811828494071960449e-01,2.848578989505767822e-01,-2.126469165086746216e-01,-1.756966412067413330e-01,1.014734581112861633e-01,1.186386048793792725e-01,1.710343174636363983e-02,3.551757708191871643e-02,-1.031979560852050781e+00,-1.104318276047706604e-01,1.626627892255783081e-01,1.161208003759384155e-01,2.428697496652603149e-01,1.660888195037841797e-01
6.997646391391754150e-02,1.968221366405487061e-02,6.940863728523254395e-01,3.748226538300514221e-02,-2.271649986505508423e-02,-7.633195072412490845e-02,9.961187243461608887e-01,0.000000000000000000e+00,0.000000000000000000e+00,-4.437313973903656006e-01,-9.314658641815185547e-01,7.946004271507263184e-01,-1.345055222511291504e+00,2.600425481796264648e-01,8.498134613037109375e-01,3.709912896156311035e-01,8.983974456787109375e-01,3.426680862903594971e-01,-1.638557165861129761e-01,-1.892967224121093750e-01,1.037276983261108398e-01,1.079213246703147888e-01,1.726252026855945587e-02,2.024293318390846252e-02,-1.128719687461853027e+00,-9.584461152553558350e-02,2.100127339363098145e-01,8.558230102062225342e-02,2.742517590522766113e-01,1.839297413825988770e-01
7.025945186614990234e-02,2.182800509035587311e-02,6.925232410430908203e-01,4.422975331544876099e-02,-3.753716871142387390e-02,-7.987106591463088989e-02,9.951156973838806152e-01,0.000000000000000000e+00,0.000000000000000000e+00,-5.086205601692199707e-01,-9.697122573852539062e-01,8.133431673049926758e-01,-1.384494781494140625e+00,2.976488173007965088e-01,8.077817559242248535e-01,3.739088177680969238e-01,8.974798917770385742e-01,3.798130750656127930e-01,-1.203417927026748657e-01,-1.999986618757247925e-01,1.005591005086898804e-01,1.027388572692871094e-01,1.811335235834121704e-02,2.069872803986072540e-02,-1.215049147605895996e+00,-7.958041131496429443e-02,2.511550784111022949e-01,1.126635447144508362e-01,2.891631424427032471e-01,1.924916356801986694e-01
7.162069529294967651e-02,2.381500788033008575e-02,6.916500329971313477e-01,4.583683982491493225e-02,-4.739492759108543396e-02,-7.894977927207946777e-02,9.946957230567932129e-01,0.000000000000000000e+00,0.000000000000000000e+00,-5.614643692970275879e-01,-1.013331890106201172e+00,8.394276499748229980e-01,-1.411894440650939941e+00,3.234651386737823486e-01,7.931716442108154297e-01,3.689495921134948730e-01,8.836685419082641602e-01,3.970344066619873047e-01,-9.100130200386047363e-02,-2.000000029802322388e-01,9.523560851812362671e-02,1.004592031240463257e-01,1.331011205911636353e-02,2.722422406077384949e-02,-1.280006170272827148e+00,-6.092940643429756165e-02,2.779775261878967285e-01,1.711030453443527222e-01,2.869476377964019775e-01,1.941583752632141113e-01
7.419186085462570190e-02,2.520430274307727814e-02,6.912099719047546387e-01,4.522218555212020874e-02,-5.141294002532958984e-02,-7.415773719549179077e-02,9.948931336402893066e-01,0.000000000000000000e+00,0.000000000000000000e+00,-5.978797078132629395e-01,-1.064387083053588867e+00,8.704558014869689941e-01,-1.415878176689147949e+00,3.328755199909210205e-01,7.883772850036621094e-01,3.635924756526947021e-01,8.671569824218750000e-01,3.965852260589599609e-01,-7.513222098350524902e-02,-2.000000029802322388e-01,9.174787998199462891e-02,9.867249429225921631e-02,4.477431066334247589e-03,4.486936330795288086e-02,-1.322539210319519043e+00,-4.895171150565147400e-02,2.944312989711761475e-01,2.386194467544555664e-01,2.680355310440063477e-01,1.901205778121948242e-01
7.803191244602203369e-02,2.578475885093212128e-02,6.913959383964538574e-01,4.393935576081275940e-02,-5.064525827765464783e-02,-6.951008737087249756e-02,9.953254461288452148e-01,0.000000000000000000e+00,0.000000000000000000e+00,-6.104747653007507324e-01,-1.110781192779541016e+00,9.063935279846191406e-01,-1.394785881042480469e+00,3.278456032276153564e-01,8.022324442863464355e-01,3.594645857810974121e-01,8.518726825714111328e-01,3.830475807189941406e-01,-6.977415084838867188e-02,-1.998638063669204712e-01,8.975496888160705566e-02,9.766217321157455444e-02,-3.635978093370795250e-03,6.027761101722717285e-02,-1.325500130653381348e+00,-4.588162526488304138e-02,2.980583310127258301e-01,2.915090918540954590e-01,2.419812530279159546e-01,1.826143562793731689e-01
8.278295397758483887e-02,2.585067041218280792e-02,6.920591592788696289e-01,4.026974365115165710e-02,-4.721590876579284668e-02,-6.561056524515151978e-02,9.959138035774230957e-01,0.000000000000000000e+00,0.000000000000000000e+00,-5.944030880928039551e-01,-1.149697542190551758e+00,9.485328197479248047e-01,-1.338812470436096191e+00,3.138833343982696533e-01,8.281443715095520020e-01,3.631966114044189453e-01,8.397984504699707031e-01,3.617008924484252930e-01,-7.081709802150726318e-02,-1.938786953687667847e-01,9.030666202306747437e-02,9.664689004421234131e-02,-1.205141935497522354e-02,7.781101018190383911e-02,-1.291706204414367676e+00,-5.301911011338233948e-02,2.862627506256103516e-01,3.360504209995269775e-01,2.098417878150939941e-01,1.738227754831314087e-01
8.817892521619796753e-02,2.487684972584247589e-02,6.929019689559936523e-01,3.621482849121093750e-02,-4.162137582898139954e-02,-6.204103678464889526e-02,9.965475797653198242e-01,0.000000000000000000e+00,0.000000000000000000e+00,-5.560163259506225586e-01,-1.175942897796630859e+00,9.898514747619628906e-01,-1.262209892272949219e+00,2.880422174930572510e-01,8.611444830894470215e-01,3.702188730239868164e-01,8.274817466735839844e-01,3.343032002449035645e-01,-7.689175754785537720e-02,-1.858524680137634277e-01,9.291858226060867310e-02,9.655153006315231323e-02,-2.106008306145668030e-02,9.819171577692031860e-02,-1.230909585952758789e+00,-6.557819247245788574e-02,2.668195664882659912e-01,3.758531510829925537e-01,1.766134947538375854e-01,1.643498837947845459e-01
9.397717565298080444e-02,2.312013320624828339e-02,6.938664913177490234e-01,3.177717328071594238e-02,-3.471310436725616455e-02,-6.068603694438934326e-02,9.970468282699584961e-01,0.000000000000000000e+00,0.000000000000000000e+00,-4.918739497661590576e-01,-1.195145130157470703e+00,1.025620460510253906e+00,-1.150555491447448730e+00,2.535226345062255859e-01,8.971766233444213867e-01,3.983029127120971680e-01,8.111842274665832520e-01,3.040419220924377441e-01,-8.410418778657913208e-02,-1.748497039079666138e-01,9.888622909784317017e-02,9.466671198606491089e-02,-3.249225765466690063e-02,1.154480576515197754e-01,-1.152565121650695801e+00,-7.962322235107421875e-02,2.377172261476516724e-01,4.165018498897552490e-01,1.370222270488739014e-01,1.504458636045455933e-01
9.995091706514358521e-02,1.980629935860633850e-02,6.945801377296447754e-01,2.963371947407722473e-02,-2.640093863010406494e-02,-5.900824815034866333e-02,9.974682331085205078e-01,0.000000000000000000e+00,0.000000000000000000e+00,-4.314273297786712646e-01,-1.234724640846252441e+00,1.061708211898803711e+00,-9.732231497764587402e-01,2.023134231567382812e-01,9.445966482162475586e-01,4.401791393756866455e-01,7.718519568443298340e-01,2.736994028091430664e-01,-9.757084399461746216e-02,-1.669280081987380981e-01,9.742694348096847534e-02,1.005437523126602173e-01,-4.690258577466011047e-02,1.286218762397766113e-01,-1.062210798263549805e+00,-9.889522939920425415e-02,1.934933960437774658e-01,4.668391346931457520e-01,8.988046646118164062e-02,1.332873553037643433e-01
1.063963323831558228e-01,1.621103659272193909e-02,6.957023739814758301e-01,2.611065097153186798e-02,-1.474936865270137787e-02,-5.935403332114219666e-02,9.977864623069763184e-01,0.000000000000000000e+00,0.000000000000000000e+00,-3.400322794914245605e-01,-1.251266360282897949e+00,1.044862389564514160e+00,-7.965963482856750488e-01,1.530940979719161987e-01,9.905169606208801270e-01,4.736910164356231689e-01,7.306281328201293945e-01,2.382059246301651001e-01,-1.100939065217971802e-01,-1.553822010755538940e-01,1.020806655287742615e-01,9.233866631984710693e-02,-5.681350827217102051e-02,1.434845030307769775e-01,-9.687146544456481934e-01,-1.118573546409606934e-01,1.514166742563247681e-01,5.142035484313964844e-01,4.254601150751113892e-02,1.083232536911964417e-01
1.103219911456108093e-01,1.132875680923461914e-02,6.944437026977539062e-01,2.630343288183212280e-02,-1.334788277745246887e-02,-5.840417742729187012e-02,9.978571534156799316e-01,0.000000000000000000e+00,0.000000000000000000e+00,-2.413568794727325439e-01,-1.264687776565551758e+00,1.008303880691528320e+00,-6.032793521881103516e-01,1.096954122185707092e-01,1.035153388977050781e+00,5.202979445457458496e-01,6.716389060020446777e-01,2.077430784702301025e-01,-1.053610295057296753e-01,-1.465019434690475464e-01,9.926607459783554077e-02,9.050758183002471924e-02,-6.990541517734527588e-02,1.575722545385360718e-01,-8.661546111106872559e-01,-1.291583329439163208e-01,9.943471848964691162e-02,5.776637196540832520e-01,4.541462287306785583e-03,7.774124294519424438e-02
1.132244691252708435e-01,6.443224381655454636e-03,6.932365298271179199e-01,2.455124258995056152e-02,-1.459553092718124390e-02,-5.544440075755119324e-02,9.980531930923461914e-01,0.000000000000000000e+00,0.000000000000000000e+00,-1.393523812294006348e-01,-1.278954863548278809e+00,9.389167428016662598e-01,-4.172771871089935303e-01,7.049579173326492310e-02,1.084668159484863281e+00,5.574449300765991211e-01,6.044258475303649902e-01,1.733306497335433960e-01,-9.170775115489959717e-02,-1.326785981655120850e-01,1.018682643771171570e-01,8.089324086904525757e-02,-7.774785906076431274e-02,1.633642911911010742e-01,-7.220335006713867188e-01,-1.412007212638854980e-01,5.222577229142189026e-02,5.922548770904541016e-01,-2.232323773205280304e-02,4.642650857567787170e-02
1.167402490973472595e-01,1.314154360443353653e-04,6.933849453926086426e-01,2.863840945065021515e-02,-9.587622247636318207e-03,-4.864553362131118774e-02,9.983594417572021484e-01,0.000000000000000000e+00,0.000000000000000000e+00,-6.681640446186065674e-02,-1.279124855995178223e+00,8.332208991050720215e-01,-2.928598225116729736e-01,4.129337519407272339e-02,1.088387370109558105e+00,5.478855371475219727e-01,5.746974945068359375e-01,1.438264101743698120e-01,-9.676010906696319580e-02,-1.353969573974609375e-01,8.651894330978393555e-02,8.205398172140121460e-02,-8.522564172744750977e-02,1.650581508874893188e-01,-5.923379063606262207e-01,-1.578654348850250244e-01,3.945263475179672241e-02,5.885785222053527832e-01,-5.510874092578887939e-02,2.438364364206790924e-02
1.178352683782577515e-01,-2.995157847180962563e-03,6.920966506004333496e-01,2.304925397038459778e-02,-1.705761440098285675e-02,-4.987734556198120117e-02,9.983436465263366699e-01,0.000000000000000000e+00,0.000000000000000000e+00,4.125660285353660583e-02,-1.260330438613891602e+00,7.029207348823547363e-01,-1.858395487070083618e-01,3.808969631791114807e-02,1.122533559799194336e+00,5.573238134384155273e-01,5.422843098640441895e-01,1.152379065752029419e-01,-7.444439828395843506e-02,-1.127168163657188416e-01,9.675494581460952759e-02,7.991916686296463013e-02,-9.193753451108932495e-02,1.699519902467727661e-01,-4.426002204418182373e-01,-1.479964703321456909e-01,8.934208191931247711e-03,5.346956849098205566e-01,-7.967175543308258057e-02,2.141511300578713417e-03
1.199911907315254211e-01,-6.041927728801965714e-03,6.917834877967834473e-01,1.668431796133518219e-02,-1.859037019312381744e-02,-4.970783740282058716e-02,9.984514117240905762e-01,0.000000000000000000e+00,0.000000000000000000e+00,1.367755383253097534e-01,-1.224941730499267578e+00,5.710069537162780762e-01,-1.185015514492988586e-01,3.336628526449203491e-02,1.150053739547729492e+00,5.466082096099853516e-01,5.174349546432495117e-01,8.335182070732116699e-02,-5.992330238223075867e-02,-9.044541418552398682e-02,1.119870021939277649e-01,7.244303822517395020e-02,-9.865706413984298706e-02,1.702016592025756836e-01,-3.101631402969360352e-01,-1.272146999835968018e-01,-8.601623587310314178e-03,4.357950091361999512e-01,-8.947152644395828247e-02,-1.093332562595605850e-02
1.226557195186614990e-01,-9.281411767005920410e-03,6.925606727600097656e-01,9.720879606902599335e-03,-1.645179651677608490e-02,-4.602104797959327698e-02,9.987576603889465332e-01,0.000000000000000000e+00,0.000000000000000000e+00,2.112103700637817383e-01,-1.191302895545959473e+00,4.344204366207122803e-01,-7.184570282697677612e-02,3.435215726494789124e-02,1.162340044975280762e+00,5.384993553161621094e-01,5.263109207153320312e-01,5.194672942161560059e-02,-5.974651873111724854e-02,-6.736092269420623779e-02,1.211118772625923157e-01,7.716783881187438965e-02,-1.004781126976013184e-01,1.651278436183929443e-01,-2.059861570596694946e-01,-1.057189181447029114e-01,-1.773259416222572327e-02,3.143589496612548828e-01,-9.048689901828765869e-02,-1.010265108197927475e-02
1.260325461626052856e-01,-1.270279567688703537e-02,6.939122676849365234e-01,5.141456611454486847e-03,-9.166274219751358032e-03,-4.485018923878669739e-02,9.989384412765502930e-01,0.000000000000000000e+00,0.000000000000000000e+00,2.581756114959716797e-01,-1.160139918327331543e+00,3.376003503799438477e-01,-4.277169331908226013e-02,2.242401614785194397e-02,1.172202825546264648e+00,5.292011499404907227e-01,5.371229648590087891e-01,2.322814427316188812e-02,-6.570966541767120361e-02,-4.910228028893470764e-02,1.313277781009674072e-01,7.442840933799743652e-02,-9.658136963844299316e-02,1.566649079322814941e-01,-1.501153111457824707e-01,-8.385656028985977173e-02,-1.263090502470731735e-02,2.059062421321868896e-01,-9.533498436212539673e-02,-9.503007866442203522e-03
1.277205795049667358e-01,-1.677634380757808685e-02,6.942993998527526855e-01,-8.709320100024342537e-04,-7.869214750826358795e-03,-3.942661359906196594e-02,9.991911053657531738e-01,0.000000000000000000e+00,0.000000000000000000e+00,3.131778836250305176e-01,-1.130433201789855957e+00,2.920247912406921387e-01,-4.153015092015266418e-02,2.523399889469146729e-02,1.208292961120605469e+00,4.988835453987121582e-01,5.292070508003234863e-01,-1.912908628582954407e-02,-4.722383245825767517e-02,-2.745353616774082184e-02,1.544519215822219849e-01,5.001070350408554077e-02,-7.973617315292358398e-02,1.413654685020446777e-01,-9.864420443773269653e-02,-5.827497318387031555e-02,-3.927371464669704437e-03,1.049217432737350464e-01,-8.031885325908660889e-02,-1.787932030856609344e-02
1.299625635147094727e-01,-2.114035747945308685e-02,6.952290534973144531e-01,8.086680900305509567e-04,-8.616615086793899536e-04,-4.146083816885948181e-02,9.991394281387329102e-01,0.000000000000000000e+00,0.000000000000000000e+00,3.231070935726165771e-01,-1.131940364837646484e+00,2.677473723888397217e-01,-5.284389853477478027e-02,1.244311966001987457e-02,1.209873914718627930e+00,4.966976642608642578e-01,5.405105948448181152e-01,-3.090239875018596649e-02,-5.244087800383567810e-02,-2.208544127643108368e-02,1.608345657587051392e-01,4.104822874069213867e-02,-7.272679358720779419e-02,1.296059936285018921e-01,-9.404095262289047241e-02,-5.182735621929168701e-02,-1.282336423173546791e-03,6.701686978340148926e-02,-7.873149216175079346e-02,-2.206996083259582520e-02
1.315244585275650024e-01,-2.519005350768566132e-02,6.961143612861633301e-01,1.246406231075525284e-03,5.486790090799331665e-03,-4.320833459496498108e-02,9.990502595901489258e-01,0.000000000000000000e+00,0.000000000000000000e+00,3.166030049324035645e-01,-1.147478103637695312e+00,2.678118944168090820e-01,-8.411481231451034546e-02,4.619547689799219370e-04,1.212485790252685547e+00,4.973875284194946289e-01,5.479335188865661621e-01,-3.318311274051666260e-02,-5.926598235964775085e-02,-1.435841433703899384e-02,1.619024574756622314e-01,3.334030508995056152e-02,-6.663270294666290283e-02,1.216154694557189941e-01,-9.433470666408538818e-02,-4.337942227721214294e-02,-9.314197086496278644e-05,4.314989969134330750e-02,-7.673680782318115234e-02,-2.262229286134243011e-02
1.322074085474014282e-01,-2.903686650097370148e-02,6.967300176620483398e-01,2.085044048726558685e-03,1.008387189358472824e-02,-4.605296626687049866e-02,9.988859295845031738e-01,0.000000000000000000e+00,0.000000000000000000e+00,2.902816236019134521e-01,-1.170595169067382812e+00,2.930741012096405029e-01,-1.326467841863632202e-01,-1.066352240741252899e-02,1.214522600173950195e+00,4.993979334831237793e-01,5.492901206016540527e-01,-2.932931296527385712e-02,-6.154383718967437744e-02,-8.554452098906040192e-03,1.594545990228652954e-01,2.045342512428760529e-02,-5.793006718158721924e-02,1.165745034813880920e-01,-9.511194378137588501e-02,-3.662050887942314148e-02,-2.509477082639932632e-03,2.646263688802719116e-02,-7.688815891742706299e-02,-2.277331799268722534e-02
1.324859410524368286e-01,-3.270896151661872864e-02,6.973210573196411133e-01,3.277111332863569260e-03,1.463702972978353500e-02,-4.879646748304367065e-02,9.986960887908935547e-01,0.000000000000000000e+00,0.000000000000000000e+00,2.459243237972259521e-01,-1.196605801582336426e+00,3.222291171550750732e-01,-1.932399719953536987e-01,-2.353015169501304626e-02,1.211758136749267578e+00,5.050505399703979492e-01,5.526525378227233887e-01,-2.050095424056053162e-02,-6.479565799236297607e-02,-4.492557607591152191e-03,1.531924009323120117e-01,6.301376037299633026e-03,-4.987179860472679138e-02,1.138754412531852722e-01,-9.856584668159484863e-02,-3.160141035914421082e-02,-8.702856488525867462e-03,1.553402468562126160e-02,-7.966383546590805054e-02,-2.118762023746967316e-02
1.328509449958801270e-01,-3.646456822752952576e-02,6.981375813484191895e-01,8.904739283025264740e-03,2.047442458570003510e-02,-5.412041768431663513e-02,9.982847571372985840e-01,0.000000000000000000e+00,0.000000000000000000e+00,1.774173378944396973e-01,-1.221212744712829590e+00,3.521419167518615723e-01,-2.777214050292968750e-01,-4.045701771974563599e-02,1.184084177017211914e+00,5.177636742591857910e-01,5.782200098037719727e-01,6.012352183461189270e-03,-8.117055147886276245e-02,-1.107820775359869003e-02,1.271898150444030762e-01,6.194911897182464600e-03,-4.618206620216369629e-02,1.136966496706008911e-01,-1.108172386884689331e-01,-3.845917060971260071e-02,-2.562534250319004059e-02,2.125564962625503540e-02,-9.834758192300796509e-02,-1.953201368451118469e-02
1.320471316576004028e-01,-4.021084308624267578e-02,6.980004310607910156e-01,1.114984229207038879e-02,2.093669585883617401e-02,-5.367908626794815063e-02,9.982764720916748047e-01,0.000000000000000000e+00,0.000000000000000000e+00,1.255519390106201172e-01,-1.228767633438110352e+00,3.841368257999420166e-01,-3.865967690944671631e-01,-4.423626884818077087e-02,1.178436398506164551e+00,5.063099861145019531e-01,5.936006903648376465e-01,1.108932495117187500e-02,-8.161616325378417969e-02,-1.004394609481096268e-02,1.190216168761253357e-01,3.871819842515833443e-08,-3.912301361560821533e-02,1.109306439757347107e-01,-1.077828779816627502e-01,-3.752433881163597107e-02,-3.514141216874122620e-02,1.405656151473522186e-02,-1.063828840851783752e-01,-2.192751131951808929e-02
1.316514462232589722e-01,-4.353809356689453125e-02,6.979385018348693848e-01,1.341439038515090942e-02,2.260707877576351166e-02,-5.359355732798576355e-02,9.982167482376098633e-01,0.000000000000000000e+00,0.000000000000000000e+00,7.829575985670089722e-02,-1.227659821510314941e+00,4.079037308692932129e-01,-5.075922012329101562e-01,-4.563830047845840454e-02,1.165383696556091309e+00,4.966178834438323975e-01,6.245368123054504395e-01,1.470238994807004929e-02,-8.686507493257522583e-02,-9.296767413616180420e-03,1.136037036776542664e-01,2.419871215301322431e-13,-3.908393159508705139e-02,1.024162620306015015e-01,-1.052444502711296082e-01,-3.677032142877578735e-02,-4.068751633167266846e-02,2.878064755350351334e-03,-1.124870404601097107e-01,-2.301159687340259552e-02
1.318449229001998901e-01,-4.615195840597152710e-02,6.981830000877380371e-01,1.582876592874526978e-02,2.597442455589771271e-02,-5.619347095489501953e-02,9.979564547538757324e-01,0.000000000000000000e+00,0.000000000000000000e+00,3.548561036586761475e-02,-1.217843770980834961e+00,4.319536685943603516e-01,-6.343168020248413086e-01,-5.244263634085655212e-02,1.151623845100402832e+00,4.776425957679748535e-01,6.637245416641235352e-01,1.880744472146034241e-02,-9.403720498085021973e-02,-9.650154970586299896e-03,1.114244014024734497e-01,9.322722550166647349e-19,-4.028475657105445862e-02,9.608168154954910278e-02,-1.111630424857139587e-01,-3.677071630954742432e-02,-4.241735488176345825e-02,1.798790449925036228e-08,-1.203870996832847595e-01,-2.048331685364246368e-02
1.316970139741897583e-01,-4.832297563552856445e-02,6.981909275054931641e-01,1.897187903523445129e-02,2.706416882574558258e-02,-5.948102474212646484e-02,9.976820945739746094e-01,0.000000000000000000e+00,0.000000000000000000e+00,-3.600860713049769402e-03,-1.201168775558471680e+00,4.543657600879669189e-01,-7.616807222366333008e-01,-5.489034950733184814e-02,1.133259296417236328e+00,4.566769003868103027e-01,7.099967598915100098e-01,2.268425188958644867e-02,-9.617909789085388184e-02,-1.247844379395246506e-02,1.122615635395050049e-01,-7.593749633808308903e-18,-4.063686728477478027e-02,8.787478506565093994e-02,-1.142171472311019897e-01,-3.962028771638870239e-02,-4.445105418562889099e-02,1.124241487664850991e-13,-1.266046464443206787e-01,-1.664378121495246887e-02
1.311158984899520874e-01,-4.963299632072448730e-02,6.980150938034057617e-01,2.086541056632995605e-02,2.559859491884708405e-02,-6.289674341678619385e-02,9.974734783172607422e-01,0.000000000000000000e+00,0.000000000000000000e+00,-3.458091989159584045e-02,-1.182037115097045898e+00,4.726953208446502686e-01,-8.740156292915344238e-01,-5.586454644799232483e-02,1.115351080894470215e+00,4.308281242847442627e-01,7.563092708587646484e-01,2.854649536311626434e-02,-9.318181127309799194e-02,-1.402563322335481644e-02,1.141584068536758423e-01,5.769703886565575668e-18,-3.950438275933265686e-02,8.257679641246795654e-02,-1.115999743342399597e-01,-4.132702946662902832e-02,-4.818823188543319702e-02,-2.488900436388354759e-18,-1.284034252166748047e-01,-1.286198198795318604e-02
1.306462883949279785e-01,-5.038542300462722778e-02,6.978417634963989258e-01,2.326996251940727234e-02,2.421373687684535980e-02,-6.730654090642929077e-02,9.971669912338256836e-01,0.000000000000000000e+00,0.000000000000000000e+00,-6.335441768169403076e-02,-1.163901090621948242e+00,4.921611547470092773e-01,-9.679682850837707520e-01,-5.316566675901412964e-02,1.098070502281188965e+00,4.116858243942260742e-01,7.996962070465087891e-01,3.311114013195037842e-02,-8.979756385087966919e-02,-1.755314134061336517e-02,1.163446381688117981e-01,8.873259075084933807e-18,-3.958918899297714233e-02,7.984168827533721924e-02,-1.098959818482398987e-01,-4.493501037359237671e-02,-4.760604351758956909e-02,1.257632168435822428e-18,-1.298520714044570923e-01,-8.842486888170242310e-03
1.298630386590957642e-01,-5.043851211667060852e-02,6.975070238113403320e-01,2.457792870700359344e-02,2.131072990596294403e-02,-7.123757153749465942e-02,9.969287514686584473e-01,0.000000000000000000e+00,0.000000000000000000e+00,-7.552327960729598999e-02,-1.150539278984069824e+00,5.026761889457702637e-01,-1.033622980117797852e+00,-5.171816051006317139e-02,1.089814186096191406e+00,4.034448266029357910e-01,8.267723321914672852e-01,3.880544751882553101e-02,-8.361045271158218384e-02,-1.985147222876548767e-02,1.208610609173774719e-01,5.756713842226042922e-19,-4.019295051693916321e-02,8.050481975078582764e-02,-1.046262308955192566e-01,-4.745253548026084900e-02,-4.969440400600433350e-02,1.057732392883807548e-18,-1.308721452951431274e-01,-5.012657027691602707e-03
1.291630119085311890e-01,-4.991512745618820190e-02,6.971820592880249023e-01,2.487971074879169464e-02,1.856695860624313354e-02,-7.447736710309982300e-02,9.967393875122070312e-01,0.000000000000000000e+00,0.000000000000000000e+00,-7.385545969009399414e-02,-1.138781070709228516e+00,5.110234022140502930e-01,-1.079697012901306152e+00,-4.644159227609634399e-02,1.082412123680114746e+00,3.980777561664581299e-01,8.479012846946716309e-01,4.409293457865715027e-02,-7.779993116855621338e-02,-2.103035897016525269e-02,1.237160041928291321e-01,7.270116873508161931e-18,-4.190636053681373596e-02,8.164004236459732056e-02,-9.933497756719589233e-02,-4.873968660831451416e-02,-5.212444439530372620e-02,-2.682553343954369174e-18,-1.304225325584411621e-01,-2.171554835513234138e-03
1.283754557371139526e-01,-4.913903772830963135e-02,6.968028545379638672e-01,2.463815174996852875e-02,1.538361236453056335e-02,-7.609309256076812744e-02,9.966775774955749512e-01,0.000000000000000000e+00,0.000000000000000000e+00,-6.784279644489288330e-02,-1.130583167076110840e+00,5.200261473655700684e-01,-1.094729661941528320e+00,-4.134114459156990051e-02,1.076380610466003418e+00,3.974256813526153564e-01,8.585871458053588867e-01,4.784311354160308838e-02,-7.149986177682876587e-02,-2.172254025936126709e-02,1.255075037479400635e-01,7.894936021006216916e-18,-4.466000571846961975e-02,8.525807410478591919e-02,-9.295096248388290405e-02,-4.954351112246513367e-02,-5.364564061164855957e-02,-2.183862696258399849e-18,-1.293697059154510498e-01,-2.141352706530597061e-05
1.278150975704193115e-01,-4.809650406241416931e-02,6.965875029563903809e-01,2.373562939465045929e-02,1.319849863648414612e-02,-7.715069502592086792e-02,9.966495037078857422e-01,0.000000000000000000e+00,0.000000000000000000e+00,-6.301682442426681519e-02,-1.137015223503112793e+00,5.317515730857849121e-01,-1.090943336486816406e+00,-3.527788072824478149e-02,1.074298024177551270e+00,4.034435749053955078e-01,8.542509078979492188e-01,5.011582002043724060e-02,-6.718955188989639282e-02,-2.141830138862133026e-02,1.258907914161682129e-01,-1.092877642749960588e-18,-4.710659757256507874e-02,8.599546551704406738e-02,-8.877359330654144287e-02,-4.911027103662490845e-02,-5.184076726436614990e-02,-2.543931108180282584e-18,-1.263320744037628174e-01,7.878516917116940022e-04
1.271394789218902588e-01,-4.708835110068321228e-02,6.963514685630798340e-01,2.290843427181243896e-02,1.060730032622814178e-02,-7.719393074512481689e-02,9.966964125633239746e-01,0.000000000000000000e+00,0.000000000000000000e+00,-4.197273403406143188e-02,-1.153229236602783203e+00,5.425360202789306641e-01,-1.045998930931091309e+00,-2.458747476339340210e-02,1.082255721092224121e+00,4.147419631481170654e-01,8.352664709091186523e-01,5.027167499065399170e-02,-6.224790960550308228e-02,-2.139890938997268677e-02,1.254497617483139038e-01,2.058084921036036673e-18,-4.831791296601295471e-02,8.928739279508590698e-02,-8.388287574052810669e-02,-4.902675375342369080e-02,-5.117354169487953186e-02,1.853546316608824414e-18,-1.234765872359275818e-01,3.621605865191668272e-04
1.266356259584426880e-01,-4.593046754598617554e-02,6.960183382034301758e-01,2.161021344363689423e-02,8.705622516572475433e-03,-7.765404880046844482e-02,9.967080950736999512e-01,0.000000000000000000e+00,0.000000000000000000e+00,-2.106919139623641968e-02,-1.168525218963623047e+00,5.556592345237731934e-01,-9.716265797615051270e-01,-1.608770154416561127e-02,1.097955346107482910e+00,4.345638751983642578e-01,7.979584932327270508e-01,5.045394226908683777e-02,-5.851955339312553406e-02,-2.031207457184791565e-02,1.260272115468978882e-01,3.527382682056828247e-18,-5.269107595086097717e-02,9.334560483694076538e-02,-8.040821552276611328e-02,-4.783575981855392456e-02,-5.112067982554435730e-02,4.129947362354756575e-19,-1.248802393674850464e-01,5.624038167297840118e-04
1.260383129119873047e-01,-4.522254690527915955e-02,6.957724094390869141e-01,2.092231251299381256e-02,6.494359113276004791e-03,-7.562528550624847412e-02,9.968956112861633301e-01,0.000000000000000000e+00,0.000000000000000000e+00,-6.931762211024761200e-03,-1.197517633438110352e+00,5.677846074104309082e-01,-8.570725917816162109e-01,-1.323900371789932251e-02,1.118048787117004395e+00,4.578988254070281982e-01,7.531557679176330566e-01,4.881064593791961670e-02,-5.475702136754989624e-02,-2.069643884897232056e-02,1.236575618386268616e-01,3.777323575945851089e-18,-5.515243113040924072e-02,9.849327802658081055e-02,-7.566292583942413330e-02,-4.813874512910842896e-02,-5.267331749200820923e-02,-5.768691417495810762e-19,-1.242358759045600891e-01,-5.114824743941426277e-04
1.257134526968002319e-01,-4.465134069323539734e-02,6.957190036773681641e-01,2.032590843737125397e-02,5.314534530043601990e-03,-7.351285219192504883e-02,9.970729351043701172e-01,0.000000000000000000e+00,0.000000000000000000e+00,7.697813678532838821e-03,-1.227586746215820312e+00,5.749597549438476562e-01,-7.288762927055358887e-01,-1.041497383266687393e-02,1.139855265617370605e+00,4.879875183105468750e-01,6.959956884384155273e-01,4.558788985013961792e-02,-5.286704376339912415e-02,-2.086489088833332062e-02,1.222127676010131836e-01,-1.755508870409039574e-18,-5.459822341799736023e-02,9.692826122045516968e-02,-7.326016575098037720e-02,-4.812869429588317871e-02,-5.069843307137489319e-02,5.524018009747525600e-18,-1.232073828577995300e-01,-3.408970078453421593e-03
1.254626959562301636e-01,-4.435077682137489319e-02,6.956555247306823730e-01,2.018564194440841675e-02,4.182690754532814026e-03,-7.060131430625915527e-02,9.972915649414062500e-01,0.000000000000000000e+00,0.000000000000000000e+00,2.022477239370346069e-02,-1.255092859268188477e+00,5.836384296417236328e-01,-5.970547199249267578e-01,-8.879892528057098389e-03,1.160751223564147949e+00,5.192561745643615723e-01,6.392257213592529297e-01,4.197801277041435242e-02,-5.126230418682098389e-02,-2.181000821292400360e-02,1.205432936549186707e-01,6.609285590861998334e-18,-5.298385024070739746e-02,9.563974291086196899e-02,-7.064890861511230469e-02,-4.919723048806190491e-02,-5.294002965092658997e-02,-1.452304162516502174e-18,-1.208680123090744019e-01,-5.215388257056474686e-03
1.251212507486343384e-01,-4.395425692200660706e-02,6.954410076141357422e-01,1.995041035115718842e-02,2.088482258841395378e-03,-6.861528009176254272e-02,9.974415302276611328e-01,0.000000000000000000e+00,0.000000000000000000e+00,3.187428787350654602e-02,-1.277759075164794922e+00,5.902110338211059570e-01,-4.785112142562866211e-01,-8.127292618155479431e-03,1.180276393890380859e+00,5.478804111480712891e-01,5.857328176498413086e-01,4.043987765908241272e-02,-4.765044525265693665e-02,-2.237449772655963898e-02,1.205510050058364868e-01,-5.627389116537052363e-18,-4.976014420390129089e-02,9.483359009027481079e-02,-6.587052345275878906e-02,-5.013070628046989441e-02,-5.577091500163078308e-02,-9.879845236333362549e-20,-1.184370517730712891e-01,-7.346082478761672974e-03
1.255004405975341797e-01,-4.381855577230453491e-02,6.955307126045227051e-01,1.967103593051433563e-02,2.681327983736991882e-03,-6.512577831745147705e-02,9.976795315742492676e-01,0.000000000000000000e+00,0.000000000000000000e+00,5.005411803722381592e-02,-1.292779088020324707e+00,5.893511772155761719e-01,-3.917810618877410889e-01,-4.988105501979589462e-03,1.193974494934082031e+00,5.690624117851257324e-01,5.473817586898803711e-01,3.630552813410758972e-02,-4.899394139647483826e-02,-2.289332635700702667e-02,1.182351186871528625e-01,2.240355823373321427e-18,-4.866428300738334656e-02,9.398183226585388184e-02,-6.603247672319412231e-02,-5.063445866107940674e-02,-5.661195516586303711e-02,-3.696372372478961589e-19,-1.159354299306869507e-01,-7.439970970153808594e-03
1.259677261114120483e-01,-4.358892515301704407e-02,6.955927014350891113e-01,1.915463432669639587e-02,3.096640342846512794e-03,-6.218968704342842102e-02,9.978757500648498535e-01,0.000000000000000000e+00,0.000000000000000000e+00,6.554117053747177124e-02,-1.303139686584472656e+00,5.807682275772094727e-01,-3.248086869716644287e-01,-2.263315720483660698e-03,1.207266926765441895e+00,5.817261934280395508e-01,5.133962631225585938e-01,3.355237096548080444e-02,-4.982946440577507019e-02,-2.278746478259563446e-02,1.184198707342147827e-01,4.813853675368699432e-18,-4.825453087687492371e-02,9.359040111303329468e-02,-6.553989648818969727e-02,-5.069444328546524048e-02,-5.945077165961265564e-02,7.120238363958453741e-19,-1.143714040517807007e-01,-8.398956619203090668e-03
1.269202679395675659e-01,-4.358995705842971802e-02,6.958450078964233398e-01,1.863784901797771454e-02,5.290005821734666824e-03,-5.785347893834114075e-02,9.981370568275451660e-01,0.000000000000000000e+00,0.000000000000000000e+00,8.004532754421234131e-02,-1.308279752731323242e+00,5.649292469024658203e-01,-2.828346192836761475e-01,2.329173265025019646e-03,1.217146873474121094e+00,5.852727293968200684e-01,4.896089732646942139e-01,2.955758385360240936e-02,-5.415163934230804443e-02,-2.273218147456645966e-02,1.163850203156471252e-01,5.133211566263172357e-18,-5.008459836244583130e-02,9.343626350164413452e-02,-6.797689944505691528e-02,-5.056248232722282410e-02,-6.171224266290664673e-02,-1.334831280644171395e-18,-1.142057180404663086e-01,-9.064728394150733948e-03
1.277507692575454712e-01,-4.371870309114456177e-02,6.960137486457824707e-01,1.878720335662364960e-02,6.697411183267831802e-03,-5.386205017566680908e-02,9.983491897583007812e-01,0.000000000000000000e+00,0.000000000000000000e+00,9.245078265666961670e-02,-1.307718396186828613e+00,5.452822446823120117e-01,-2.671989500522613525e-01,6.632635835558176041e-03,1.222932338714599609e+00,5.830991864204406738e-01,4.757655560970306396e-01,2.492954209446907043e-02,-5.673452839255332947e-02,-2.397651597857475281e-02,1.133545264601707458e-01,-1.206062420326816471e-18,-5.030171945691108704e-02,9.429723769426345825e-02,-6.905190646648406982e-02,-5.181955918669700623e-02,-6.529071182012557983e-02,4.121543207331217814e-18,-1.151280254125595093e-01,-1.036662328988313675e-02
1.285084336996078491e-01,-4.400411620736122131e-02,6.961516141891479492e-01,1.910933665931224823e-02,7.778253871947526932e-03,-4.920514672994613647e-02,9.985755681991577148e-01,0.000000000000000000e+00,0.000000000000000000e+00,9.700996428728103638e-02,-1.305531740188598633e+00,5.304018259048461914e-01,-2.683943510055541992e-01,1.262351963669061661e-02,1.224379777908325195e+00,5.766135454177856445e-01,4.716553092002868652e-01,2.018204331398010254e-02,-5.889276787638664246e-02,-2.564818412065505981e-02,1.072977557778358459e-01,3.863509178328976149e-18,-5.030759796500205994e-02,9.670512378215789795e-02,-6.914741545915603638e-02,-5.346218869090080261e-02,-7.058092951774597168e-02,4.177870898323628786e-18,-1.158215329051017761e-01,-1.011629030108451843e-02
1.287648379802703857e-01,-4.423295333981513977e-02,6.960253715515136719e-01,1.928084716200828552e-02,6.835734937340021133e-03,-4.492240026593208313e-02,9.987810254096984863e-01,0.000000000000000000e+00,0.000000000000000000e+00,9.753284603357315063e-02,-1.303666710853576660e+00,5.196011662483215332e-01,-2.782161831855773926e-01,1.804844290018081665e-02,1.226035237312316895e+00,5.636157989501953125e-01,4.688789248466491699e-01,1.598652638494968414e-02,-5.711491033434867859e-02,-2.688618004322052002e-02,1.029398515820503235e-01,9.607358707668594384e-18,-4.967465996742248535e-02,1.010252013802528381e-01,-6.544098258018493652e-02,-5.494756624102592468e-02,-7.707542926073074341e-02,3.557406029570052940e-19,-1.160445958375930786e-01,-1.251231878995895386e-02
1.293109655380249023e-01,-4.473285377025604248e-02,6.960821151733398438e-01,1.919457130134105682e-02,7.605035323649644852e-03,-3.857100009918212891e-02,9.990425705909729004e-01,0.000000000000000000e+00,0.000000000000000000e+00,9.165247529745101929e-02,-1.300186038017272949e+00,5.092460513114929199e-01,-2.960690855979919434e-01,2.671085111796855927e-02,1.227343678474426270e+00,5.494766235351562500e-01,4.684234857559204102e-01,1.073810271918773651e-02,-5.930461362004280090e-02,-2.758255973458290100e-02,9.633716195821762085e-02,6.304704454430172696e-19,-5.143346637487411499e-02,1.020601540803909302e-01,-6.460218876600265503e-02,-5.558232590556144714e-02,-8.087641000747680664e-02,-7.454511975658482861e-18,-1.177673935890197754e-01,-1.520866528153419495e-02
1.292637735605239868e-01,-4.498685523867607117e-02,6.959313154220581055e-01,1.867632195353507996e-02,6.099749822169542313e-03,-3.374031558632850647e-02,9.992374777793884277e-01,0.000000000000000000e+00,0.000000000000000000e+00,7.294914126396179199e-02,-1.298194527626037598e+00,4.994277358055114746e-01,-3.217175304889678955e-01,3.428852930665016174e-02,1.229834437370300293e+00,5.330192446708679199e-01,4.674076437950134277e-01,7.754991296678781509e-03,-5.700471252202987671e-02,-2.724477834999561310e-02,9.160736948251724243e-02,-1.270570927577376887e-18,-5.010508000850677490e-02,1.067606955766677856e-01,-5.957200378179550171e-02,-5.542033910751342773e-02,-8.665748685598373413e-02,-1.609078049652452403e-18,-1.171348541975021362e-01,-1.860098168253898621e-02
1.293663829565048218e-01,-4.530507698655128479e-02,6.959160566329956055e-01,1.882050372660160065e-02,5.767599679529666901e-03,-3.003823757171630859e-02,9.993548989295959473e-01,0.000000000000000000e+00,0.000000000000000000e+00,5.688548833131790161e-02,-1.296556830406188965e+00,4.933934211730957031e-01,-3.550546765327453613e-01,3.929263725876808167e-02,1.231027722358703613e+00,5.186684727668762207e-01,4.712071716785430908e-01,5.082774907350540161e-03,-5.693032592535018921e-02,-2.814405970275402069e-02,8.648499846458435059e-02,6.961044146350173353e-18,-4.957100749015808105e-02,1.097993403673171997e-01,-5.749776214361190796e-02,-5.633689090609550476e-02,-9.080643206834793091e-02,5.411283218423898565e-19,-1.172568574547767639e-01,-2.196779660880565643e-02
1.292537450790405273e-01,-4.544506222009658813e-02,6.958221793174743652e-01,1.844751276075839996e-02,4.850316327065229416e-03,-2.719473652541637421e-02,9.994481801986694336e-01,0.000000000000000000e+00,0.000000000000000000e+00,3.986566141247749329e-02,-1.294147372245788574e+00,4.891113638877868652e-01,-3.927126526832580566e-01,4.112336412072181702e-02,1.230570554733276367e+00,5.051928162574768066e-01,4.811522960662841797e-01,3.311727661639451981e-03,-5.564695969223976135e-02,-2.787764742970466614e-02,8.188336342573165894e-02,-8.644029129373013672e-18,-4.818606376647949219e-02,1.122902631759643555e-01,-5.457856878638267517e-02,-5.605807527899742126e-02,-9.440165758132934570e-02,2.315927044136166036e-18,-1.173268780112266541e-01,-2.432291209697723389e-02
1.290699988603591919e-01,-4.567493125796318054e-02,6.957125663757324219e-01,1.880352199077606201e-02,4.041853360831737518e-03,-2.515729144215583801e-02,9.994984865188598633e-01,0.000000000000000000e+00,0.000000000000000000e+00,2.343543246388435364e-02,-1.290259957313537598e+00,4.866421222686767578e-01,-4.334074258804321289e-01,3.877105936408042908e-02,1.225873231887817383e+00,4.962865114212036133e-01,4.982525706291198730e-01,2.129162428900599480e-03,-5.464521422982215881e-02,-2.899963408708572388e-02,7.839343696832656860e-02,-9.148053437658724919e-18,-4.821050539612770081e-02,1.137654706835746765e-01,-5.233397334814071655e-02,-5.711427330970764160e-02,-9.508975595235824585e-02,2.725129984443698614e-19,-1.182790622115135193e-01,-2.771469391882419586e-02
1.289188563823699951e-01,-4.564320668578147888e-02,6.956889033317565918e-01,1.853033900260925293e-02,3.747691167518496513e-03,-2.423266135156154633e-02,9.995275735855102539e-01,0.000000000000000000e+00,0.000000000000000000e+00,6.926596630364656448e-03,-1.286923408508300781e+00,4.824442565441131592e-01,-4.716373085975646973e-01,3.568707406520843506e-02,1.219531893730163574e+00,4.847714304924011230e-01,5.161390304565429688e-01,2.779528731480240822e-03,-5.459719523787498474e-02,-2.883120812475681305e-02,7.462783157825469971e-02,8.790446715239799995e-18,-4.855988174676895142e-02,1.158606708049774170e-01,-5.130242556333541870e-02,-5.681292712688446045e-02,-9.612249583005905151e-02,-1.574621014055943482e-19,-1.182503998279571533e-01,-2.978310920298099518e-02
1.287482082843780518e-01,-4.575401917099952698e-02,6.957867145538330078e-01,1.891705021262168884e-02,3.822504542768001556e-03,-2.331715077161788940e-02,9.995418190956115723e-01,0.000000000000000000e+00,0.000000000000000000e+00,-1.117971725761890411e-02,-1.285833120346069336e+00,4.762924313545227051e-01,-5.074437260627746582e-01,3.544863685965538025e-02,1.212728977203369141e+00,4.724474251270294189e-01,5.344437360763549805e-01,3.520035184919834137e-03,-5.548854172229766846e-02,-3.004582226276397705e-02,7.110508531332015991e-02,4.596369694355032290e-18,-4.776246845722198486e-02,1.150736734271049500e-01,-5.125560984015464783e-02,-5.785306543111801147e-02,-9.636449813842773438e-02,7.698801571602543418e-19,-1.161791011691093445e-01,-3.283590450882911682e-02
1.284324675798416138e-01,-4.525376856327056885e-02,6.957948803901672363e-01,1.825474575161933899e-02,3.674019593745470047e-03,-2.522917650640010834e-02,9.995082616806030273e-01,0.000000000000000000e+00,0.000000000000000000e+00,-2.564441412687301636e-02,-1.283334732055664062e+00,4.743756651878356934e-01,-5.392229557037353516e-01,3.469333797693252563e-02,1.208386898040771484e+00,4.605191648006439209e-01,5.481430292129516602e-01,5.282200872898101807e-03,-5.526472255587577820e-02,-2.887988463044166565e-02,7.156272977590560913e-02,2.777095124885504919e-18,-4.904875531792640686e-02,1.174637079238891602e-01,-5.198735371232032776e-02,-5.663246288895606995e-02,-9.469161182641983032e-02,5.820534715894609690e-05,-1.152597069740295410e-01,-3.344611078500747681e-02
1.280388832092285156e-01,-4.484872519969940186e-02,6.958230137825012207e-01,1.771289110183715820e-02,3.588701598346233368e-03,-2.637484297156333923e-02,9.994887113571166992e-01,0.000000000000000000e+00,0.000000000000000000e+00,-3.485377132892608643e-02,-1.281754970550537109e+00,4.724958837032318115e-01,-5.657147765159606934e-01,3.538674488663673401e-02,1.205181598663330078e+00,4.523990750312805176e-01,5.598622560501098633e-01,6.705610547214746475e-03,-5.556103587150573730e-02,-2.797664329409599304e-02,7.313778251409530640e-02,-4.008022594425665402e-18,-4.951926693320274353e-02,1.178888455033302307e-01,-5.279977247118949890e-02,-5.573516339063644409e-02,-9.351676702499389648e-02,9.160500485450029373e-05,-1.138140708208084106e-01,-3.414414077997207642e-02
1.273308694362640381e-01,-4.431835189461708069e-02,6.957322955131530762e-01,1.731537841260433197e-02,2.404195955023169518e-03,-2.845435217022895813e-02,9.994422197341918945e-01,0.000000000000000000e+00,0.000000000000000000e+00,-3.948432952165603638e-02,-1.280502796173095703e+00,4.711075127124786377e-01,-5.856345295906066895e-01,3.611895442008972168e-02,1.202893018722534180e+00,4.458972811698913574e-01,5.705862045288085938e-01,8.459191769361495972e-03,-5.358908697962760925e-02,-2.736290358006954193e-02,7.586834579706192017e-02,-1.558027770968129747e-19,-4.914817586541175842e-02,1.199871078133583069e-01,-5.173230916261672974e-02,-5.523012578487396240e-02,-9.422246366739273071e-02,2.930757000285666436e-05,-1.122130677103996277e-01,-3.185202926397323608e-02
1.267556846141815186e-01,-4.372605308890342712e-02,6.957102417945861816e-01,1.658767275512218475e-02,1.981919864192605019e-03,-3.037024661898612976e-02,9.993991255760192871e-01,0.000000000000000000e+00,0.000000000000000000e+00,-4.048672318458557129e-02,-1.278471112251281738e+00,4.728107154369354248e-01,-5.984485149383544922e-01,3.624397888779640198e-02,1.201681613922119141e+00,4.408383369445800781e-01,5.789055228233337402e-01,1.057074870914220810e-02,-5.325386300683021545e-02,-2.607855387032032013e-02,7.893873006105422974e-02,-3.275795698748824880e-18,-5.002946779131889343e-02,1.206434369087219238e-01,-5.212980881333351135e-02,-5.398286506533622742e-02,-9.388683736324310303e-02,5.437169420474674553e-06,-1.115443482995033264e-01,-3.105632588267326355e-02
1.260521262884140015e-01,-4.323634877800941467e-02,6.956123709678649902e-01,1.603871025145053864e-02,9.260660735890269279e-04,-3.172100707888603210e-02,9.993676543235778809e-01,0.000000000000000000e+00,0.000000000000000000e+00,-3.877574950456619263e-02,-1.276251435279846191e+00,4.763503074645996094e-01,-6.045514941215515137e-01,3.623700141906738281e-02,1.200854897499084473e+00,4.374454319477081299e-01,5.838669538497924805e-01,1.287121791392564774e-02,-5.192613601684570312e-02,-2.518909983336925507e-02,8.194983005523681641e-02,6.063548218646463007e-19,-5.003007873892784119e-02,1.212309747934341431e-01,-5.103354156017303467e-02,-5.322290584444999695e-02,-9.386123716831207275e-02,6.702009704895317554e-05,-1.100515350699424744e-01,-2.928233146667480469e-02
1.255099624395370483e-01,-4.286850616335868835e-02,6.955734491348266602e-01,1.561675127595663071e-02,3.988923563156276941e-04,-3.245719522237777710e-02,9.993510246276855469e-01,0.000000000000000000e+00,0.000000000000000000e+00,-3.851643204689025879e-02,-1.274776220321655273e+00,4.807696044445037842e-01,-6.073446273803710938e-01,3.613467887043952942e-02,1.199805378913879395e+00,4.364283084869384766e-01,5.873683691024780273e-01,1.549646537750959396e-02,-5.176616087555885315e-02,-2.457043342292308807e-02,8.542054891586303711e-02,5.673200033221464141e-18,-5.116583034396171570e-02,1.202740967273712158e-01,-5.068084970116615295e-02,-5.276406183838844299e-02,-9.397460520267486572e-02,1.712132507236674428e-04,-1.080942302942276001e-01,-2.733749337494373322e-02
