-5.162772163748741150e-02,3.252283483743667603e-02,6.915956139564514160e-01,7.264540530741214752e-03,-6.521995645016431808e-03,-3.120790719985961914e-01,9.500059485435485840e-01,0.000000000000000000e+00,0.000000000000000000e+00,-5.152404680848121643e-02,-1.290377140045166016e+00,5.303865075111389160e-01,-6.914025545120239258e-01,-2.207792550325393677e-02,1.258826136589050293e+00,3.575161993503570557e-01,5.582116246223449707e-01,4.647163301706314087e-02,-5.726405605673789978e-02,-7.194664329290390015e-02,-2.258916199207305908e-02,4.967702651858662156e-18,-2.531288377940654755e-02,7.050304114818572998e-02,-5.638547986745834351e-02,4.044591262936592102e-02,-9.217309951782226562e-02,-4.159355287492241815e-18,-5.928833037614822388e-02,4.236778616905212402e-02
-5.199180543422698975e-02,3.259850665926933289e-02,6.915013790130615234e-01,7.305672392249107361e-03,-7.214578334242105484e-03,-3.123708665370941162e-01,9.499047398567199707e-01,0.000000000000000000e+00,0.000000000000000000e+00,-6.152426823973655701e-02,-1.298489212989807129e+00,5.326817035675048828e-01,-6.724340319633483887e-01,-2.879780344665050507e-02,1.262504816055297852e+00,3.658740222454071045e-01,5.498557686805725098e-01,5.081538483500480652e-02,-5.724374577403068542e-02,-7.279480248689651489e-02,-2.866242267191410065e-02,-2.212754460693652000e-18,-2.193062566220760345e-02,7.340158522129058838e-02,-5.499178171157836914e-02,4.016228765249252319e-02,-9.687954932451248169e-02,-3.617465959486303173e-18,-5.933082103729248047e-02,4.091030359268188477e-02
-5.219440534710884094e-02,3.257673233747482300e-02,6.915287375450134277e-01,7.304165977984666824e-03,-6.896728184074163437e-03,-3.126838505268096924e-01,9.498041272163391113e-01,0.000000000000000000e+00,0.000000000000000000e+00,-6.784278154373168945e-02,-1.301627159118652344e+00,5.274158120155334473e-01,-6.598403453826904297e-01,-3.242395073175430298e-02,1.264121055603027344e+00,3.688480854034423828e-01,5.477053523063659668e-01,5.244899541139602661e-02,-5.855863913893699646e-02,-7.240016758441925049e-02,-3.216506540775299072e-02,4.309941863646295397e-19,-2.008477412164211273e-02,7.332027703523635864e-02,-5.588870868086814880e-02,4.073704034090042114e-02,-9.771240502595901489e-02,9.662528345803431118e-19,-5.986523628234863281e-02,4.030768573284149170e-02
-5.268501490354537964e-02,3.263668343424797058e-02,6.914110183715820312e-01,7.167836185544729233e-03,-7.655229419469833374e-03,-3.128659427165985107e-01,9.497393965721130371e-01,0.000000000000000000e+00,0.000000000000000000e+00,-7.059827446937561035e-02,-1.301721572875976562e+00,5.181281566619873047e-01,-6.454091072082519531e-01,-3.409632295370101929e-02,1.264992713928222656e+00,3.710157573223114014e-01,5.468608140945434570e-01,5.299743264913558960e-02,-5.772414430975914001e-02,-7.205091416835784912e-02,-3.416431322693824768e-02,2.817985971286451289e-18,-1.871403120458126068e-02,7.471758127212524414e-02,-5.489882454276084900e-02,4.111940786242485046e-02,-9.723840653896331787e-02,-1.184575576735139024e-18,-5.995092913508415222e-02,3.923546522855758667e-02
-5.322783440351486206e-02,3.271397948265075684e-02,6.913009881973266602e-01,7.257874589413404465e-03,-8.418263867497444153e-03,-3.134904801845550537e-01,9.495263099670410156e-01,0.000000000000000000e+00,0.000000000000000000e+00,-6.833825260400772095e-02,-1.297497987747192383e+00,5.046156644821166992e-01,-6.208343505859375000e-01,-3.663940355181694031e-02,1.266312360763549805e+00,3.715311586856842041e-01,5.463829040527343750e-01,5.280565470457077026e-02,-5.693170428276062012e-02,-7.203660905361175537e-02,-3.494436666369438171e-02,2.166723513966301116e-18,-1.673828996717929840e-02,7.638860493898391724e-02,-5.442610010504722595e-02,4.116084426641464233e-02,-9.653900563716888428e-02,-2.844971911590381264e-18,-6.062291562557220459e-02,3.769231215119361877e-02
-5.369270220398902893e-02,3.268562629818916321e-02,6.913059949874877930e-01,7.374475244432687759e-03,-8.210969157516956329e-03,-3.134677410125732422e-01,9.495347142219543457e-01,0.000000000000000000e+00,0.000000000000000000e+00,-6.466981023550033569e-02,-1.296929717063903809e+00,4.901932179927825928e-01,-5.927942991256713867e-01,-3.970628976821899414e-02,1.267816901206970215e+00,3.721740543842315674e-01,5.449794530868530273e-01,5.209448561072349548e-02,-5.824655666947364807e-02,-7.159122824668884277e-02,-3.498304262757301331e-02,-1.013435216720367810e-18,-1.540665514767169952e-02,7.691245526075363159e-02,-5.588203668594360352e-02,4.168059676885604858e-02,-9.556534886360168457e-02,6.183764031430019625e-18,-6.272096931934356689e-02,3.530051186680793762e-02
-5.417368561029434204e-02,3.271714225411415100e-02,6.913461685180664062e-01,7.268744986504316330e-03,-7.749138399958610535e-03,-3.133412599563598633e-01,9.495811462402343750e-01,0.000000000000000000e+00,0.000000000000000000e+00,-6.185565143823623657e-02,-1.299251317977905273e+00,4.771045744419097900e-01,-5.607388019561767578e-01,-4.439708590507507324e-02,1.270399093627929688e+00,3.711917102336883545e-01,5.412124395370483398e-01,5.054482817649841309e-02,-6.006589531898498535e-02,-7.047829031944274902e-02,-3.434208407998085022e-02,2.571340564957839709e-18,-1.482330169528722763e-02,7.801620662212371826e-02,-5.798295140266418457e-02,4.287279769778251648e-02,-9.471757709980010986e-02,4.191754297724718803e-18,-6.345079839229583740e-02,3.448045253753662109e-02
-5.464201048016548157e-02,3.276230394840240479e-02,6.914365291595458984e-01,7.518527563661336899e-03,-6.970231886953115463e-03,-3.136480748653411865e-01,9.494839310646057129e-01,0.000000000000000000e+00,0.000000000000000000e+00,-5.881815403699874878e-02,-1.302958965301513672e+00,4.639743268489837646e-01,-5.261636376380920410e-01,-5.024951323866844177e-02,1.272915005683898926e+00,3.719280064105987549e-01,5.364384651184082031e-01,4.891439899802207947e-02,-6.268686056137084961e-02,-6.992832571268081665e-02,-3.320902958512306213e-02,-3.875241908137428293e-18,-1.409444399178028107e-02,7.761488109827041626e-02,-6.123805791139602661e-02,4.350520670413970947e-02,-9.381254017353057861e-02,3.457588490692053984e-18,-6.494309753179550171e-02,3.322724252939224243e-02
-5.504714697599411011e-02,3.279919177293777466e-02,6.916321516036987305e-01,7.442719303071498871e-03,-5.426841787993907928e-03,-3.131603300571441650e-01,9.496555924415588379e-01,0.000000000000000000e+00,0.000000000000000000e+00,-5.609095469117164612e-02,-1.307563662528991699e+00,4.512918293476104736e-01,-4.908562898635864258e-01,-5.672532320022583008e-02,1.276030063629150391e+00,3.721583783626556396e-01,5.299970507621765137e-01,4.619646072387695312e-02,-6.688838452100753784e-02,-6.833667308092117310e-02,-3.211370110511779785e-02,-2.290522673163437450e-18,-1.268919650465250015e-02,7.781534641981124878e-02,-6.591840833425521851e-02,4.517616704106330872e-02,-9.311857819557189941e-02,-1.641126335305206907e-18,-6.547503173351287842e-02,3.331152722239494324e-02
-5.565945059061050415e-02,3.300342336297035217e-02,6.917313933372497559e-01,7.307419553399085999e-03,-4.814367275685071945e-03,-3.128441572189331055e-01,9.497641324996948242e-01,0.000000000000000000e+00,0.000000000000000000e+00,-5.308618023991584778e-02,-1.312583327293395996e+00,4.382809996604919434e-01,-4.536550641059875488e-01,-6.423354893922805786e-02,1.279188990592956543e+00,3.734593093395233154e-01,5.216649770736694336e-01,4.323747009038925171e-02,-6.948918104171752930e-02,-6.712455302476882935e-02,-3.027787059545516968e-02,-3.895385410414319623e-18,-9.387172758579254150e-03,7.856377214193344116e-02,-6.916252523660659790e-02,4.627543687820434570e-02,-9.266477823257446289e-02,-4.626282199666174877e-18,-6.424614042043685913e-02,3.168479725718498230e-02
-5.604248866438865662e-02,3.310542553663253784e-02,6.919581890106201172e-01,7.246348075568675995e-03,-2.887043869122862816e-03,-3.120914399623870850e-01,9.500200748443603516e-01,0.000000000000000000e+00,0.000000000000000000e+00,-5.138309672474861145e-02,-1.317700147628784180e+00,4.272845387458801270e-01,-4.192700982093811035e-01,-7.153139263391494751e-02,1.282191276550292969e+00,3.749571740627288818e-01,5.136705636978149414e-01,3.962095826864242554e-02,-7.474677264690399170e-02,-6.547569483518600464e-02,-2.943422645330429077e-02,3.144331883995772191e-18,-6.353334989398717880e-03,7.859406620264053345e-02,-7.493921369314193726e-02,4.795588180422782898e-02,-9.338498860597610474e-02,1.958498992729552565e-18,-6.400559097528457642e-02,3.237891942262649536e-02
-5.626542493700981140e-02,3.310007229447364807e-02,6.922841072082519531e-01,7.190793752670288086e-03,-8.586329204263165593e-05,-3.105484545230865479e-01,9.505303502082824707e-01,0.000000000000000000e+00,0.000000000000000000e+00,-5.014760419726371765e-02,-1.322902679443359375e+00,4.162116944789886475e-01,-3.882759511470794678e-01,-7.910976558923721313e-02,1.284719109535217285e+00,3.774775862693786621e-01,5.054079294204711914e-01,3.528475388884544373e-02,-8.187444508075714111e-02,-6.351191550493240356e-02,-3.022023849189281464e-02,-1.939910590004260927e-18,-4.400013014674186707e-03,7.842548191547393799e-02,-8.224189281463623047e-02,4.996540024876594543e-02,-9.423989057540893555e-02,-1.757738949340482536e-18,-6.331751495599746704e-02,3.329999372363090515e-02
-5.630302801728248596e-02,3.296839818358421326e-02,6.926941275596618652e-01,7.406564895063638687e-03,3.394039114937186241e-03,-3.086666464805603027e-01,9.511353969573974609e-01,0.000000000000000000e+00,0.000000000000000000e+00,-4.943731054663658142e-02,-1.327469587326049805e+00,4.061892330646514893e-01,-3.626482486724853516e-01,-8.636057376861572266e-02,1.287115216255187988e+00,3.784517943859100342e-01,4.979134202003479004e-01,3.024120628833770752e-02,-9.082850068807601929e-02,-6.179276108741760254e-02,-3.186132758855819702e-02,6.614281446672976017e-04,-2.548652701079845428e-03,7.809610664844512939e-02,-9.084767848253250122e-02,5.171388760209083557e-02,-9.570416063070297241e-02,-5.544366652816330081e-18,-6.210394203662872314e-02,3.435445576906204224e-02
-5.626333504915237427e-02,3.282240405678749084e-02,6.931232810020446777e-01,7.664802949875593185e-03,6.784530822187662125e-03,-3.065548539161682129e-01,9.517979621887207031e-01,0.000000000000000000e+00,0.000000000000000000e+00,-4.904804006218910217e-02,-1.331276535987854004e+00,3.980931937694549561e-01,-3.433940410614013672e-01,-9.204131364822387695e-02,1.288299918174743652e+00,3.811144232749938965e-01,4.921984076499938965e-01,2.458640560507774353e-02,-1.114928349852561951e-01,-6.090811640024185181e-02,-3.526889160275459290e-02,2.387051656842231750e-02,-7.381842005997896194e-03,7.931529730558395386e-02,-9.924361854791641235e-02,5.322301015257835388e-02,-9.649874269962310791e-02,2.024871965080807506e-19,-6.151096895337104797e-02,3.512791544198989868e-02
-5.582353472709655762e-02,3.248336166143417358e-02,6.936813592910766602e-01,8.141011931002140045e-03,1.151256822049617767e-02,-3.038844168186187744e-01,9.526045322418212891e-01,0.000000000000000000e+00,0.000000000000000000e+00,-4.989826679229736328e-02,-1.333362460136413574e+00,3.928794264793395996e-01,-3.298767507076263428e-01,-9.683632105588912964e-02,1.288522481918334961e+00,3.835462629795074463e-01,4.883687198162078857e-01,1.793804764747619629e-02,-1.441344618797302246e-01,-6.051418185234069824e-02,-3.910012543201446533e-02,6.502965837717056274e-02,-1.959245465695858002e-02,7.955761998891830444e-02,-1.099674031138420105e-01,5.498304963111877441e-02,-9.744773060083389282e-02,-1.987516488617912776e-18,-6.050208956003189087e-02,3.671580553054809570e-02
-5.495837703347206116e-02,3.204625099897384644e-02,6.942744851112365723e-01,8.400195278227329254e-03,1.738959923386573792e-02,-3.005197942256927490e-01,9.535800218582153320e-01,0.000000000000000000e+00,0.000000000000000000e+00,-5.263637378811836243e-02,-1.333355545997619629e+00,3.895216882228851318e-01,-3.257103264331817627e-01,-9.962195158004760742e-02,1.287478804588317871e+00,3.881907761096954346e-01,4.873703718185424805e-01,9.888699278235435486e-03,-1.882274448871612549e-01,-6.002446264028549194e-02,-4.428587481379508972e-02,1.242236718535423279e-01,-3.701656684279441833e-02,8.129601180553436279e-02,-1.224963814020156860e-01,5.770416930317878723e-02,-9.761756658554077148e-02,-1.133707277785578034e-18,-6.000833958387374878e-02,3.928142786026000977e-02
-5.374719575047492981e-02,3.139233961701393127e-02,6.948524117469787598e-01,9.113747626543045044e-03,2.410951815545558929e-02,-2.963590025901794434e-01,9.547287821769714355e-01,0.000000000000000000e+00,0.000000000000000000e+00,-5.750802904367446899e-02,-1.331596732139587402e+00,3.898660540580749512e-01,-3.284313678741455078e-01,-1.010909825563430786e-01,1.285536050796508789e+00,3.926101028919219971e-01,4.868181049823760986e-01,-1.081970258383080363e-04,-2.449317574501037598e-01,-6.126698106527328491e-02,-5.075751245021820068e-02,2.030932456254959106e-01,-5.590317398309707642e-02,8.089558035135269165e-02,-1.364482492208480835e-01,5.997845903038978577e-02,-9.692168980836868286e-02,1.511788374726415500e-18,-6.085255742073059082e-02,4.193817079067230225e-02
-5.210701003670692444e-02,3.081283345818519592e-02,6.952959299087524414e-01,9.036938659846782684e-03,3.167265653610229492e-02,-2.913123667240142822e-01,9.560608267784118652e-01,0.000000000000000000e+00,0.000000000000000000e+00,-6.293167918920516968e-02,-1.328929424285888672e+00,3.899463713169097900e-01,-3.373108506202697754e-01,-1.009164676070213318e-01,1.283521294593811035e+00,3.964614868164062500e-01,4.869576692581176758e-01,-1.125215832144021988e-02,-3.088508248329162598e-01,-6.205915287137031555e-02,-5.914046987891197205e-02,2.910629212856292725e-01,-7.604824751615524292e-02,8.065525442361831665e-02,-1.510890424251556396e-01,6.409399956464767456e-02,-9.509192407131195068e-02,-2.417597467586283773e-18,-6.152638420462608337e-02,4.417462646961212158e-02
-5.012784525752067566e-02,3.053656779229640961e-02,6.957666873931884766e-01,8.358276449143886566e-03,3.912498056888580322e-02,-2.867120504379272461e-01,9.571810364723205566e-01,0.000000000000000000e+00,0.000000000000000000e+00,-6.472352892160415649e-02,-1.330332875251770020e+00,3.912848234176635742e-01,-3.462814688682556152e-01,-9.778354316949844360e-02,1.286059379577636719e+00,3.970245420932769775e-01,4.853801727294921875e-01,-2.114178426563739777e-02,-3.563557565212249756e-01,-6.439194083213806152e-02,-6.650910526514053345e-02,3.499639630317687988e-01,-9.730985015630722046e-02,8.512597531080245972e-02,-1.649796962738037109e-01,6.928343325853347778e-02,-9.494905173778533936e-02,6.041396321842292926e-19,-6.080885976552963257e-02,4.596101865172386169e-02
-4.767374694347381592e-02,3.015443682670593262e-02,6.963708996772766113e-01,8.599200285971164703e-03,4.780873656272888184e-02,-2.824222445487976074e-01,9.580595493316650391e-01,0.000000000000000000e+00,0.000000000000000000e+00,-6.755358725786209106e-02,-1.328908562660217285e+00,3.941343128681182861e-01,-3.583665788173675537e-01,-9.602429717779159546e-02,1.284301161766052246e+00,3.978146910667419434e-01,4.851789176464080811e-01,-3.069022111594676971e-02,-4.035961627960205078e-01,-6.941023468971252441e-02,-7.472559064626693726e-02,4.056893289089202881e-01,-1.271955221891403198e-01,8.939003944396972656e-02,-1.811922043561935425e-01,7.283123582601547241e-02,-9.301662445068359375e-02,2.166204044541617814e-18,-6.238575652241706848e-02,4.764811694622039795e-02
-4.496533423662185669e-02,3.026455081999301910e-02,6.967574954032897949e-01,7.908556610345840454e-03,5.615134537220001221e-02,-2.790591418743133545e-01,9.585981965065002441e-01,0.000000000000000000e+00,0.000000000000000000e+00,-6.898208707571029663e-02,-1.326062202453613281e+00,3.969819843769073486e-01,-3.718036413192749023e-01,-9.373272955417633057e-02,1.281953096389770508e+00,3.963261246681213379e-01,4.856936037540435791e-01,-3.724369779229164124e-02,-4.446545243263244629e-01,-7.229824364185333252e-02,-7.818273454904556274e-02,4.535132050514221191e-01,-1.590521633625030518e-01,9.599965810775756836e-02,-1.958422064781188965e-01,7.723187655210494995e-02,-9.167179465293884277e-02,3.745573075313615675e-19,-6.391867250204086304e-02,4.943311214447021484e-02
-4.245703294873237610e-02,3.087013773620128632e-02,6.969718337059020996e-01,7.124938536435365677e-03,6.250741332769393921e-02,-2.776239812374114990e-01,9.586276412010192871e-01,0.000000000000000000e+00,0.000000000000000000e+00,-6.769292801618576050e-02,-1.319612741470336914e+00,3.987438380718231201e-01,-3.838363885879516602e-01,-8.989315479993820190e-02,1.279904246330261230e+00,3.936687707901000977e-01,4.868843555450439453e-01,-4.148099571466445923e-02,-4.748557507991790771e-01,-7.320341467857360840e-02,-7.738329470157623291e-02,4.883925318717956543e-01,-1.867904365062713623e-01,1.035823076963424683e-01,-2.068559974431991577e-01,8.019375056028366089e-02,-9.032724797725677490e-02,-9.847188145749769016e-19,-6.497713923454284668e-02,5.017850920557975769e-02
-3.987718001008033752e-02,3.171447664499282837e-02,6.976207494735717773e-01,6.466303952038288116e-03,6.796553730964660645e-02,-2.778586447238922119e-01,9.581928253173828125e-01,0.000000000000000000e+00,0.000000000000000000e+00,-6.218164786696434021e-02,-1.298822760581970215e+00,3.950075805187225342e-01,-4.132233262062072754e-01,-8.164177834987640381e-02,1.270574331283569336e+00,3.885427415370941162e-01,4.992308616638183594e-01,-4.576915502548217773e-02,-4.620864987373352051e-01,-6.783855706453323364e-02,-7.172568142414093018e-02,4.519613087177276611e-01,-1.958486139774322510e-01,1.129053011536598206e-01,-2.159423977136611938e-01,8.216417580842971802e-02,-8.194781839847564697e-02,-6.474144131105534885e-19,-6.705000996589660645e-02,5.422952398657798767e-02
-3.758176043629646301e-02,3.300979733467102051e-02,6.981502175331115723e-01,5.125420168042182922e-03,7.231339812278747559e-02,-2.789478302001953125e-01,9.575659632682800293e-01,0.000000000000000000e+00,0.000000000000000000e+00,-6.062475219368934631e-02,-1.288902521133422852e+00,3.941574692726135254e-01,-4.292291104793548584e-01,-7.637208700180053711e-02,1.272244811058044434e+00,3.815662562847137451e-01,5.034682750701904297e-01,-4.342639818787574768e-02,-4.458996653556823730e-01,-6.343290209770202637e-02,-6.958583742380142212e-02,4.093992710113525391e-01,-1.943380981683731079e-01,1.237989738583564758e-01,-2.229486852884292603e-01,8.396998792886734009e-02,-8.043699711561203003e-02,8.417886221707141436e-19,-6.582786142826080322e-02,5.463125184178352356e-02
-3.560484945774078369e-02,3.466184809803962708e-02,6.981230974197387695e-01,2.954303286969661713e-03,7.549907267093658447e-02,-2.801426947116851807e-01,9.569802880287170410e-01,0.000000000000000000e+00,0.000000000000000000e+00,-6.015396863222122192e-02,-1.287302970886230469e+00,3.962531983852386475e-01,-4.339039623737335205e-01,-7.494039833545684814e-02,1.279185056686401367e+00,3.763357102870941162e-01,5.039934515953063965e-01,-3.859509900212287903e-02,-4.594314396381378174e-01,-6.187873333692550659e-02,-6.776035577058792114e-02,4.235177636146545410e-01,-2.098727077245712280e-01,1.339629888534545898e-01,-2.277564108371734619e-01,8.636540919542312622e-02,-8.211950957775115967e-02,-1.960077253338303742e-18,-6.220462918281555176e-02,5.249254778027534485e-02
-3.329597041010856628e-02,3.597995638847351074e-02,6.988748908042907715e-01,1.523091574199497700e-03,7.916227728128433228e-02,-2.828792035579681396e-01,9.558820128440856934e-01,0.000000000000000000e+00,0.000000000000000000e+00,-6.026843562722206116e-02,-1.269671440124511719e+00,3.944354653358459473e-01,-4.516917765140533447e-01,-7.998242229223251343e-02,1.275270819664001465e+00,3.713429868221282959e-01,5.166608095169067383e-01,-3.354573249816894531e-02,-4.163911342620849609e-01,-5.582908540964126587e-02,-6.820487231016159058e-02,3.363911509513854980e-01,-1.880192160606384277e-01,1.414757817983627319e-01,-2.479332685470581055e-01,8.639589697122573853e-02,-7.963832467794418335e-02,2.778521738946437836e-02,-7.348944991827011108e-02,5.427031219005584717e-02
-3.153691440820693970e-02,3.772313520312309265e-02,6.988001465797424316e-01,-1.284215599298477173e-03,8.053446561098098755e-02,-2.859431505203247070e-01,9.548555016517639160e-01,0.000000000000000000e+00,0.000000000000000000e+00,-6.041661277413368225e-02,-1.267021059989929199e+00,3.956329524517059326e-01,-4.516517817974090576e-01,-8.149781823158264160e-02,1.280670762062072754e+00,3.676239252090454102e-01,5.184853076934814453e-01,-2.533423528075218201e-02,-4.250669479370117188e-01,-5.373884364962577820e-02,-6.610018759965896606e-02,3.493857681751251221e-01,-1.975050717592239380e-01,1.517967432737350464e-01,-2.562760710716247559e-01,8.853132277727127075e-02,-8.266948908567428589e-02,4.210562631487846375e-02,-7.017800211906433105e-02,5.232914537191390991e-02
-2.929408848285675049e-02,3.883878514170646667e-02,6.990597248077392578e-01,-3.060970455408096313e-03,8.339706808328628540e-02,-2.897300422191619873e-01,9.534631967544555664e-01,0.000000000000000000e+00,0.000000000000000000e+00,-6.203814223408699036e-02,-1.258265256881713867e+00,3.964890539646148682e-01,-4.513055384159088135e-01,-8.563491702079772949e-02,1.282725691795349121e+00,3.659015893936157227e-01,5.222522616386413574e-01,-1.726039499044418335e-02,-4.306913018226623535e-01,-5.179131403565406799e-02,-6.474976986646652222e-02,3.542840182781219482e-01,-2.060786336660385132e-01,1.589107960462570190e-01,-2.783974409103393555e-01,8.916626125574111938e-02,-8.462326228618621826e-02,7.722883671522140503e-02,-7.010339200496673584e-02,5.218546092510223389e-02
-2.699312381446361542e-02,3.905154392123222351e-02,6.993863582611083984e-01,-2.399368677288293839e-03,8.676129579544067383e-02,-2.943685948848724365e-01,9.517425298690795898e-01,0.000000000000000000e+00,0.000000000000000000e+00,-6.496737897396087646e-02,-1.238961815834045410e+00,3.915083408355712891e-01,-4.541985690593719482e-01,-9.285230934619903564e-02,1.276962518692016602e+00,3.661215603351593018e-01,5.335389375686645508e-01,-7.572463713586330414e-03,-3.838717043399810791e-01,-4.906466603279113770e-02,-6.533467769622802734e-02,2.598461210727691650e-01,-1.760288923978805542e-01,1.625466942787170410e-01,-3.904296159744262695e-01,7.673018425703048706e-02,-9.691976755857467651e-02,2.749646604061126709e-01,-1.322058290243148804e-01,5.130370706319808960e-02
-2.497109584510326385e-02,3.926034644246101379e-02,6.991234421730041504e-01,-1.571180182509124279e-03,8.778154850006103516e-02,-3.005173802375793457e-01,9.497269392013549805e-01,0.000000000000000000e+00,0.000000000000000000e+00,-6.185426563024520874e-02,-1.236898779869079590e+00,3.919772207736968994e-01,-4.463077783584594727e-01,-9.258651733398437500e-02,1.280255079269409180e+00,3.645429313182830811e-01,5.342083573341369629e-01,-1.765101216733455658e-03,-3.875403106212615967e-01,-5.017220228910446167e-02,-5.487054958939552307e-02,2.663271725177764893e-01,-1.822227388620376587e-01,1.685084551572799683e-01,-4.311248660087585449e-01,6.525684148073196411e-02,-1.272072792053222656e-01,3.453623056411743164e-01,-1.194748207926750183e-01,4.252257570624351501e-02
-2.269052341580390930e-02,3.967620804905891418e-02,6.990219950675964355e-01,-1.882038428448140621e-03,8.915098756551742554e-02,-3.077600896358489990e-01,9.472762346267700195e-01,0.000000000000000000e+00,0.000000000000000000e+00,-6.155648827552795410e-02,-1.227747678756713867e+00,3.916581571102142334e-01,-4.363233745098114014e-01,-9.539806097745895386e-02,1.281771779060363770e+00,3.642768561840057373e-01,5.364615917205810547e-01,1.299343723803758621e-02,-3.874408006668090820e-01,-5.071924254298210144e-02,-5.042145028710365295e-02,2.663225531578063965e-01,-1.885424256324768066e-01,1.722318828105926514e-01,-4.899893701076507568e-01,5.749957635998725891e-02,-1.377826482057571411e-01,4.296092689037322998e-01,-1.249400824308395386e-01,4.032982140779495239e-02
-2.231633104383945465e-02,4.009256884455680847e-02,6.972813606262207031e-01,4.302661982364952564e-04,8.193794637918472290e-02,-3.139459192752838135e-01,9.458984732627868652e-01,0.000000000000000000e+00,0.000000000000000000e+00,-4.487928748130798340e-02,-1.238183379173278809e+00,3.958832621574401855e-01,-4.179778099060058594e-01,-8.110979199409484863e-02,1.286125421524047852e+00,3.627920746803283691e-01,5.307956337928771973e-01,2.621731534600257874e-02,-3.814488947391510010e-01,-6.295967847108840942e-02,-3.810482472181320190e-02,2.811811268329620361e-01,-1.966216117143630981e-01,1.780145317316055298e-01,-5.806720256805419922e-01,3.357947617769241333e-02,-1.462117582559585571e-01,5.842301249504089355e-01,-1.662286669015884399e-01,3.800724819302558899e-02
-1.772525720298290253e-02,3.967572376132011414e-02,6.980155110359191895e-01,2.248896926175802946e-04,9.085389971733093262e-02,-3.245855867862701416e-01,9.414827227592468262e-01,0.000000000000000000e+00,0.000000000000000000e+00,-5.906890705227851868e-02,-1.218243718147277832e+00,3.920131325721740723e-01,-4.081182181835174561e-01,-9.666921198368072510e-02,1.282795548439025879e+00,3.628605604171752930e-01,5.383038520812988281e-01,4.743130132555961609e-02,-3.834338784217834473e-01,-5.817094445228576660e-02,-3.793430328369140625e-02,2.636974155902862549e-01,-2.048313617706298828e-01,1.770788729190826416e-01,-6.501116156578063965e-01,3.070052713155746460e-02,-1.489885896444320679e-01,6.556402444839477539e-01,-1.758960932493209839e-01,4.606638476252555847e-02
-1.446709875017404556e-02,3.942203521728515625e-02,6.978140473365783691e-01,1.241032266989350319e-03,9.366914629936218262e-02,-3.335535526275634766e-01,9.380653500556945801e-01,0.000000000000000000e+00,0.000000000000000000e+00,-6.624564528465270996e-02,-1.209083557128906250e+00,3.920010328292846680e-01,-3.957623541355133057e-01,-1.047896891832351685e-01,1.282106280326843262e+00,3.623727262020111084e-01,5.403099656105041504e-01,6.528520584106445312e-02,-3.721419572830200195e-01,-5.969806388020515442e-02,-3.196475282311439514e-02,2.402127981185913086e-01,-2.057729363441467285e-01,1.750718355178833008e-01,-7.169106006622314453e-01,1.874845661222934723e-02,-1.511134654283523560e-01,7.204060554504394531e-01,-1.836297959089279175e-01,5.282431840896606445e-02
-1.145403273403644562e-02,3.940411657094955444e-02,6.975864171981811523e-01,1.892701606266200542e-03,9.420063346624374390e-02,-3.426114320755004883e-01,9.347406625747680664e-01,0.000000000000000000e+00,0.000000000000000000e+00,-7.354043424129486084e-02,-1.206521987915039062e+00,3.965607583522796631e-01,-3.850949406623840332e-01,-1.093031764030456543e-01,1.281867623329162598e+00,3.598595261573791504e-01,5.386108756065368652e-01,8.259473741054534912e-02,-3.543546199798583984e-01,-6.189638376235961914e-02,-2.336024492979049683e-02,2.137460708618164062e-01,-2.027863264083862305e-01,1.715488284826278687e-01,-7.763721942901611328e-01,7.981903851032257080e-03,-1.489054113626480103e-01,7.613663673400878906e-01,-1.981812864542007446e-01,6.190859153866767883e-02
-7.767252158373594284e-03,3.902149572968482971e-02,6.981765031814575195e-01,2.683972474187612534e-03,9.660735726356506348e-02,-3.521108627319335938e-01,9.309552907943725586e-01,0.000000000000000000e+00,0.000000000000000000e+00,-9.559667110443115234e-02,-1.198831677436828613e+00,4.149194657802581787e-01,-3.710304796695709229e-01,-1.257861107587814331e-01,1.282013058662414551e+00,3.565857410430908203e-01,5.301610231399536133e-01,8.788845688104629517e-02,-2.553594112396240234e-01,-5.640612542629241943e-02,-7.792658638209104538e-03,3.470155224204063416e-02,-1.364097148180007935e-01,1.604022979736328125e-01,-8.230851292610168457e-01,1.338504254817962646e-02,-1.330322325229644775e-01,7.455667257308959961e-01,-1.935312449932098389e-01,7.694544643163681030e-02
-4.098061472177505493e-03,3.901794925332069397e-02,6.984590291976928711e-01,1.407602801918983459e-03,9.737728536128997803e-02,-3.599836230278015137e-01,9.278617501258850098e-01,0.000000000000000000e+00,0.000000000000000000e+00,-1.050471141934394836e-01,-1.203985571861267090e+00,4.292476177215576172e-01,-3.683691024780273438e-01,-1.263677626848220825e-01,1.283187866210937500e+00,3.514879345893859863e-01,5.239987969398498535e-01,9.355826675891876221e-02,-2.301722615957260132e-01,-5.381851270794868469e-02,1.161362323909997940e-02,3.860654906873151049e-09,-1.297638416290283203e-01,1.548852920532226562e-01,-8.493351936340332031e-01,1.821239106357097626e-02,-1.221540272235870361e-01,6.987980008125305176e-01,-1.834140419960021973e-01,8.551834523677825928e-02
-5.153543897904455662e-04,3.876483812928199768e-02,6.988821029663085938e-01,3.569899417925626040e-04,9.686163812875747681e-02,-3.673475384712219238e-01,9.250261783599853516e-01,0.000000000000000000e+00,0.000000000000000000e+00,-1.158143132925033569e-01,-1.210205912590026855e+00,4.470995962619781494e-01,-3.746519088745117188e-01,-1.249228045344352722e-01,1.284639954566955566e+00,3.425070941448211670e-01,5.198801159858703613e-01,9.160045534372329712e-02,-2.189194709062576294e-01,-5.098415911197662354e-02,3.855437785387039185e-02,4.827723839879988601e-18,-1.418887525796890259e-01,1.478846818208694458e-01,-8.554958701133728027e-01,3.021511808037757874e-02,-1.085977107286453247e-01,6.094688177108764648e-01,-1.627102941274642944e-01,9.454888105392456055e-02
3.259595949202775955e-03,3.749993070960044861e-02,6.990869641304016113e-01,1.192837022244930267e-03,9.680197387933731079e-02,-3.737855553627014160e-01,9.224491119384765625e-01,0.000000000000000000e+00,0.000000000000000000e+00,-1.297130137681961060e-01,-1.216520786285400391e+00,4.717391431331634521e-01,-3.891149163246154785e-01,-1.213919296860694885e-01,1.286300301551818848e+00,3.329815566539764404e-01,5.145350694656372070e-01,8.565193414688110352e-02,-2.079530954360961914e-01,-5.103975534439086914e-02,6.552838534116744995e-02,-1.277180100671675578e-18,-1.552296876907348633e-01,1.380729973316192627e-01,-8.424807190895080566e-01,4.496549442410469055e-02,-9.379722923040390015e-02,4.895847439765930176e-01,-1.314229369163513184e-01,1.045556142926216125e-01
7.494175806641578674e-03,3.550499305129051208e-02,6.989169716835021973e-01,1.908516627736389637e-03,9.730231761932373047e-02,-3.789989948272705078e-01,9.202653765678405762e-01,0.000000000000000000e+00,0.000000000000000000e+00,-1.461384743452072144e-01,-1.226294994354248047e+00,5.025390982627868652e-01,-4.107840061187744141e-01,-1.142865121364593506e-01,1.289862394332885742e+00,3.192496597766876221e-01,5.035745501518249512e-01,8.299861103296279907e-02,-1.972195655107498169e-01,-5.150716751813888550e-02,8.700153976678848267e-02,-5.883398207399764216e-18,-1.700013130903244019e-01,1.287326067686080933e-01,-8.222299814224243164e-01,5.473114922642707825e-02,-7.851753383874893188e-02,3.693961501121520996e-01,-9.816735982894897461e-02,1.141185313463211060e-01
1.125536486506462097e-02,3.228588402271270752e-02,6.982427835464477539e-01,4.980960860848426819e-03,9.583023935556411743e-02,-3.821134865283966064e-01,9.191197156906127930e-01,0.000000000000000000e+00,0.000000000000000000e+00,-1.642334163188934326e-01,-1.235605359077453613e+00,5.336130857467651367e-01,-4.380623996257781982e-01,-1.046627461910247803e-01,1.291205286979675293e+00,3.019991517066955566e-01,4.916625320911407471e-01,8.059988915920257568e-02,-1.833222657442092896e-01,-5.783138051629066467e-02,1.045612692832946777e-01,3.388039144788595417e-18,-1.813846677541732788e-01,1.197584271430969238e-01,-8.030268549919128418e-01,5.990088731050491333e-02,-6.367880851030349731e-02,2.696658968925476074e-01,-6.499279290437698364e-02,1.218040734529495239e-01
1.479538530111312866e-02,2.822404913604259491e-02,6.972393989562988281e-01,9.411806240677833557e-03,9.281437098979949951e-02,-3.845987021923065186e-01,9.183576107025146484e-01,0.000000000000000000e+00,0.000000000000000000e+00,-1.850779652595520020e-01,-1.245118260383605957e+00,5.671565532684326172e-01,-4.697758257389068604e-01,-9.449242055416107178e-02,1.291100025177001953e+00,2.826189994812011719e-01,4.795695543289184570e-01,8.028705418109893799e-02,-1.664805561304092407e-01,-6.773706525564193726e-02,1.180285513401031494e-01,2.953828880202359706e-18,-1.925543248653411865e-01,1.124821230769157410e-01,-7.806346416473388672e-01,5.989666283130645752e-02,-4.908771067857742310e-02,1.793371587991714478e-01,-2.738093398511409760e-02,1.308425366878509521e-01
1.857795938849449158e-02,2.308078482747077942e-02,6.959165930747985840e-01,1.453284360468387604e-02,9.039561450481414795e-02,-3.845455348491668701e-01,9.185543656349182129e-01,0.000000000000000000e+00,0.000000000000000000e+00,-2.097529321908950806e-01,-1.256402611732482910e+00,6.005651950836181641e-01,-5.038940310478210449e-01,-8.131484687328338623e-02,1.287421226501464844e+00,2.623599171638488770e-01,4.699468314647674561e-01,8.151604980230331421e-02,-1.503961682319641113e-01,-7.880776375532150269e-02,1.255607157945632935e-01,7.799188210741978856e-19,-2.066108584403991699e-01,1.073965355753898621e-01,-7.679705619812011719e-01,5.434621870517730713e-02,-3.423295542597770691e-02,1.280719190835952759e-01,9.989091195166110992e-03,1.394135206937789917e-01
2.237332612276077271e-02,1.721090078353881836e-02,6.944326162338256836e-01,2.003305219113826752e-02,8.763076364994049072e-02,-3.828234374523162842e-01,9.194377064704895020e-01,0.000000000000000000e+00,0.000000000000000000e+00,-2.383237034082412720e-01,-1.268408417701721191e+00,6.319985389709472656e-01,-5.385938882827758789e-01,-6.859261542558670044e-02,1.283743500709533691e+00,2.398505508899688721e-01,4.591715335845947266e-01,8.247734606266021729e-02,-1.331579685211181641e-01,-9.035167843103408813e-02,1.289826184511184692e-01,-5.999944646986035603e-18,-2.214587330818176270e-01,1.049783602356910706e-01,-7.633318305015563965e-01,4.497890546917915344e-02,-1.731983758509159088e-02,1.069071292877197266e-01,4.124261438846588135e-02,1.457859128713607788e-01
2.615574747323989868e-02,1.083245407789945602e-02,6.928791403770446777e-01,2.542606927454471588e-02,8.398211002349853516e-02,-3.798558712005615234e-01,9.208745956420898438e-01,0.000000000000000000e+00,0.000000000000000000e+00,-2.695489227771759033e-01,-1.281048536300659180e+00,6.643258333206176758e-01,-5.744600892066955566e-01,-5.478248372673988342e-02,1.277902364730834961e+00,2.166670560836791992e-01,4.525502324104309082e-01,8.487686514854431152e-02,-1.131615415215492249e-01,-1.015233173966407776e-01,1.284382939338684082e-01,2.540476801942261140e-18,-2.367909997701644897e-01,1.068076491355895996e-01,-7.672678232192993164e-01,3.199610859155654907e-02,-3.741160267964005470e-03,1.148720234632492065e-01,7.451002299785614014e-02,1.527530848979949951e-01
3.057268448173999786e-02,3.731543896719813347e-03,6.911312341690063477e-01,3.094880841672420502e-02,8.212821185588836670e-02,-3.764694333076477051e-01,9.222623705863952637e-01,0.000000000000000000e+00,0.000000000000000000e+00,-2.970905303955078125e-01,-1.293756961822509766e+00,6.879595518112182617e-01,-6.043788194656372070e-01,-4.188903421163558960e-02,1.270862460136413574e+00,1.977955996990203857e-01,4.446461200714111328e-01,9.023209661245346069e-02,-9.565217792987823486e-02,-1.114670932292938232e-01,1.240772977471351624e-01,2.447356117303491497e-18,-2.570011913776397705e-01,1.062740758061408997e-01,-7.841074466705322266e-01,1.665683090686798096e-02,7.538411300629377365e-03,1.555270105600357056e-01,9.485954791307449341e-02,1.554598510265350342e-01
3.520230576395988464e-02,-3.700393484905362129e-03,6.896883249282836914e-01,3.621361404657363892e-02,7.971296459436416626e-02,-3.743576407432556152e-01,9.231417775154113770e-01,0.000000000000000000e+00,0.000000000000000000e+00,-3.266690075397491455e-01,-1.303256273269653320e+00,7.019716501235961914e-01,-6.231971383094787598e-01,-3.320683166384696960e-02,1.263749718666076660e+00,1.789565533399581909e-01,4.361256062984466553e-01,9.732631593942642212e-02,-7.573848217725753784e-02,-1.199698224663734436e-01,1.224448308348655701e-01,1.439122212274857125e-18,-2.691948711872100830e-01,1.064214557409286499e-01,-8.164370059967041016e-01,3.483122680336236954e-03,1.761067286133766174e-02,2.239666134119033813e-01,1.060197651386260986e-01,1.582637578248977661e-01
4.039234295487403870e-02,-1.183656137436628342e-02,6.882866621017456055e-01,4.156000167131423950e-02,7.831595838069915771e-02,-3.726879656314849854e-01,9.237115979194641113e-01,0.000000000000000000e+00,0.000000000000000000e+00,-3.541889786720275879e-01,-1.316392183303833008e+00,7.097981572151184082e-01,-6.381185650825500488e-01,-2.462735958397388458e-02,1.255255937576293945e+00,1.663689464330673218e-01,4.315658211708068848e-01,1.064861789345741272e-01,-5.655915290117263794e-02,-1.273147910833358765e-01,1.220322474837303162e-01,-3.295368446403054621e-18,-2.783603668212890625e-01,1.065188124775886536e-01,-8.631987571716308594e-01,-8.811357431113719940e-03,2.732447907328605652e-02,3.252815306186676025e-01,1.019955947995185852e-01,1.576157659292221069e-01
4.622964188456535339e-02,-2.072668448090553284e-02,6.866697072982788086e-01,4.755286872386932373e-02,7.819803804159164429e-02,-3.718693554401397705e-01,9.237623810768127441e-01,0.000000000000000000e+00,0.000000000000000000e+00,-3.813824057579040527e-01,-1.329442143440246582e+00,7.156053781509399414e-01,-6.538556218147277832e-01,-2.011411264538764954e-02,1.246973991394042969e+00,1.549272537231445312e-01,4.329978227615356445e-01,1.232919022440910339e-01,-3.869982808828353882e-02,-1.367407739162445068e-01,1.376318633556365967e-01,-1.281441735187548777e-18,-2.887007296085357666e-01,1.128956601023674011e-01,-9.201434850692749023e-01,-2.698971889913082123e-02,3.051012009382247925e-02,4.489285051822662354e-01,8.691056817770004272e-02,1.564254611730575562e-01
5.220656096935272217e-02,-3.036050312221050262e-02,6.849327087402343750e-01,5.453464388847351074e-02,7.721700519323348999e-02,-3.733916282653808594e-01,9.228445887565612793e-01,0.000000000000000000e+00,0.000000000000000000e+00,-4.060979485511779785e-01,-1.340849518775939941e+00,7.197648882865905762e-01,-6.741863489151000977e-01,-1.628056354820728302e-02,1.236345887184143066e+00,1.437902450561523438e-01,4.414582550525665283e-01,1.429431885480880737e-01,-1.694425009191036224e-02,-1.483069062232971191e-01,1.524858474731445312e-01,-2.779419502406778927e-18,-2.887237071990966797e-01,1.194917261600494385e-01,-9.741917252540588379e-01,-4.397969692945480347e-02,3.665051981806755066e-02,5.777966380119323730e-01,5.907790735363960266e-02,1.551164984703063965e-01
5.867056176066398621e-02,-4.095271602272987366e-02,6.833364963531494141e-01,6.099306419491767883e-02,7.786371558904647827e-02,-3.765931427478790283e-01,9.210834503173828125e-01,0.000000000000000000e+00,0.000000000000000000e+00,-4.254201352596282959e-01,-1.347731232643127441e+00,7.207090854644775391e-01,-6.942512989044189453e-01,-1.473901420831680298e-02,1.225040316581726074e+00,1.382509768009185791e-01,4.570728242397308350e-01,1.578155159950256348e-01,4.452536348253488541e-03,-1.539830565452575684e-01,1.406433582305908203e-01,-2.892485165975427173e-19,-2.771260738372802734e-01,1.186427623033523560e-01,-1.022676229476928711e+00,-5.148174241185188293e-02,4.537707939743995667e-02,6.961812376976013184e-01,1.760582067072391510e-02,1.467304229736328125e-01
6.474649906158447266e-02,-5.217360705137252808e-02,6.827726364135742188e-01,6.714692711830139160e-02,7.762651145458221436e-02,-3.799413740634918213e-01,9.192986488342285156e-01,0.000000000000000000e+00,0.000000000000000000e+00,-4.346354305744171143e-01,-1.348002076148986816e+00,7.126991748809814453e-01,-7.125191092491149902e-01,-1.194652356207370758e-02,1.212345957756042480e+00,1.354082822799682617e-01,4.788976013660430908e-01,1.702754497528076172e-01,2.823229506611824036e-02,-1.569162607192993164e-01,1.209489703178405762e-01,-3.505432617322121105e-18,-2.383436858654022217e-01,1.103028655052185059e-01,-1.058010220527648926e+00,-5.223513022065162659e-02,5.295722559094429016e-02,7.983139753341674805e-01,-3.109843470156192780e-02,1.310958117246627808e-01
7.024233043193817139e-02,-6.297343224287033081e-02,6.830762624740600586e-01,7.046215236186981201e-02,7.459031045436859131e-02,-3.840976059436798096e-01,9.175730943679809570e-01,0.000000000000000000e+00,0.000000000000000000e+00,-4.269847571849822998e-01,-1.337501883506774902e+00,6.956062912940979004e-01,-7.216285467147827148e-01,-9.034390561282634735e-03,1.200765967369079590e+00,1.324979215860366821e-01,5.021486878395080566e-01,1.841541230678558350e-01,5.328835919499397278e-02,-1.523963361978530884e-01,1.129300594329833984e-01,1.364294160157442093e-02,-1.845210492610931396e-01,1.046808362007141113e-01,-1.072987079620361328e+00,-4.940387606620788574e-02,5.514327436685562134e-02,8.801829218864440918e-01,-7.380972802639007568e-02,1.107657179236412048e-01
7.494356483221054077e-02,-7.353571057319641113e-02,6.848733425140380859e-01,7.178020477294921875e-02,7.000885158777236938e-02,-3.881803750991821289e-01,9.161126613616943359e-01,0.000000000000000000e+00,0.000000000000000000e+00,-4.002149105072021484e-01,-1.318238615989685059e+00,6.655229330062866211e-01,-7.162905931472778320e-01,-3.643967444077134132e-03,1.188473343849182129e+00,1.318762451410293579e-01,5.247709155082702637e-01,1.968297362327575684e-01,2.795459702610969543e-02,-1.333612650632858276e-01,1.157545223832130432e-01,1.259425878524780273e-01,-1.235769987106323242e-01,9.663860499858856201e-02,-1.063218116760253906e+00,-4.284038767218589783e-02,5.236040800809860229e-02,9.286156296730041504e-01,-1.084585636854171753e-01,8.558586984872817993e-02
7.861682772636413574e-02,-8.283895254135131836e-02,6.863987445831298828e-01,6.828504055738449097e-02,6.311471760272979736e-02,-3.910596966743469238e-01,9.156560301780700684e-01,0.000000000000000000e+00,0.000000000000000000e+00,-3.613755702972412109e-01,-1.297310352325439453e+00,6.229258775711059570e-01,-6.832264065742492676e-01,7.824085187166929245e-04,1.179299592971801758e+00,1.375521868467330933e-01,5.378956198692321777e-01,1.988026797771453857e-01,-5.165983363986015320e-02,-9.928060322999954224e-02,1.418546885251998901e-01,3.379738628864288330e-01,-8.069591224193572998e-02,8.957076072692871094e-02,-1.031960844993591309e+00,-2.414475381374359131e-02,4.335026443004608154e-02,9.453942179679870605e-01,-1.386287510395050049e-01,5.522118136286735535e-02
8.113260567188262939e-02,-9.235856682062149048e-02,6.885216832160949707e-01,6.453821063041687012e-02,5.767644941806793213e-02,-3.900312781333923340e-01,9.167245030403137207e-01,0.000000000000000000e+00,0.000000000000000000e+00,-3.208703696727752686e-01,-1.274745583534240723e+00,5.743854045867919922e-01,-6.365195512771606445e-01,1.687466981820762157e-03,1.174557447433471680e+00,1.429873406887054443e-01,5.467236042022705078e-01,1.890803724527359009e-01,-1.887112855911254883e-01,-4.310364648699760437e-02,1.667783260345458984e-01,6.298851370811462402e-01,-5.538406595587730408e-02,8.854759484529495239e-02,-9.921658635139465332e-01,-6.329126190394163132e-04,3.315972536802291870e-02,9.370565414428710938e-01,-1.667614579200744629e-01,1.638662628829479218e-02
8.316006511449813843e-02,-1.011806875467300415e-01,6.894789338111877441e-01,5.689742788672447205e-02,5.373053625226020813e-02,-3.852934241294860840e-01,9.194697737693786621e-01,0.000000000000000000e+00,0.000000000000000000e+00,-2.865755259990692139e-01,-1.257187247276306152e+00,5.239556431770324707e-01,-5.742670297622680664e-01,-6.253578700125217438e-03,1.172823548316955566e+00,1.500935405492782593e-01,5.572953820228576660e-01,1.754017174243927002e-01,-3.509239256381988525e-01,1.898748427629470825e-02,1.735996752977371216e-01,9.008808732032775879e-01,-7.157637923955917358e-02,1.020482406020164490e-01,-9.491377472877502441e-01,2.684910409152507782e-02,1.604862697422504425e-02,9.167808294296264648e-01,-2.004010230302810669e-01,-1.696993038058280945e-02
8.430808037519454956e-02,-1.106911748647689819e-01,6.909678578376770020e-01,5.138203874230384827e-02,4.993499442934989929e-02,-3.768706023693084717e-01,9.234906435012817383e-01,0.000000000000000000e+00,0.000000000000000000e+00,-2.583648860454559326e-01,-1.246253848075866699e+00,4.756202399730682373e-01,-5.139368772506713867e-01,-1.851214468479156494e-02,1.167336821556091309e+00,1.703848093748092651e-01,5.707615017890930176e-01,1.586353033781051636e-01,-5.109124183654785156e-01,7.506248354911804199e-02,1.655790954828262329e-01,1.089699149131774902e+00,-1.232525855302810669e-01,1.243130713701248169e-01,-9.057316780090332031e-01,4.820157587528228760e-02,-3.267748688813298941e-04,8.916588425636291504e-01,-2.270718812942504883e-01,-3.706929087638854980e-02
8.432764559984207153e-02,-1.211385205388069153e-01,6.931995153427124023e-01,4.882634431123733521e-02,4.697199538350105286e-02,-3.611127138137817383e-01,9.300576448440551758e-01,0.000000000000000000e+00,0.000000000000000000e+00,-2.350700497627258301e-01,-1.245917677879333496e+00,4.199909269809722900e-01,-4.583698809146881104e-01,-3.226577863097190857e-02,1.161652445793151855e+00,1.922565698623657227e-01,5.787790417671203613e-01,1.346632987260818481e-01,-6.738052368164062500e-01,1.102504432201385498e-01,1.344334185123443604e-01,1.183159351348876953e+00,-2.109504938125610352e-01,1.585688441991806030e-01,-8.649646639823913574e-01,6.142155453562736511e-02,-1.487361919134855270e-02,8.637883067131042480e-01,-2.413995712995529175e-01,-5.144852772355079651e-02
8.275796473026275635e-02,-1.316069513559341431e-01,6.968486309051513672e-01,4.951205104589462280e-02,4.243572056293487549e-02,-3.426935076713562012e-01,9.371813535690307617e-01,0.000000000000000000e+00,0.000000000000000000e+00,-2.159494459629058838e-01,-1.246873259544372559e+00,3.689113557338714600e-01,-4.103386402130126953e-01,-4.402947053313255310e-02,1.157585859298706055e+00,2.247458845376968384e-01,5.954819321632385254e-01,1.136919930577278137e-01,-8.174508213996887207e-01,1.150101646780967712e-01,9.295997023582458496e-02,1.159526348114013672e+00,-2.904469072818756104e-01,1.884898394346237183e-01,-8.128312826156616211e-01,6.085970997810363770e-02,-3.324745222926139832e-02,8.156195878982543945e-01,-2.488799095153808594e-01,-4.960066825151443481e-02
8.000677078962326050e-02,-1.411465257406234741e-01,6.999952197074890137e-01,5.172459781169891357e-02,3.775986284017562866e-02,-3.251105844974517822e-01,9.435051083564758301e-01,0.000000000000000000e+00,0.000000000000000000e+00,-1.995297819375991821e-01,-1.244515538215637207e+00,3.233625590801239014e-01,-3.712299168109893799e-01,-6.090277060866355896e-02,1.149878025054931641e+00,2.638138234615325928e-01,6.153966784477233887e-01,1.025642901659011841e-01,-9.433836340904235840e-01,8.144233375787734985e-02,3.282158449292182922e-02,1.036716818809509277e+00,-3.206562101840972900e-01,1.950948238372802734e-01,-7.691520452499389648e-01,5.268840864300727844e-02,-5.454242601990699768e-02,7.754366397857666016e-01,-2.561309039592742920e-01,-4.420397803187370300e-02
7.707104086875915527e-02,-1.497096270322799683e-01,7.038654088973999023e-01,5.384717881679534912e-02,3.728830069303512573e-02,-3.060892224311828613e-01,9.497470259666442871e-01,0.000000000000000000e+00,0.000000000000000000e+00,-1.867711842060089111e-01,-1.242214560508728027e+00,2.782455682754516602e-01,-3.507678210735321045e-01,-7.673706859350204468e-02,1.144934773445129395e+00,2.947753667831420898e-01,6.329122185707092285e-01,1.088511124253273010e-01,-1.025500059127807617e+00,1.888534240424633026e-02,-2.669526822865009308e-02,8.187491297721862793e-01,-2.909599840641021729e-01,1.712347716093063354e-01,-7.333647608757019043e-01,3.439319506287574768e-02,-8.662035316228866577e-02,7.324321866035461426e-01,-2.509849369525909424e-01,-3.557592257857322693e-02
7.205764949321746826e-02,-1.551306247711181641e-01,7.037212252616882324e-01,5.238372460007667542e-02,2.463424764573574066e-02,-2.882446646690368652e-01,9.558054804801940918e-01,0.000000000000000000e+00,0.000000000000000000e+00,-1.433918178081512451e-01,-1.255596637725830078e+00,2.494433373212814331e-01,-3.291115462779998779e-01,-6.399159878492355347e-02,1.162454485893249512e+00,3.187019824981689453e-01,6.333572864532470703e-01,1.421371102333068848e-01,-1.068899512290954590e+00,-6.872494518756866455e-02,-6.553248316049575806e-02,5.933771133422851562e-01,-2.500318884849548340e-01,1.499206125736236572e-01,-7.026593685150146484e-01,-1.194492634385824203e-02,-1.590881794691085815e-01,7.494832873344421387e-01,-2.699572145938873291e-01,-2.507706917822360992e-02
6.905314326286315918e-02,-1.599824428558349609e-01,7.043320536613464355e-01,5.267937853932380676e-02,2.151007018983364105e-02,-2.743209302425384521e-01,9.599532485008239746e-01,0.000000000000000000e+00,0.000000000000000000e+00,-1.238831505179405212e-01,-1.249978780746459961e+00,2.175372540950775146e-01,-3.206866383552551270e-01,-7.435968518257141113e-02,1.164863348007202148e+00,3.375827372074127197e-01,6.512281894683837891e-01,1.568396091461181641e-01,-1.058431148529052734e+00,-1.274787783622741699e-01,-9.308170527219772339e-02,3.187319934368133545e-01,-1.660056263208389282e-01,1.220014020800590515e-01,-6.756199598312377930e-01,-3.247355669736862183e-02,-1.997551321983337402e-01,7.293556928634643555e-01,-2.801481485366821289e-01,-2.183457277715206146e-02
6.621852517127990723e-02,-1.627263277769088745e-01,7.027291655540466309e-01,5.086032673716545105e-02,1.279953401535749435e-02,-2.653648257255554199e-01,9.627205729484558105e-01,0.000000000000000000e+00,0.000000000000000000e+00,-1.000824868679046631e-01,-1.247370243072509766e+00,1.887359023094177246e-01,-3.044162690639495850e-01,-8.361036330461502075e-02,1.173561573028564453e+00,3.644571602344512939e-01,6.607368588447570801e-01,1.577096432447433472e-01,-1.057615041732788086e+00,-1.647821515798568726e-01,-1.019736528396606445e-01,1.473011821508407593e-01,-1.208691298961639404e-01,1.070844233036041260e-01,-6.501432061195373535e-01,-4.004154726862907410e-02,-2.259413897991180420e-01,7.265172600746154785e-01,-2.925187945365905762e-01,-2.108963578939437866e-02
6.435158848762512207e-02,-1.636067181825637817e-01,6.997025609016418457e-01,4.599652439355850220e-02,2.671146066859364510e-03,-2.614445388317108154e-01,9.641182422637939453e-01,0.000000000000000000e+00,0.000000000000000000e+00,-6.694650650024414062e-02,-1.248660206794738770e+00,1.802155077457427979e-01,-2.935670018196105957e-01,-8.236642926931381226e-02,1.189536929130554199e+00,3.806775212287902832e-01,6.645740270614624023e-01,1.680012196302413940e-01,-1.088105320930480957e+00,-1.998984068632125854e-01,-1.005820482969284058e-01,9.194411337375640869e-02,-1.100117564201354980e-01,9.755258262157440186e-02,-6.540532708168029785e-01,-5.683784186840057373e-02,-2.592549622058868408e-01,7.919899225234985352e-01,-3.376013934612274170e-01,-1.034118235111236572e-02
6.183973699808120728e-02,-1.641431450843811035e-01,6.970288753509521484e-01,4.541900753974914551e-02,-8.920929394662380219e-03,-2.619718909263610840e-01,9.639648795127868652e-01,0.000000000000000000e+00,0.000000000000000000e+00,-4.288795217871665955e-02,-1.246976852416992188e+00,1.645497083663940430e-01,-2.863177657127380371e-01,-8.699780702590942383e-02,1.201477289199829102e+00,4.036594629287719727e-01,6.703079938888549805e-01,1.464900225400924683e-01,-1.095694780349731445e+00,-1.999798119068145752e-01,-9.115860611200332642e-02,3.991023451089859009e-02,-8.328388631343841553e-02,8.348619192838668823e-02,-6.548584699630737305e-01,-5.447988212108612061e-02,-2.556142807006835938e-01,8.341364264488220215e-01,-3.627301156520843506e-01,-9.815335273742675781e-03
5.972896143794059753e-02,-1.639332771301269531e-01,6.944514513015747070e-01,4.581395536661148071e-02,-2.066198736429214478e-02,-2.638510465621948242e-01,9.632532596588134766e-01,0.000000000000000000e+00,0.000000000000000000e+00,-2.267311699688434601e-02,-1.248502969741821289e+00,1.532880365848541260e-01,-2.826939523220062256e-01,-9.357166290283203125e-02,1.211912393569946289e+00,4.286668598651885986e-01,6.741451621055603027e-01,1.243816241621971130e-01,-1.092665672302246094e+00,-1.999849826097488403e-01,-7.918740063905715942e-02,4.280396969988942146e-04,-5.403673648834228516e-02,7.713213562965393066e-02,-6.501162052154541016e-01,-5.120581388473510742e-02,-2.462575733661651611e-01,8.622446656227111816e-01,-3.780640065670013428e-01,-6.356087978929281235e-03
5.809030681848526001e-02,-1.630752682685852051e-01,6.920989155769348145e-01,4.734340310096740723e-02,-3.291857615113258362e-02,-2.682390809059143066e-01,9.616250395774841309e-01,0.000000000000000000e+00,0.000000000000000000e+00,-3.117843996733427048e-03,-1.253040790557861328e+00,1.471704244613647461e-01,-2.793488204479217529e-01,-1.003103032708168030e-01,1.222128272056579590e+00,4.544441998004913330e-01,6.738033294677734375e-01,1.057944595813751221e-01,-1.091797232627868652e+00,-1.999854445457458496e-01,-6.405938416719436646e-02,5.350496223854861455e-08,-3.250488266348838806e-02,7.470244914293289185e-02,-6.415666341781616211e-01,-5.022262781858444214e-02,-2.331228256225585938e-01,8.841493129730224609e-01,-3.891942501068115234e-01,-2.888527698814868927e-03
5.800949409604072571e-02,-1.613590568304061890e-01,6.911197304725646973e-01,4.885868728160858154e-02,-4.195452481508255005e-02,-2.769463956356048584e-01,9.587248563766479492e-01,0.000000000000000000e+00,0.000000000000000000e+00,1.683927699923515320e-02,-1.259873867034912109e+00,1.439187824726104736e-01,-2.747673690319061279e-01,-1.085445508360862732e-01,1.232934117317199707e+00,4.795325398445129395e-01,6.672607064247131348e-01,9.192008525133132935e-02,-1.079027295112609863e+00,-1.999873518943786621e-01,-4.546086117625236511e-02,8.497761155012995005e-05,-1.643874682486057281e-02,7.413142174482345581e-02,-6.336520910263061523e-01,-4.688622057437896729e-02,-2.175402194261550903e-01,8.962047696113586426e-01,-3.944201767444610596e-01,4.627499263733625412e-03
5.876402929425239563e-02,-1.591620594263076782e-01,6.904730796813964844e-01,5.081744119524955750e-02,-5.041933432221412659e-02,-2.875148653984069824e-01,9.550971984863281250e-01,0.000000000000000000e+00,0.000000000000000000e+00,3.563965111970901489e-02,-1.267298698425292969e+00,1.466863900423049927e-01,-2.719016373157501221e-01,-1.175504252314567566e-01,1.243520498275756836e+00,5.051406621932983398e-01,6.567667126655578613e-01,8.423044532537460327e-02,-1.057784199714660645e+00,-1.999832987785339355e-01,-3.158736228942871094e-02,8.586504496634006500e-03,-8.724134415388107300e-03,7.705352455377578735e-02,-6.243813633918762207e-01,-4.501309245824813843e-02,-1.993269473314285278e-01,9.046970009803771973e-01,-3.952422440052032471e-01,1.175662595778703690e-02
6.092207133769989014e-02,-1.563957780599594116e-01,6.904591917991638184e-01,5.125058442354202271e-02,-5.659237504005432129e-02,-2.991351187229156494e-01,9.511513113975524902e-01,0.000000000000000000e+00,0.000000000000000000e+00,4.457522928714752197e-02,-1.273052573204040527e+00,1.526149064302444458e-01,-2.746681272983551025e-01,-1.265253275632858276e-01,1.254856348037719727e+00,5.281249284744262695e-01,6.402624249458312988e-01,7.845693826675415039e-02,-1.034378886222839355e+00,-1.999849826097488403e-01,-1.710099354386329651e-02,3.740782290697097778e-02,-5.541516467928886414e-03,7.782067358493804932e-02,-6.150414943695068359e-01,-4.007099196314811707e-02,-1.814434826374053955e-01,9.078071117401123047e-01,-3.927273452281951904e-01,2.200221456587314606e-02
6.359454244375228882e-02,-1.536944061517715454e-01,6.902249455451965332e-01,5.351244658231735229e-02,-6.327124685049057007e-02,-3.116282522678375244e-01,9.465838670730590820e-01,0.000000000000000000e+00,0.000000000000000000e+00,4.499964788556098938e-02,-1.278322935104370117e+00,1.634875088930130005e-01,-2.819297015666961670e-01,-1.337541639804840088e-01,1.267343521118164062e+00,5.500136613845825195e-01,6.197561621665954590e-01,7.715544104576110840e-02,-1.009965419769287109e+00,-1.999821662902832031e-01,-1.810120185837149620e-03,8.681219071149826050e-02,-9.319512173533439636e-03,7.986908406019210815e-02,-6.048274636268615723e-01,-4.058950394392013550e-02,-1.612987369298934937e-01,9.113733768463134766e-01,-3.965276777744293213e-01,2.540616132318973541e-02
6.819061189889907837e-02,-1.506263464689254761e-01,6.931877732276916504e-01,5.445422604680061340e-02,-6.615643203258514404e-02,-3.261778652667999268e-01,9.414170384407043457e-01,0.000000000000000000e+00,0.000000000000000000e+00,2.691076695919036865e-02,-1.281357526779174805e+00,1.818311512470245361e-01,-2.824409902095794678e-01,-1.623929142951965332e-01,1.282665014266967773e+00,5.978094339370727539e-01,5.758150815963745117e-01,7.987958192825317383e-02,-1.060438156127929688e+00,-1.998903602361679077e-01,2.507916279137134552e-02,2.993892431259155273e-01,-9.519688785076141357e-02,9.103231877088546753e-02,-5.163654685020446777e-01,-2.407436072826385498e-02,-1.374404281377792358e-01,7.589370608329772949e-01,-3.189522325992584229e-01,3.537034243345260620e-02
7.458907365798950195e-02,-1.491273194551467896e-01,6.972287297248840332e-01,6.295555084943771362e-02,-5.888270959258079529e-02,-3.421258926391601562e-01,9.356918931007385254e-01,0.000000000000000000e+00,0.000000000000000000e+00,-8.009308949112892151e-03,-1.282010316848754883e+00,1.923492103815078735e-01,-2.980799973011016846e-01,-1.911635547876358032e-01,1.267030119895935059e+00,6.156382560729980469e-01,5.574838519096374512e-01,7.204100489616394043e-02,-1.031571626663208008e+00,-1.905704438686370850e-01,3.812171891331672668e-02,3.448581099510192871e-01,-1.041333302855491638e-01,8.993129432201385498e-02,-4.924539327621459961e-01,-1.898217573761940002e-02,-9.019136428833007812e-02,6.829258799552917480e-01,-2.917805016040802002e-01,4.331432282924652100e-02
7.993946969509124756e-02,-1.456261128187179565e-01,6.981206536293029785e-01,6.175078824162483215e-02,-6.122744455933570862e-02,-3.576767146587371826e-01,9.297878146171569824e-01,0.000000000000000000e+00,0.000000000000000000e+00,-1.785389333963394165e-02,-1.282452821731567383e+00,2.192912399768829346e-01,-3.119938075542449951e-01,-1.898424178361892700e-01,1.276112675666809082e+00,6.166161298751831055e-01,5.250064730644226074e-01,7.243263721466064453e-02,-9.664015173912048340e-01,-1.785810291767120361e-01,4.600006714463233948e-02,3.821149468421936035e-01,-1.059848219156265259e-01,9.637390822172164917e-02,-4.774783551692962646e-01,-1.072246115654706955e-02,-6.356645375490188599e-02,6.674805879592895508e-01,-2.798644006252288818e-01,4.845885559916496277e-02
8.572708070278167725e-02,-1.421885192394256592e-01,6.990415453910827637e-01,6.010004132986068726e-02,-6.223067268729209900e-02,-3.738609254360198975e-01,9.234410524368286133e-01,0.000000000000000000e+00,0.000000000000000000e+00,-3.212904930114746094e-02,-1.282088875770568848e+00,2.494500279426574707e-01,-3.267310261726379395e-01,-1.834614127874374390e-01,1.282413482666015625e+00,6.053441762924194336e-01,4.915392100811004639e-01,7.388018816709518433e-02,-8.918799161911010742e-01,-1.639013737440109253e-01,5.551582202315330505e-02,4.196027815341949463e-01,-1.078296676278114319e-01,1.086382344365119934e-01,-4.646996259689331055e-01,-9.419767884537577629e-04,-3.615726158022880554e-02,6.518732309341430664e-01,-2.680504620075225830e-01,5.497861281037330627e-02
9.183172881603240967e-02,-1.390297561883926392e-01,7.000996470451354980e-01,5.804807692766189575e-02,-6.161057949066162109e-02,-3.903375267982482910e-01,9.167721271514892578e-01,0.000000000000000000e+00,0.000000000000000000e+00,-4.837949201464653015e-02,-1.281788110733032227e+00,2.793163657188415527e-01,-3.393574059009552002e-01,-1.719731241464614868e-01,1.283700227737426758e+00,5.837011337280273438e-01,4.616124629974365234e-01,7.380126416683197021e-02,-8.204414844512939453e-01,-1.469104886054992676e-01,6.476020067930221558e-02,4.757531285285949707e-01,-1.133686304092407227e-01,1.226990595459938049e-01,-4.539944231510162354e-01,1.131634879857301712e-02,-7.851789705455303192e-03,6.344493031501770020e-01,-2.559438347816467285e-01,5.860328674316406250e-02
9.770517796277999878e-02,-1.363566666841506958e-01,7.010670900344848633e-01,5.536049976944923401e-02,-6.002559885382652283e-02,-4.050144553184509277e-01,9.106565713882446289e-01,0.000000000000000000e+00,0.000000000000000000e+00,-6.608323007822036743e-02,-1.279082894325256348e+00,3.164684474468231201e-01,-3.517960011959075928e-01,-1.530989557504653931e-01,1.280893564224243164e+00,5.500010251998901367e-01,4.368245899677276611e-01,7.522406429052352905e-02,-7.578421831130981445e-01,-1.268101036548614502e-01,8.232600986957550049e-02,5.555785298347473145e-01,-1.342546939849853516e-01,1.403171718120574951e-01,-4.430447518825531006e-01,2.350777760148048401e-02,1.599956676363945007e-02,6.153187155723571777e-01,-2.464232146739959717e-01,6.252055615186691284e-02
1.032463759183883667e-01,-1.337176412343978882e-01,7.014516592025756836e-01,5.104743689298629761e-02,-5.804984644055366516e-02,-4.190621972084045410e-01,9.046608209609985352e-01,0.000000000000000000e+00,0.000000000000000000e+00,-8.654087036848068237e-02,-1.275859594345092773e+00,3.576166033744812012e-01,-3.709433972835540771e-01,-1.313460618257522583e-01,1.270866632461547852e+00,5.110634565353393555e-01,4.148752093315124512e-01,7.816399633884429932e-02,-6.977360844612121582e-01,-1.056542545557022095e-01,1.038208156824111938e-01,6.429842114448547363e-01,-1.619502753019332886e-01,1.609264463186264038e-01,-4.324451088905334473e-01,3.838174790143966675e-02,3.619766980409622192e-02,5.967686176300048828e-01,-2.336851507425308228e-01,6.708180904388427734e-02
1.081726700067520142e-01,-1.319285184144973755e-01,7.022799253463745117e-01,4.642430320382118225e-02,-5.345534160733222961e-02,-4.291808903217315674e-01,9.004393815994262695e-01,0.000000000000000000e+00,0.000000000000000000e+00,-1.060029268264770508e-01,-1.269341945648193359e+00,4.017418324947357178e-01,-3.958269655704498291e-01,-1.028264462947845459e-01,1.260054230690002441e+00,4.621734619140625000e-01,3.995928168296813965e-01,8.301582932472229004e-02,-6.401358246803283691e-01,-7.892604917287826538e-02,1.317967325448989868e-01,7.303377985954284668e-01,-1.984779238700866699e-01,1.804206073284149170e-01,-4.200741648674011230e-01,5.222345516085624695e-02,4.795226082205772400e-02,5.675861239433288574e-01,-2.202554196119308472e-01,6.606503576040267944e-02
1.125594750046730042e-01,-1.301425099372863770e-01,7.030654549598693848e-01,4.052710160613059998e-02,-4.757560044527053833e-02,-4.384813308715820312e-01,8.965646624565124512e-01,0.000000000000000000e+00,0.000000000000000000e+00,-1.254697591066360474e-01,-1.261858105659484863e+00,4.456855654716491699e-01,-4.238661527633666992e-01,-7.417821139097213745e-02,1.246827721595764160e+00,4.100307524204254150e-01,3.858213424682617188e-01,9.259680658578872681e-02,-5.803381800651550293e-01,-4.951449483633041382e-02,1.663604974746704102e-01,8.082142472267150879e-01,-2.316218465566635132e-01,1.955993473529815674e-01,-4.037084281444549561e-01,6.636145710945129395e-02,5.065803974866867065e-02,5.275586843490600586e-01,-2.024389058351516724e-01,6.619419902563095093e-02
1.155840307474136353e-01,-1.289106756448745728e-01,7.043031454086303711e-01,3.773032128810882568e-02,-4.186253994703292847e-02,-4.474593997001647949e-01,8.925268054008483887e-01,0.000000000000000000e+00,0.000000000000000000e+00,-1.471178978681564331e-01,-1.257769465446472168e+00,4.947536885738372803e-01,-4.470410048961639404e-01,-4.348178952932357788e-02,1.229201078414916992e+00,3.581384420394897461e-01,3.840779364109039307e-01,1.046877205371856689e-01,-5.128856897354125977e-01,-1.247679535299539566e-02,2.142514437437057495e-01,8.713354468345642090e-01,-2.506140172481536865e-01,2.030252069234848022e-01,-3.790379166603088379e-01,7.184415310621261597e-02,4.636594280600547791e-02,4.665878713130950928e-01,-1.775745600461959839e-01,6.123900040984153748e-02
1.171736791729927063e-01,-1.276250034570693970e-01,7.053428888320922852e-01,3.459531813859939575e-02,-3.691993281245231628e-02,-4.530424773693084717e-01,8.900520205497741699e-01,0.000000000000000000e+00,0.000000000000000000e+00,-1.678921282291412354e-01,-1.256490230560302734e+00,5.487044453620910645e-01,-4.669922590255737305e-01,-1.268353592604398727e-02,1.212440371513366699e+00,3.042314052581787109e-01,3.836978673934936523e-01,1.185324341058731079e-01,-4.346541166305541992e-01,2.397773787379264832e-02,2.609837651252746582e-01,9.202687144279479980e-01,-2.452096641063690186e-01,1.974255293607711792e-01,-3.453096747398376465e-01,7.594823092222213745e-02,3.730319067835807800e-02,3.905077576637268066e-01,-1.477527767419815063e-01,5.733896046876907349e-02
1.171154230833053589e-01,-1.249751523137092590e-01,7.049022316932678223e-01,2.749950252473354340e-02,-3.555747866630554199e-02,-4.544664323329925537e-01,8.896290063858032227e-01,0.000000000000000000e+00,0.000000000000000000e+00,-1.862967163324356079e-01,-1.260174036026000977e+00,5.995968580245971680e-01,-4.862749874591827393e-01,1.447866670787334442e-02,1.198801398277282715e+00,2.425235658884048462e-01,3.757553696632385254e-01,1.365371495485305786e-01,-3.442963957786560059e-01,5.192982032895088196e-02,3.088671267032623291e-01,9.430227875709533691e-01,-2.242468148469924927e-01,1.826359033584594727e-01,-3.120064437389373779e-01,8.404871821403503418e-02,2.153758518397808075e-02,3.295361101627349854e-01,-1.162758097052574158e-01,6.042958423495292664e-02
1.153822392225265503e-01,-1.221114397048950195e-01,7.043674588203430176e-01,2.251848205924034119e-02,-3.550934419035911560e-02,-4.539565443992614746e-01,8.900311589241027832e-01,0.000000000000000000e+00,0.000000000000000000e+00,-2.044299840927124023e-01,-1.265040397644042969e+00,6.600182652473449707e-01,-5.109379291534423828e-01,4.134373366832733154e-02,1.187453389167785645e+00,1.938686817884445190e-01,3.673001229763031006e-01,1.548187732696533203e-01,-2.500336468219757080e-01,7.408965378999710083e-02,3.539434373378753662e-01,9.472793936729431152e-01,-1.875659376382827759e-01,1.556386053562164307e-01,-2.697287201881408691e-01,8.653267472982406616e-02,-1.317441812716424465e-03,2.497765272855758667e-01,-8.018964529037475586e-02,6.375017762184143066e-02
1.120518743991851807e-01,-1.192345023155212402e-01,7.038258910179138184e-01,1.964985765516757965e-02,-3.525312617421150208e-02,-4.490774571895599365e-01,8.925808072090148926e-01,0.000000000000000000e+00,0.000000000000000000e+00,-2.276272624731063843e-01,-1.275651931762695312e+00,7.222918272018432617e-01,-5.443172454833984375e-01,6.170720607042312622e-02,1.181800603866577148e+00,1.537912189960479736e-01,3.553365767002105713e-01,1.735630929470062256e-01,-1.588047891855239868e-01,8.735436201095581055e-02,3.953945934772491455e-01,9.302512407302856445e-01,-1.452069878578186035e-01,1.249955072999000549e-01,-2.285789847373962402e-01,8.473294973373413086e-02,-3.272757306694984436e-02,1.653067022562026978e-01,-4.221653938293457031e-02,6.579844653606414795e-02
1.069985330104827881e-01,-1.161520630121231079e-01,7.032191157341003418e-01,1.827416382730007172e-02,-3.542652726173400879e-02,-4.386912286281585693e-01,8.977532982826232910e-01,0.000000000000000000e+00,0.000000000000000000e+00,-2.576330304145812988e-01,-1.291925668716430664e+00,7.901589274406433105e-01,-5.836230516433715820e-01,7.413372397422790527e-02,1.182824611663818359e+00,1.204572916030883789e-01,3.356112539768218994e-01,1.877291649580001831e-01,-7.997262477874755859e-02,9.248367697000503540e-02,4.288105070590972900e-01,8.883059620857238770e-01,-1.096186861395835876e-01,9.208168834447860718e-02,-1.948659271001815796e-01,8.001247048377990723e-02,-7.200767844915390015e-02,9.020385891199111938e-02,-4.315977450460195541e-03,7.113695889711380005e-02
1.005770266056060791e-01,-1.137243509292602539e-01,7.032648921012878418e-01,1.967413723468780518e-02,-3.282001242041587830e-02,-4.201781153678894043e-01,9.066345095634460449e-01,0.000000000000000000e+00,0.000000000000000000e+00,-2.943688035011291504e-01,-1.314250707626342773e+00,8.614302873611450195e-01,-6.264154314994812012e-01,8.318962901830673218e-02,1.186952352523803711e+00,9.957529604434967041e-02,3.187172114849090576e-01,1.933533400297164917e-01,-2.072140015661716461e-02,9.484816342592239380e-02,4.560130834579467773e-01,8.347269892692565918e-01,-8.686574548482894897e-02,6.675367802381515503e-02,-1.772247999906539917e-01,7.052756100893020630e-02,-1.164530962705612183e-01,2.935076877474784851e-02,3.035120852291584015e-02,7.644406706094741821e-02
9.307819604873657227e-02,-1.112562865018844604e-01,7.035626173019409180e-01,2.069408260285854340e-02,-2.850982546806335449e-02,-3.930785357952117920e-01,9.188297986984252930e-01,0.000000000000000000e+00,0.000000000000000000e+00,-3.340802490711212158e-01,-1.336844086647033691e+00,9.328677654266357422e-01,-6.794618368148803711e-01,8.562008291482925415e-02,1.196270346641540527e+00,8.435884863138198853e-02,3.013805747032165527e-01,1.912140548229217529e-01,1.685393042862415314e-02,9.020783752202987671e-02,4.685606956481933594e-01,7.659360766410827637e-01,-7.764513045549392700e-02,5.185616388916969299e-02,-1.805966943502426147e-01,5.832807719707489014e-02,-1.625466048717498779e-01,2.371505303244703100e-07,5.958231166005134583e-02,8.837135881185531616e-02
8.484100550413131714e-02,-1.091566234827041626e-01,7.043910026550292969e-01,2.227418497204780579e-02,-2.196018211543560028e-02,-3.566288948059082031e-01,9.337223768234252930e-01,0.000000000000000000e+00,0.000000000000000000e+00,-3.779275715351104736e-01,-1.366347193717956543e+00,1.001072883605957031e+00,-7.382980585098266602e-01,8.448704332113265991e-02,1.205853819847106934e+00,7.609283179044723511e-02,2.839949131011962891e-01,1.828418970108032227e-01,3.600578755140304565e-02,7.543798536062240601e-02,4.642658233642578125e-01,6.807469725608825684e-01,-8.690271526575088501e-02,4.807104170322418213e-02,-2.037816643714904785e-01,3.749652206897735596e-02,-2.094794213771820068e-01,1.841067403713400434e-16,7.792566716670989990e-02,9.849407523870468140e-02
7.626952975988388062e-02,-1.069415137171745300e-01,7.054157853126525879e-01,2.334408462047576904e-02,-1.476612593978643417e-02,-3.139137923717498779e-01,9.490495920181274414e-01,0.000000000000000000e+00,0.000000000000000000e+00,-4.190674722194671631e-01,-1.399498343467712402e+00,1.065159320831298828e+00,-7.855193614959716797e-01,7.741104066371917725e-02,1.214067697525024414e+00,6.529468297958374023e-02,2.612462341785430908e-01,1.715774089097976685e-01,4.298256337642669678e-02,5.262895300984382629e-02,4.445469081401824951e-01,5.797921419143676758e-01,-1.035391241312026978e-01,4.681824147701263428e-02,-2.266834229230880737e-01,1.129701361060142517e-02,-2.527930438518524170e-01,-2.927239986592455184e-18,1.019495427608489990e-01,1.124227643013000488e-01
6.876635551452636719e-02,-1.052077412605285645e-01,7.071081995964050293e-01,2.428282238543033600e-02,-2.054627984762191772e-03,-2.651215195655822754e-01,9.639070034027099609e-01,0.000000000000000000e+00,0.000000000000000000e+00,-4.539882242679595947e-01,-1.431784510612487793e+00,1.114259839057922363e+00,-8.284136056900024414e-01,6.459622830152511597e-02,1.219528198242187500e+00,5.815851688385009766e-02,2.415005415678024292e-01,1.570759862661361694e-01,3.669496253132820129e-02,2.414713241159915924e-02,4.089825451374053955e-01,4.685408473014831543e-01,-1.323606222867965698e-01,5.527811124920845032e-02,-2.579235732555389404e-01,-1.958236470818519592e-02,-2.845825254917144775e-01,-1.090687268487920171e-18,1.294232457876205444e-01,1.186079010367393494e-01
6.177892163395881653e-02,-1.028360873460769653e-01,7.077797055244445801e-01,2.293938770890235901e-02,1.029880251735448837e-02,-2.139907032251358032e-01,9.765120148658752441e-01,0.000000000000000000e+00,0.000000000000000000e+00,-4.850930273532867432e-01,-1.458052039146423340e+00,1.167232751846313477e+00,-8.632971048355102539e-01,5.305860564112663269e-02,1.217765569686889648e+00,3.839557990431785583e-02,2.333887368440628052e-01,1.404450833797454834e-01,2.795002423226833344e-02,-2.889469498768448830e-03,3.722829520702362061e-01,3.617564439773559570e-01,-1.704879254102706909e-01,7.732013612985610962e-02,-2.933794856071472168e-01,-5.348449945449829102e-02,-3.050263524055480957e-01,1.217333506792783737e-02,1.565046757459640503e-01,1.237245500087738037e-01
5.586940795183181763e-02,-1.005726680159568787e-01,7.107705473899841309e-01,2.347910217940807343e-02,2.367586828768253326e-02,-1.652439236640930176e-01,9.856889247894287109e-01,0.000000000000000000e+00,0.000000000000000000e+00,-4.942944645881652832e-01,-1.470682263374328613e+00,1.195134878158569336e+00,-8.836623430252075195e-01,4.055445268750190735e-02,1.207490324974060059e+00,1.913682371377944946e-02,2.354036867618560791e-01,1.322803199291229248e-01,1.881327666342258453e-02,-2.694481424987316132e-02,3.373565971851348877e-01,2.578621804714202881e-01,-1.893280893564224243e-01,1.001827046275138855e-01,-3.387538492679595947e-01,-9.472011029720306396e-02,-2.962304651737213135e-01,3.491489589214324951e-02,2.176241427659988403e-01,1.473733633756637573e-01
5.111983045935630798e-02,-9.820807725191116333e-02,7.140632867813110352e-01,2.258584275841712952e-02,3.821720927953720093e-02,-1.182379573583602905e-01,9.919924736022949219e-01,0.000000000000000000e+00,0.000000000000000000e+00,-4.791049063205718994e-01,-1.463385224342346191e+00,1.198672533035278320e+00,-8.926035165786743164e-01,2.571346610784530640e-02,1.192410111427307129e+00,4.015073180198669434e-03,2.491054981946945190e-01,1.275496333837509155e-01,2.842064248397946358e-03,-4.641576483845710754e-02,2.990620136260986328e-01,1.700915545225143433e-01,-1.887503415346145630e-01,1.132091283798217773e-01,-3.852601051330566406e-01,-1.252240389585494995e-01,-2.421670705080032349e-01,4.274940863251686096e-02,2.551438212394714355e-01,1.726633459329605103e-01
4.665558040142059326e-02,-9.498444199562072754e-02,7.159759998321533203e-01,2.364278770983219147e-02,4.848350584506988525e-02,-8.218094706535339355e-02,9.951565861701965332e-01,0.000000000000000000e+00,0.000000000000000000e+00,-4.207789003849029541e-01,-1.446460247039794922e+00,1.161717891693115234e+00,-8.739366531372070312e-01,1.488628331571817398e-02,1.178753137588500977e+00,7.319194846786558628e-04,2.750798165798187256e-01,1.119315177202224731e-01,-3.173605538904666901e-03,-7.247083634138107300e-02,2.946673035621643066e-01,9.242132306098937988e-02,-1.795522719621658325e-01,1.226258128881454468e-01,-4.206480979919433594e-01,-1.414055228233337402e-01,-1.659603416919708252e-01,3.933981060981750488e-02,2.758497297763824463e-01,1.730795055627822876e-01
4.459741711616516113e-02,-9.246601909399032593e-02,7.176841497421264648e-01,2.169510535895824432e-02,6.311371922492980957e-02,-4.585862532258033752e-02,9.967160820960998535e-01,0.000000000000000000e+00,0.000000000000000000e+00,-3.588213026523590088e-01,-1.399917483329772949e+00,1.105109691619873047e+00,-8.429064750671386719e-01,-9.841349907219409943e-03,1.159101247787475586e+00,-1.273006107658147812e-02,3.149572610855102539e-01,1.015364229679107666e-01,-1.007664110511541367e-02,-9.144927561283111572e-02,2.569612860679626465e-01,8.240420371294021606e-03,-1.596478819847106934e-01,1.216009184718132019e-01,-4.508090019226074219e-01,-1.541274040937423706e-01,-1.024645194411277771e-01,4.800966382026672363e-02,2.854294776916503906e-01,1.764142513275146484e-01
4.378179833292961121e-02,-9.073390811681747437e-02,7.193186283111572266e-01,1.881663501262664795e-02,7.811779528856277466e-02,-8.474821224808692932e-03,9.967305064201354980e-01,0.000000000000000000e+00,0.000000000000000000e+00,-2.992751300334930420e-01,-1.330669403076171875e+00,1.021440863609313965e+00,-7.859889864921569824e-01,-5.338747799396514893e-02,1.130845665931701660e+00,-3.170311450958251953e-02,3.608862757682800293e-01,1.063926070928573608e-01,-5.467341840267181396e-02,-9.615386277437210083e-02,1.924767941236495972e-01,2.575131441417966016e-09,-1.641633212566375732e-01,1.111376434564590454e-01,-4.811055660247802734e-01,-1.715700030326843262e-01,-5.861159786581993103e-02,7.311534881591796875e-02,2.759463191032409668e-01,1.885482519865036011e-01
4.180693253874778748e-02,-8.757541328668594360e-02,7.200248241424560547e-01,1.742046512663364410e-02,8.437230437994003296e-02,1.374811213463544846e-02,9.961871504783630371e-01,0.000000000000000000e+00,0.000000000000000000e+00,-2.171336710453033447e-01,-1.279684424400329590e+00,8.882321119308471680e-01,-6.964226365089416504e-01,-8.838848024606704712e-02,1.113400578498840332e+00,-4.192264378070831299e-02,4.157621860504150391e-01,1.072380691766738892e-01,-8.045247942209243774e-02,-1.062041074037551880e-01,1.670581102371215820e-01,8.039251112279240455e-16,-1.677136272192001343e-01,1.054948270320892334e-01,-5.072612166404724121e-01,-1.825364381074905396e-01,-2.567145228385925293e-02,1.049077510833740234e-01,2.593837976455688477e-01,1.844121962785720825e-01
3.945462033152580261e-02,-8.385165035724639893e-02,7.208983302116394043e-01,1.336097251623868942e-02,8.578610420227050781e-02,3.152247518301010132e-02,9.957251548767089844e-01,0.000000000000000000e+00,0.000000000000000000e+00,-1.476605236530303955e-01,-1.242253661155700684e+00,7.468523383140563965e-01,-5.758539438247680664e-01,-1.213644817471504211e-01,1.101288914680480957e+00,-4.535135626792907715e-02,4.913379549980163574e-01,1.041235849261283875e-01,-9.327220916748046875e-02,-1.089423075318336487e-01,1.556351184844970703e-01,-1.099237007299268265e-18,-1.662749648094177246e-01,1.052320525050163269e-01,-5.270511507987976074e-01,-1.840469837188720703e-01,4.525016527622938156e-03,1.300520300865173340e-01,2.461883127689361572e-01,1.825004816055297852e-01
3.796419128775596619e-02,-8.017127215862274170e-02,7.215914726257324219e-01,9.541716426610946655e-03,8.745167404413223267e-02,4.395957663655281067e-02,9.951525926589965820e-01,0.000000000000000000e+00,0.000000000000000000e+00,-9.672290831804275513e-02,-1.212369680404663086e+00,6.064186096191406250e-01,-4.464579522609710693e-01,-1.461246311664581299e-01,1.094592690467834473e+00,-4.711539670825004578e-02,5.729847550392150879e-01,9.950838983058929443e-02,-1.030701100826263428e-01,-1.110755354166030884e-01,1.490280628204345703e-01,-1.987351052495402171e-19,-1.647809147834777832e-01,1.063458248972892761e-01,-5.431973934173583984e-01,-1.806905567646026611e-01,3.275929018855094910e-02,1.521384268999099731e-01,2.311206758022308350e-01,1.787362843751907349e-01
3.713900595903396606e-02,-7.685302197933197021e-02,7.219974398612976074e-01,6.697201170027256012e-03,8.880343288183212280e-02,5.242864415049552917e-02,9.946458339691162109e-01,0.000000000000000000e+00,0.000000000000000000e+00,-5.498563125729560852e-02,-1.181293606758117676e+00,4.693346917629241943e-01,-3.271062374114990234e-01,-1.683248430490493774e-01,1.097280502319335938e+00,-4.765757545828819275e-02,6.447021365165710449e-01,9.019711613655090332e-02,-1.087350919842720032e-01,-1.133855953812599182e-01,1.492573469877243042e-01,1.123377446296015825e-19,-1.664837598800659180e-01,1.073869466781616211e-01,-5.551094412803649902e-01,-1.746167540550231934e-01,5.967245623469352722e-02,1.698525547981262207e-01,2.233306616544723511e-01,1.764857470989227295e-01
3.679849952459335327e-02,-7.412387430667877197e-02,7.223109602928161621e-01,3.980752080678939819e-03,8.937156200408935547e-02,6.009487807750701904e-02,9.941757917404174805e-01,0.000000000000000000e+00,0.000000000000000000e+00,-2.025799639523029327e-02,-1.150355458259582520e+00,3.396323025226593018e-01,-2.367595136165618896e-01,-1.807685345411300659e-01,1.103690743446350098e+00,-4.242222383618354797e-02,7.057784199714660645e-01,7.815164327621459961e-02,-1.110509932041168213e-01,-1.136792153120040894e-01,1.482911407947540283e-01,2.100562299851859750e-18,-1.684073507785797119e-01,1.094045341014862061e-01,-5.695980787277221680e-01,-1.668261736631393433e-01,8.339328318834304810e-02,1.973757594823837280e-01,2.073862701654434204e-01,1.724066287279129028e-01
3.797965124249458313e-02,-7.206261903047561646e-02,7.224133610725402832e-01,1.970461802557110786e-03,9.354133158922195435e-02,6.623099744319915771e-02,9.934080839157104492e-01,0.000000000000000000e+00,0.000000000000000000e+00,1.120729837566614151e-02,-1.121114850044250488e+00,2.265657782554626465e-01,-1.804312914609909058e-01,-1.887439936399459839e-01,1.112360596656799316e+00,-3.550595790147781372e-02,7.566984891891479492e-01,6.578727066516876221e-02,-1.185938492417335510e-01,-1.145040914416313171e-01,1.475445926189422607e-01,-1.575659952905310085e-18,-1.773146688938140869e-01,1.110424697399139404e-01,-5.909648537635803223e-01,-1.596539616584777832e-01,9.921018779277801514e-02,2.326377630233764648e-01,1.841403692960739136e-01,1.687053889036178589e-01
3.872172161936759949e-02,-7.101335376501083374e-02,7.223576307296752930e-01,7.984928088262677193e-04,9.355545043945312500e-02,7.177347689867019653e-02,9.930233359336853027e-01,0.000000000000000000e+00,0.000000000000000000e+00,4.219055920839309692e-02,-1.096316695213317871e+00,1.398473232984542847e-01,-1.459654271602630615e-01,-1.859211921691894531e-01,1.120085835456848145e+00,-3.400290384888648987e-02,7.934713363647460938e-01,5.473249033093452454e-02,-1.169635057449340820e-01,-1.137695685029029846e-01,1.456132680177688599e-01,8.123376836413761463e-19,-1.790292561054229736e-01,1.133546531200408936e-01,-6.169534921646118164e-01,-1.505346149206161499e-01,1.123032867908477783e-01,2.885326743125915527e-01,1.515949815511703491e-01,1.643989384174346924e-01
3.993695974349975586e-02,-7.078635692596435547e-02,7.223207950592041016e-01,8.950891788117587566e-04,9.387079626321792603e-02,7.440877705812454224e-02,9.927994608879089355e-01,0.000000000000000000e+00,0.000000000000000000e+00,7.278122007846832275e-02,-1.084945917129516602e+00,8.467447012662887573e-02,-1.267683655023574829e-01,-1.826751083135604858e-01,1.128426671028137207e+00,-3.414441645145416260e-02,8.187150359153747559e-01,4.382731020450592041e-02,-1.145857870578765869e-01,-1.136632114648818970e-01,1.503858864307403564e-01,7.045527411032664281e-19,-1.794095486402511597e-01,1.157861426472663879e-01,-6.518786549568176270e-01,-1.409309059381484985e-01,1.248874068260192871e-01,3.483727872371673584e-01,1.212924495339393616e-01,1.631484627723693848e-01
4.162750765681266785e-02,-7.169302552938461304e-02,7.221177816390991211e-01,2.072695409879088402e-03,9.431456029415130615e-02,7.681782543659210205e-02,9.925721287727355957e-01,0.000000000000000000e+00,0.000000000000000000e+00,9.896893799304962158e-02,-1.084923624992370605e+00,5.806962400674819946e-02,-1.213701143860816956e-01,-1.780751943588256836e-01,1.146541118621826172e+00,-3.702690079808235168e-02,8.362295627593994141e-01,2.760952524840831757e-02,-1.114072725176811218e-01,-1.132382303476333618e-01,1.606709361076354980e-01,2.768269107749564114e-18,-1.813446283340454102e-01,1.176216676831245422e-01,-6.884105205535888672e-01,-1.304067373275756836e-01,1.329519599676132202e-01,3.967521786689758301e-01,8.913896232843399048e-02,1.574031710624694824e-01
4.450722038745880127e-02,-7.300037145614624023e-02,7.217887639999389648e-01,2.560816006734967232e-03,9.712800383567810059e-02,7.674596458673477173e-02,9.923052191734313965e-01,0.000000000000000000e+00,0.000000000000000000e+00,1.250560134649276733e-01,-1.093990802764892578e+00,4.460088908672332764e-02,-1.212590858340263367e-01,-1.708236634731292725e-01,1.169714570045471191e+00,-3.817467764019966125e-02,8.438098430633544922e-01,1.551151368767023087e-02,-1.113123670220375061e-01,-1.098356172442436218e-01,1.706942468881607056e-01,1.081297114174218201e-18,-1.898628771305084229e-01,1.206789016723632812e-01,-7.316512465476989746e-01,-1.243809089064598083e-01,1.369228214025497437e-01,4.458717405796051025e-01,5.899435654282569885e-02,1.536295711994171143e-01
4.762446135282516479e-02,-7.531482726335525513e-02,7.211685180664062500e-01,4.684315528720617294e-03,9.816003590822219849e-02,7.363302260637283325e-02,9.924317598342895508e-01,0.000000000000000000e+00,0.000000000000000000e+00,1.485089212656021118e-01,-1.113227844238281250e+00,4.206734895706176758e-02,-1.291186660528182983e-01,-1.603698134422302246e-01,1.190768003463745117e+00,-4.286400601267814636e-02,8.357432484626770020e-01,8.413028903305530548e-03,-1.056354045867919922e-01,-1.079301312565803528e-01,1.834466010332107544e-01,-3.437928061892893622e-18,-1.970409154891967773e-01,1.212052404880523682e-01,-7.739282846450805664e-01,-1.233007237315177917e-01,1.384660154581069946e-01,4.946964085102081299e-01,3.340169414877891541e-02,1.498239487409591675e-01
5.166451260447502136e-02,-7.889579981565475464e-02,7.201357483863830566e-01,7.800711784511804581e-03,9.937197715044021606e-02,7.082076370716094971e-02,9.924962520599365234e-01,0.000000000000000000e+00,0.000000000000000000e+00,1.641716659069061279e-01,-1.139428138732910156e+00,4.833222180604934692e-02,-1.400262564420700073e-01,-1.472703963518142700e-01,1.212149262428283691e+00,-4.623432084918022156e-02,8.087331652641296387e-01,4.447961982805281878e-04,-9.843270480632781982e-02,-1.055475920438766479e-01,1.958933621644973755e-01,-5.897711740719381807e-18,-2.051431536674499512e-01,1.212471947073936462e-01,-8.107891082763671875e-01,-1.260678768157958984e-01,1.345307528972625732e-01,5.384090542793273926e-01,8.798354305326938629e-03,1.437379866838455200e-01
5.605775862932205200e-02,-8.369420468807220459e-02,7.192413806915283203e-01,1.171862427145242691e-02,9.856653958559036255e-02,6.865629553794860840e-02,9.926900863647460938e-01,0.000000000000000000e+00,0.000000000000000000e+00,1.680127531290054321e-01,-1.169459581375122070e+00,6.206269562244415283e-02,-1.543443202972412109e-01,-1.572839170694351196e-01,1.232346057891845703e+00,-3.787900134921073914e-02,7.183252573013305664e-01,1.547553855925798416e-02,-8.743789047002792358e-02,-1.034686565399169922e-01,1.805553883314132690e-01,-2.088975153831216939e-18,-2.072369009256362915e-01,1.191083863377571106e-01,-8.219566941261291504e-01,-1.503058075904846191e-01,1.089367642998695374e-01,5.565399527549743652e-01,-1.583062298595905304e-02,1.372946351766586304e-01
6.056581437587738037e-02,-8.956187963485717773e-02,7.176845669746398926e-01,1.581812649965286255e-02,9.420997649431228638e-02,6.538523733615875244e-02,9.932768940925598145e-01,0.000000000000000000e+00,0.000000000000000000e+00,1.587681919336318970e-01,-1.203379750251770020e+00,8.638034760951995850e-02,-1.586441844701766968e-01,-1.509414911270141602e-01,1.252493977546691895e+00,-3.262673318386077881e-02,6.376187205314636230e-01,1.229516509920358658e-02,-6.614354252815246582e-02,-9.747625142335891724e-02,1.890536695718765259e-01,-1.185482166686497143e-18,-2.070054411888122559e-01,1.168989986181259155e-01,-8.325901031494140625e-01,-1.599075347185134888e-01,9.071233868598937988e-02,5.813525319099426270e-01,-4.302121698856353760e-02,1.214939057826995850e-01
6.593843549489974976e-02,-9.589474648237228394e-02,7.157094478607177734e-01,1.952474750578403473e-02,8.897098898887634277e-02,5.896505340933799744e-02,9.940956234931945801e-01,0.000000000000000000e+00,0.000000000000000000e+00,1.406992971897125244e-01,-1.238567590713500977e+00,1.156886592507362366e-01,-1.553568840026855469e-01,-1.441739052534103394e-01,1.272551894187927246e+00,-2.111366391181945801e-02,5.547265410423278809e-01,1.214632950723171234e-02,-4.006785154342651367e-02,-8.907057344913482666e-02,1.993362307548522949e-01,2.290363854485827268e-19,-2.044948637485504150e-01,1.147261485457420349e-01,-8.418863415718078613e-01,-1.705980300903320312e-01,6.892774999141693115e-02,6.238074302673339844e-01,-7.195878028869628906e-02,1.034678667783737183e-01
7.170655578374862671e-02,-1.032720580697059631e-01,7.128478288650512695e-01,2.488745003938674927e-02,8.106772601604461670e-02,5.080991610884666443e-02,9.951015114784240723e-01,0.000000000000000000e+00,0.000000000000000000e+00,1.165372878313064575e-01,-1.275039434432983398e+00,1.478038430213928223e-01,-1.527536213397979736e-01,-1.353441625833511353e-01,1.290482044219970703e+00,-2.543837763369083405e-03,4.786313474178314209e-01,1.566908881068229675e-02,-1.538410037755966187e-02,-8.027391880750656128e-02,2.091609239578247070e-01,1.746255531907081604e-02,-2.090507894754409790e-01,1.097865253686904907e-01,-8.480881452560424805e-01,-1.791598647832870483e-01,4.805433750152587891e-02,6.820819377899169922e-01,-1.084303930401802063e-01,8.632392436265945435e-02
7.791575789451599121e-02,-1.107445433735847473e-01,7.098034620285034180e-01,2.941857650876045227e-02,7.163066416978836060e-02,4.063053429126739502e-02,9.961690306663513184e-01,0.000000000000000000e+00,0.000000000000000000e+00,9.094093739986419678e-02,-1.307643890380859375e+00,1.834253370761871338e-01,-1.555456817150115967e-01,-1.261379569768905640e-01,1.304969429969787598e+00,2.517169341444969177e-02,4.083284735679626465e-01,2.643014490604400635e-02,2.237553126178681850e-04,-6.599772721529006958e-02,2.299810051918029785e-01,6.052913516759872437e-02,-2.145563513040542603e-01,1.106508895754814148e-01,-8.525034785270690918e-01,-1.844915002584457397e-01,2.989470958709716797e-02,7.538338303565979004e-01,-1.541836112737655640e-01,6.387316435575485229e-02
8.482239395380020142e-02,-1.183082610368728638e-01,7.069809436798095703e-01,3.276615962386131287e-02,6.237885728478431702e-02,2.959007211029529572e-02,9.970755577087402344e-01,0.000000000000000000e+00,0.000000000000000000e+00,6.200517714023590088e-02,-1.338080883026123047e+00,2.179448902606964111e-01,-1.737508028745651245e-01,-1.127132549881935120e-01,1.314933538436889648e+00,5.749072134494781494e-02,3.539559245109558105e-01,3.621198982000350952e-02,3.622962627559900284e-03,-4.333300888538360596e-02,2.422444820404052734e-01,1.294672787189483643e-01,-2.112639099359512329e-01,1.025965958833694458e-01,-8.533335924148559570e-01,-1.751748174428939819e-01,2.249803580343723297e-02,8.181662559509277344e-01,-2.138248234987258911e-01,3.790827840566635132e-02
9.173110872507095337e-02,-1.259862184524536133e-01,7.071018815040588379e-01,3.620650246739387512e-02,5.162055417895317078e-02,1.744931191205978394e-02,9.978576898574829102e-01,0.000000000000000000e+00,0.000000000000000000e+00,3.153889253735542297e-02,-1.361105322837829590e+00,2.610471844673156738e-01,-2.039752900600433350e-01,-9.735316783189773560e-02,1.321716785430908203e+00,9.085316956043243408e-02,3.114570975303649902e-01,4.702032357454299927e-02,-8.643292821943759918e-03,-4.519460722804069519e-03,2.599350810050964355e-01,2.425206303596496582e-01,-1.616345047950744629e-01,8.301281183958053589e-02,-8.308119177818298340e-01,-1.622429043054580688e-01,1.009497418999671936e-02,8.522683978080749512e-01,-2.441521435976028442e-01,1.659243740141391754e-02
9.916336834430694580e-02,-1.325183957815170288e-01,7.084405422210693359e-01,3.598229214549064636e-02,4.296200722455978394e-02,3.341318806633353233e-03,9.984229207038879395e-01,0.000000000000000000e+00,0.000000000000000000e+00,-1.153937540948390961e-03,-1.375703930854797363e+00,3.022883534431457520e-01,-2.542039155960083008e-01,-8.081754297018051147e-02,1.323582410812377930e+00,1.230311393737792969e-01,2.878466546535491943e-01,5.671721696853637695e-02,-4.176544770598411560e-02,5.104252323508262634e-02,2.813701927661895752e-01,3.910516202449798584e-01,-1.128486618399620056e-01,7.961037009954452515e-02,-7.899155020713806152e-01,-1.369955241680145264e-01,-1.738801947794854641e-03,8.458332419395446777e-01,-2.615329027175903320e-01,-1.573791261762380600e-03
1.068820059299468994e-01,-1.382185965776443481e-01,7.106622457504272461e-01,3.369794785976409912e-02,3.671668842434883118e-02,-1.243946235626935959e-02,9.986799359321594238e-01,0.000000000000000000e+00,0.000000000000000000e+00,-3.020436502993106842e-02,-1.374892830848693848e+00,3.492165803909301758e-01,-3.265620768070220947e-01,-6.245648488402366638e-02,1.318273782730102539e+00,1.533680111169815063e-01,2.876855432987213135e-01,5.626105144619941711e-02,-9.811914712190628052e-02,1.131530702114105225e-01,2.819417417049407959e-01,5.721855163574218750e-01,-3.213524818420410156e-02,6.592370569705963135e-02,-7.380349040031433105e-01,-1.008856818079948425e-01,-1.020672917366027832e-02,8.040392398834228516e-01,-2.665128111839294434e-01,-2.036399208009243011e-02
1.149333491921424866e-01,-1.437515616416931152e-01,7.132134437561035156e-01,3.141381219029426575e-02,3.300867602229118347e-02,-2.703436277806758881e-02,9.985953569412231445e-01,0.000000000000000000e+00,0.000000000000000000e+00,-6.015575677156448364e-02,-1.361662626266479492e+00,3.837544918060302734e-01,-4.170560836791992188e-01,-4.716905578970909119e-02,1.305517673492431641e+00,1.770771294832229614e-01,3.001218438148498535e-01,5.146805197000503540e-02,-1.620731949806213379e-01,1.681672930717468262e-01,2.670570313930511475e-01,7.441393733024597168e-01,4.623629152774810791e-02,6.329744309186935425e-02,-6.781027317047119141e-01,-6.631146371364593506e-02,-1.727003045380115509e-02,7.359821200370788574e-01,-2.621285021305084229e-01,-3.567339107394218445e-02
1.231164112687110901e-01,-1.484915912151336670e-01,7.150788307189941406e-01,2.703177742660045624e-02,3.079462610185146332e-02,-4.081439971923828125e-02,9.983261823654174805e-01,0.000000000000000000e+00,0.000000000000000000e+00,-9.068833291530609131e-02,-1.342084527015686035e+00,4.033649563789367676e-01,-5.123946666717529297e-01,-3.963738307356834412e-02,1.285451889038085938e+00,1.882005184888839722e-01,3.222674429416656494e-01,4.563356935977935791e-02,-2.326573431491851807e-01,2.029923498630523682e-01,2.384092062711715698e-01,8.896127939224243164e-01,1.053651198744773865e-01,6.872048228979110718e-02,-6.184114217758178711e-01,-3.013052977621555328e-02,-2.192077971994876862e-02,6.614754199981689453e-01,-2.564769387245178223e-01,-4.411580786108970642e-02
1.317021101713180542e-01,-1.532179564237594604e-01,7.175967693328857422e-01,2.402023598551750183e-02,3.151216357946395874e-02,-5.423249304294586182e-02,9.977418780326843262e-01,0.000000000000000000e+00,0.000000000000000000e+00,-1.198896840214729309e-01,-1.313783526420593262e+00,4.091001451015472412e-01,-6.195636391639709473e-01,-3.942395746707916260e-02,1.262635588645935059e+00,1.950655728578567505e-01,3.443505764007568359e-01,3.170347213745117188e-02,-3.045435249805450439e-01,2.178656458854675293e-01,2.062220126390457153e-01,1.005773782730102539e+00,1.354761123657226562e-01,7.769830524921417236e-02,-5.585573315620422363e-01,5.961601622402667999e-03,-1.454842835664749146e-02,5.725852847099304199e-01,-2.407222837209701538e-01,-4.574266448616981506e-02
1.397561430931091309e-01,-1.574743539094924927e-01,7.188786268234252930e-01,2.064773812890052795e-02,3.128439560532569885e-02,-6.613338738679885864e-02,9.971064925193786621e-01,0.000000000000000000e+00,0.000000000000000000e+00,-1.524949371814727783e-01,-1.287276387214660645e+00,3.932785689830780029e-01,-7.075012922286987305e-01,-4.444078728556632996e-02,1.240359544754028320e+00,2.004103660583496094e-01,3.585890531539916992e-01,1.408745348453521729e-02,-3.748924136161804199e-01,2.116012424230575562e-01,1.770999431610107422e-01,1.093400001525878906e+00,1.204855740070343018e-01,9.066017717123031616e-02,-5.144606828689575195e-01,4.001105949282646179e-02,-1.853301189839839935e-03,5.150224566459655762e-01,-2.316800355911254883e-01,-4.259848967194557190e-02
1.475371122360229492e-01,-1.621531993150711060e-01,7.209366559982299805e-01,2.047223038971424103e-02,3.262198716402053833e-02,-7.665935158729553223e-02,9.963132143020629883e-01,0.000000000000000000e+00,0.000000000000000000e+00,-1.936697363853454590e-01,-1.260121583938598633e+00,3.658736944198608398e-01,-7.779976129531860352e-01,-5.233348906040191650e-02,1.217765688896179199e+00,2.016043215990066528e-01,3.742039501667022705e-01,-8.715327829122543335e-03,-4.520260393619537354e-01,1.894917637109756470e-01,1.509546786546707153e-01,1.158400058746337891e+00,8.160629868507385254e-02,1.042750552296638489e-01,-4.644014239311218262e-01,6.495606154203414917e-02,1.530508976429700851e-02,4.391257166862487793e-01,-2.111722677946090698e-01,-3.564894571900367737e-02
1.545329242944717407e-01,-1.670088022947311401e-01,7.229406833648681641e-01,2.299525588750839233e-02,3.344790637493133545e-02,-8.736371994018554688e-02,9.953492283821105957e-01,0.000000000000000000e+00,0.000000000000000000e+00,-2.362311482429504395e-01,-1.235258460044860840e+00,3.265055716037750244e-01,-8.155576586723327637e-01,-6.385514885187149048e-02,1.197740435600280762e+00,2.113032490015029907e-01,3.900979161262512207e-01,-2.948484383523464203e-02,-5.277581214904785156e-01,1.620619893074035645e-01,1.309237778186798096e-01,1.189419150352478027e+00,2.819256857037544250e-02,1.167348846793174744e-01,-4.149475395679473877e-01,8.056829869747161865e-02,3.491578623652458191e-02,3.644594252109527588e-01,-1.901902854442596436e-01,-2.738594450056552887e-02
1.611148118972778320e-01,-1.712115257978439331e-01,7.247397899627685547e-01,2.401132881641387939e-02,3.557364642620086670e-02,-9.668177366256713867e-02,9.943895936012268066e-01,0.000000000000000000e+00,0.000000000000000000e+00,-2.798467278480529785e-01,-1.221398591995239258e+00,2.806023359298706055e-01,-8.174658417701721191e-01,-7.784990966320037842e-02,1.180543661117553711e+00,2.265091389417648315e-01,4.068387150764465332e-01,-4.519577696919441223e-02,-5.970470309257507324e-01,1.294560730457305908e-01,1.180010661482810974e-01,1.172154784202575684e+00,-2.620347961783409119e-02,1.243872046470642090e-01,-3.724961280822753906e-01,9.510587155818939209e-02,5.533540993928909302e-02,2.976145446300506592e-01,-1.670298576354980469e-01,-1.474118232727050781e-02
1.668141633272171021e-01,-1.746405214071273804e-01,7.263451218605041504e-01,2.467243187129497528e-02,3.731562942266464233e-02,-1.070247143507003784e-01,9.932494759559631348e-01,0.000000000000000000e+00,0.000000000000000000e+00,-3.093812763690948486e-01,-1.208060383796691895e+00,2.369866967201232910e-01,-8.056285381317138672e-01,-9.028676152229309082e-02,1.170782923698425293e+00,2.499619126319885254e-01,4.269088804721832275e-01,-5.540214478969573975e-02,-6.589475274085998535e-01,9.172969311475753784e-02,9.829276800155639648e-02,1.121575355529785156e+00,-6.768643856048583984e-02,1.255602985620498657e-01,-3.213273584842681885e-01,1.055405661463737488e-01,7.653445750474929810e-02,2.140062153339385986e-01,-1.395616084337234497e-01,-4.993794718757271767e-04
1.712145656347274780e-01,-1.782805919647216797e-01,7.278181314468383789e-01,2.993753366172313690e-02,3.777439147233963013e-02,-1.191049888730049133e-01,9.917110800743103027e-01,0.000000000000000000e+00,0.000000000000000000e+00,-3.259485661983489990e-01,-1.195402860641479492e+00,2.097285091876983643e-01,-7.908020019531250000e-01,-9.852943569421768188e-02,1.164016246795654297e+00,2.713533341884613037e-01,4.485196769237518311e-01,-5.868136137723922729e-02,-7.070212960243225098e-01,5.105238780379295349e-02,7.300412654876708984e-02,1.039857149124145508e+00,-9.517614543437957764e-02,1.219927519559860229e-01,-2.703169584274291992e-01,1.017775535583496094e-01,9.549494832754135132e-02,1.300261467695236206e-01,-1.160671859979629517e-01,5.197299178689718246e-03
1.742089837789535522e-01,-1.809704899787902832e-01,7.288146018981933594e-01,3.504629805684089661e-02,3.607147932052612305e-02,-1.325874477624893188e-01,9.898945093154907227e-01,0.000000000000000000e+00,0.000000000000000000e+00,-3.317469358444213867e-01,-1.185686349868774414e+00,1.887825280427932739e-01,-7.733251452445983887e-01,-1.045904979109764099e-01,1.162826776504516602e+00,2.899408936500549316e-01,4.656978547573089600e-01,-5.447364971041679382e-02,-7.383571267127990723e-01,1.408885698765516281e-02,4.761018976569175720e-02,9.424112439155578613e-01,-1.001030877232551575e-01,1.111326217651367188e-01,-2.205651551485061646e-01,9.364744275808334351e-02,1.071429997682571411e-01,5.257308855652809143e-02,-8.894711732864379883e-02,1.078109815716743469e-02
1.760990172624588013e-01,-1.827614009380340576e-01,7.293560504913330078e-01,3.853241354227066040e-02,3.340479359030723572e-02,-1.436100006103515625e-01,9.883195757865905762e-01,0.000000000000000000e+00,0.000000000000000000e+00,-3.288639187812805176e-01,-1.179620981216430664e+00,1.767039000988006592e-01,-7.556870579719543457e-01,-1.083761677145957947e-01,1.163590908050537109e+00,3.043955862522125244e-01,4.780992567539215088e-01,-4.553197324275970459e-02,-7.517665624618530273e-01,-2.224487438797950745e-02,2.213809080421924591e-02,8.334326744079589844e-01,-9.401977807283401489e-02,9.817455708980560303e-02,-1.882568895816802979e-01,8.708190172910690308e-02,1.098441481590270996e-01,9.817214682698249817e-03,-7.197698205709457397e-02,1.563579402863979340e-02
