-5.013678222894668579e-02,3.134454414248466492e-02,6.921178698539733887e-01,-1.785339787602424622e-03,3.571316134184598923e-03,-2.808647751808166504e-01,9.597390294075012207e-01,0.000000000000000000e+00,0.000000000000000000e+00,-2.408076450228691101e-02,-1.324015021324157715e+00,4.409152269363403320e-01,-4.092315435409545898e-01,-3.619355708360671997e-02,1.293300032615661621e+00,4.076487720012664795e-01,4.829379916191101074e-01,1.652491651475429535e-02,-7.271298021078109741e-02,-9.719182550907135010e-02,-7.918697595596313477e-02,4.016656705659493905e-19,-6.548245251178741455e-02,1.427994370460510254e-01,-7.935088127851486206e-02,4.840392991900444031e-02,1.237054914236068726e-02,3.703148636056995992e-18,-9.196849912405014038e-02,1.817601546645164490e-02
-5.012131482362747192e-02,3.137923032045364380e-02,6.920957565307617188e-01,-1.867400365881621838e-03,3.518643556162714958e-03,-2.807571589946746826e-01,9.597705602645874023e-01,0.000000000000000000e+00,0.000000000000000000e+00,-3.113764710724353790e-02,-1.328515768051147461e+00,4.454954564571380615e-01,-3.963451385498046875e-01,-4.482740163803100586e-02,1.298792123794555664e+00,4.122532606124877930e-01,4.678795933723449707e-01,1.767304353415966034e-02,-7.289596647024154663e-02,-9.766653925180435181e-02,-8.115410804748535156e-02,6.901068588856403528e-19,-6.419777870178222656e-02,1.441435664892196655e-01,-7.908779382705688477e-02,4.852033033967018127e-02,1.044488418847322464e-02,6.271484881030043104e-19,-9.176599979400634766e-02,1.735597290098667145e-02
-5.003308132290840149e-02,3.139922767877578735e-02,6.920923590660095215e-01,-2.108151325955986977e-03,3.629836253821849823e-03,-2.806183993816375732e-01,9.598102569580078125e-01,0.000000000000000000e+00,0.000000000000000000e+00,-3.370305895805358887e-02,-1.329797267913818359e+00,4.461755454540252686e-01,-3.915865719318389893e-01,-4.792086407542228699e-02,1.300847053527832031e+00,4.135437309741973877e-01,4.618442654609680176e-01,1.797459088265895844e-02,-7.295867800712585449e-02,-9.725141525268554688e-02,-8.208379894495010376e-02,7.049779119381186844e-18,-6.408431380987167358e-02,1.444460302591323853e-01,-7.895671576261520386e-02,4.898184165358543396e-02,1.012490317225456238e-02,6.390201842543653636e-19,-9.168818593025207520e-02,1.747616752982139587e-02
-4.998094588518142700e-02,3.136032074689865112e-02,6.921005845069885254e-01,-2.081383019685745239e-03,3.645115066319704056e-03,-2.804303467273712158e-01,9.598652124404907227e-01,0.000000000000000000e+00,0.000000000000000000e+00,-3.466660901904106140e-02,-1.330438256263732910e+00,4.460289776325225830e-01,-3.896243274211883545e-01,-4.886906966567039490e-02,1.301597118377685547e+00,4.134984612464904785e-01,4.595098793506622314e-01,1.805711165070533752e-02,-7.292392849922180176e-02,-9.739471971988677979e-02,-8.279991894960403442e-02,3.585215841764085730e-18,-6.383680552244186401e-02,1.441637277603149414e-01,-7.876212894916534424e-02,4.886032640933990479e-02,9.882419370114803314e-03,-4.841732970734186677e-18,-9.207006543874740601e-02,1.700161583721637726e-02
-4.993742331862449646e-02,3.135378658771514893e-02,6.920885443687438965e-01,-2.040096325799822807e-03,3.520696656778454781e-03,-2.804879546165466309e-01,9.598489403724670410e-01,0.000000000000000000e+00,0.000000000000000000e+00,-3.467657044529914856e-02,-1.331030964851379395e+00,4.453324079513549805e-01,-3.884721696376800537e-01,-4.886505007743835449e-02,1.301965475082397461e+00,4.123997986316680908e-01,4.585039913654327393e-01,1.838824152946472168e-02,-7.260872423648834229e-02,-9.762083739042282104e-02,-8.335679769515991211e-02,-5.152484874535657902e-18,-6.348886340856552124e-02,1.442945599555969238e-01,-7.834676653146743774e-02,4.864962026476860046e-02,9.954847395420074463e-03,-3.861795260099766276e-18,-9.247373044490814209e-02,1.672624237835407257e-02
-4.988975077867507935e-02,3.146611154079437256e-02,6.920359134674072266e-01,-2.471148036420345306e-03,3.275917842984199524e-03,-2.805552780628204346e-01,9.598290920257568359e-01,0.000000000000000000e+00,0.000000000000000000e+00,-3.473176434636116028e-02,-1.331382513046264648e+00,4.435902833938598633e-01,-3.876483440399169922e-01,-4.914568364620208740e-02,1.302480936050415039e+00,4.113543331623077393e-01,4.572977125644683838e-01,1.858757622539997101e-02,-7.180741429328918457e-02,-9.697120636701583862e-02,-8.328116685152053833e-02,1.017224531106473230e-18,-6.379500031471252441e-02,1.447606235742568970e-01,-7.753653824329376221e-02,4.929155483841896057e-02,9.899654425680637360e-03,-2.556123336819007935e-18,-9.264607727527618408e-02,1.698732003569602966e-02
-4.978123679757118225e-02,3.149902448058128357e-02,6.920349001884460449e-01,-2.507201163098216057e-03,3.336960449814796448e-03,-2.807874381542205811e-01,9.597609043121337891e-01,0.000000000000000000e+00,0.000000000000000000e+00,-3.438008204102516174e-02,-1.331640124320983887e+00,4.431965649127960205e-01,-3.871131539344787598e-01,-4.910698160529136658e-02,1.302660703659057617e+00,4.109246134757995605e-01,4.569127559661865234e-01,1.875990629196166992e-02,-7.170100510120391846e-02,-9.697882831096649170e-02,-8.301104605197906494e-02,-8.298316436981988733e-18,-6.385939568281173706e-02,1.434662342071533203e-01,-7.750316709280014038e-02,4.932243749499320984e-02,9.878505021333694458e-03,4.200304450126373174e-18,-9.345229715108871460e-02,1.721717789769172668e-02
-4.967610538005828857e-02,3.150591999292373657e-02,6.920608282089233398e-01,-2.367116976529359818e-03,3.403841285035014153e-03,-2.810137569904327393e-01,9.596948027610778809e-01,0.000000000000000000e+00,0.000000000000000000e+00,-3.429728373885154724e-02,-1.332059621810913086e+00,4.425747692584991455e-01,-3.864706754684448242e-01,-4.898784682154655457e-02,1.302518010139465332e+00,4.106620848178863525e-01,4.571062624454498291e-01,1.859695278108119965e-02,-7.172261923551559448e-02,-9.731168299913406372e-02,-8.332371711730957031e-02,-2.881527504400937216e-18,-6.358975172042846680e-02,1.434356868267059326e-01,-7.764943689107894897e-02,4.897970706224441528e-02,1.020113378763198853e-02,6.437491758163310228e-20,-9.370920807123184204e-02,1.687524281442165375e-02
-4.950983822345733643e-02,3.162914887070655823e-02,6.920568346977233887e-01,-2.511827740818262100e-03,3.490920411422848701e-03,-2.815439105033874512e-01,9.595386981964111328e-01,0.000000000000000000e+00,0.000000000000000000e+00,-3.388357162475585938e-02,-1.332196354866027832e+00,4.422756135463714600e-01,-3.859156966209411621e-01,-4.924410209059715271e-02,1.302571415901184082e+00,4.105167388916015625e-01,4.567363560199737549e-01,1.864992454648017883e-02,-7.156598567962646484e-02,-9.713751822710037231e-02,-8.340519666671752930e-02,-1.444046418461385298e-18,-6.389324367046356201e-02,1.441403776407241821e-01,-7.775777578353881836e-02,4.920366778969764709e-02,1.080166641622781754e-02,-2.608066970564887861e-18,-9.411846846342086792e-02,1.751961559057235718e-02
-4.936280846595764160e-02,3.177813068032264709e-02,6.920543909072875977e-01,-2.489477396011352539e-03,3.344819881021976471e-03,-2.822387516498565674e-01,9.593351483345031738e-01,0.000000000000000000e+00,0.000000000000000000e+00,-3.315154835581779480e-02,-1.332720518112182617e+00,4.417698085308074951e-01,-3.857691287994384766e-01,-4.937933012843132019e-02,1.302168130874633789e+00,4.113616943359375000e-01,4.568137228488922119e-01,1.884074136614799500e-02,-7.102835923433303833e-02,-9.750656783580780029e-02,-8.330474048852920532e-02,2.566178130754896263e-18,-6.322167813777923584e-02,1.442333459854125977e-01,-7.755151391029357910e-02,4.885263741016387939e-02,1.107754837721586227e-02,7.523306932843293066e-18,-9.366429597139358521e-02,1.821302436292171478e-02
-4.904089495539665222e-02,3.197311609983444214e-02,6.920900940895080566e-01,-2.671011490747332573e-03,3.831360489130020142e-03,-2.829392850399017334e-01,9.591264724731445312e-01,0.000000000000000000e+00,0.000000000000000000e+00,-3.265161067247390747e-02,-1.332806110382080078e+00,4.418151378631591797e-01,-3.861054480075836182e-01,-4.993665218353271484e-02,1.301953554153442383e+00,4.115968644618988037e-01,4.569395482540130615e-01,1.897328719496726990e-02,-7.155796140432357788e-02,-9.723436087369918823e-02,-8.305367082357406616e-02,3.372804959447206306e-18,-6.393129378557205200e-02,1.448069810867309570e-01,-7.848397642374038696e-02,4.917485639452934265e-02,1.215842459350824356e-02,2.470147011130858792e-18,-9.341391921043395996e-02,1.898539997637271881e-02
-4.869037121534347534e-02,3.216620534658432007e-02,6.921316981315612793e-01,-2.773797139525413513e-03,4.380254540592432022e-03,-2.834321260452270508e-01,9.589782953262329102e-01,0.000000000000000000e+00,0.000000000000000000e+00,-3.233243525028228760e-02,-1.333209037780761719e+00,4.418304860591888428e-01,-3.865887820720672607e-01,-5.035348981618881226e-02,1.301259040832519531e+00,4.122289419174194336e-01,4.571015834808349609e-01,1.872526854276657104e-02,-7.221933454275131226e-02,-9.721580892801284790e-02,-8.293706923723220825e-02,-4.334308122950269933e-18,-6.466545164585113525e-02,1.457037627696990967e-01,-7.953555136919021606e-02,4.926579818129539490e-02,1.315617375075817108e-02,-1.203778988245863838e-18,-9.348211437463760376e-02,1.988945342600345612e-02
-4.830094426870346069e-02,3.248094767332077026e-02,6.921430826187133789e-01,-3.042194526642560959e-03,4.800244700163602829e-03,-2.841785550117492676e-01,9.587545394897460938e-01,0.000000000000000000e+00,0.000000000000000000e+00,-3.136660158634185791e-02,-1.333615064620971680e+00,4.424919784069061279e-01,-3.879478871822357178e-01,-5.065665766596794128e-02,1.300211787223815918e+00,4.134388566017150879e-01,4.574156999588012695e-01,1.881768926978111267e-02,-7.253733277320861816e-02,-9.706284850835800171e-02,-8.273717015981674194e-02,-1.272932528226215781e-18,-6.565286219120025635e-02,1.473720073699951172e-01,-8.030118048191070557e-02,4.947238415479660034e-02,1.442800555378198624e-02,-3.208203048584360500e-18,-9.342355281114578247e-02,2.052183076739311218e-02
-4.780679568648338318e-02,3.280493244528770447e-02,6.922150850296020508e-01,-2.993923379108309746e-03,5.544603802263736725e-03,-2.852898836135864258e-01,9.584205746650695801e-01,0.000000000000000000e+00,0.000000000000000000e+00,-3.029861673712730408e-02,-1.334184050559997559e+00,4.433189630508422852e-01,-3.896466791629791260e-01,-5.126701295375823975e-02,1.298807501792907715e+00,4.145343005657196045e-01,4.585918486118316650e-01,1.875918358564376831e-02,-7.355238497257232666e-02,-9.749061614274978638e-02,-8.271538466215133667e-02,5.279201499753268765e-18,-6.656712293624877930e-02,1.488206684589385986e-01,-8.198430389165878296e-02,4.913650080561637878e-02,1.572224497795104980e-02,1.731626925353714835e-18,-9.330435097217559814e-02,2.083937823772430420e-02
-4.717399924993515015e-02,3.316682577133178711e-02,6.923248767852783203e-01,-3.123946022242307663e-03,6.880158558487892151e-03,-2.861377000808715820e-01,9.581587314605712891e-01,0.000000000000000000e+00,0.000000000000000000e+00,-2.993269264698028564e-02,-1.334606647491455078e+00,4.443995952606201172e-01,-3.915957808494567871e-01,-5.232076346874237061e-02,1.297587513923645020e+00,4.146198332309722900e-01,4.591946899890899658e-01,1.850158907473087311e-02,-7.565625756978988647e-02,-9.739826619625091553e-02,-8.267479389905929565e-02,-2.629350741316183540e-19,-6.848759949207305908e-02,1.510183513164520264e-01,-8.471252024173736572e-02,4.935287311673164368e-02,1.768142729997634888e-02,-5.072231397915456880e-18,-9.344365447759628296e-02,2.131221070885658264e-02
-4.667988419532775879e-02,3.360293433070182800e-02,6.923871636390686035e-01,-3.162634791806340218e-03,7.544803433120250702e-03,-2.867814898490905762e-01,9.579610824584960938e-01,0.000000000000000000e+00,0.000000000000000000e+00,-2.939959615468978882e-02,-1.335749864578247070e+00,4.446267187595367432e-01,-3.933177590370178223e-01,-5.306749045848846436e-02,1.296223282814025879e+00,4.132903814315795898e-01,4.592665135860443115e-01,1.807988435029983521e-02,-7.663560658693313599e-02,-9.801042824983596802e-02,-8.217712491750717163e-02,-4.719871895712262087e-18,-6.923477351665496826e-02,1.527130156755447388e-01,-8.622483909130096436e-02,4.879979789257049561e-02,1.875497028231620789e-02,1.578402470226229648e-18,-9.264133870601654053e-02,2.145632915198802948e-02
-4.608334600925445557e-02,3.406780958175659180e-02,6.924964189529418945e-01,-3.120030974969267845e-03,8.667893707752227783e-03,-2.872638702392578125e-01,9.578071832656860352e-01,0.000000000000000000e+00,0.000000000000000000e+00,-2.929363399744033813e-02,-1.337020277976989746e+00,4.453521072864532471e-01,-3.951695859432220459e-01,-5.398948490619659424e-02,1.294712901115417480e+00,4.116254448890686035e-01,4.590547978878021240e-01,1.746625453233718872e-02,-7.860968261957168579e-02,-9.876415878534317017e-02,-8.231677860021591187e-02,-3.546866921385514814e-18,-6.991805881261825562e-02,1.537938117980957031e-01,-8.869748562574386597e-02,4.815188795328140259e-02,2.004789933562278748e-02,-1.498100603540194274e-18,-9.200703352689743042e-02,2.169107832014560699e-02
-4.545162990689277649e-02,3.472204133868217468e-02,6.925706267356872559e-01,-3.348339581862092018e-03,9.659447707235813141e-03,-2.879109382629394531e-01,9.576026201248168945e-01,0.000000000000000000e+00,0.000000000000000000e+00,-2.914977446198463440e-02,-1.338747501373291016e+00,4.451977610588073730e-01,-3.974267244338989258e-01,-5.478404834866523743e-02,1.292801499366760254e+00,4.109465479850769043e-01,4.589319825172424316e-01,1.699265465140342712e-02,-8.023369312286376953e-02,-9.923458844423294067e-02,-8.152297884225845337e-02,4.392717000363864324e-18,-7.112895697355270386e-02,1.556774377822875977e-01,-9.090758115053176880e-02,4.775992408394813538e-02,2.147444523870944977e-02,1.161979897532334244e-18,-9.062924236059188843e-02,2.237067930400371552e-02
-4.466736689209938049e-02,3.539787605404853821e-02,6.927158236503601074e-01,-3.420450259000062943e-03,1.128895208239555359e-02,-2.883438766002655029e-01,9.574542641639709473e-01,0.000000000000000000e+00,0.000000000000000000e+00,-2.937470190227031708e-02,-1.340379238128662109e+00,4.458086490631103516e-01,-4.007624685764312744e-01,-5.593267828226089478e-02,1.290433287620544434e+00,4.102641046047210693e-01,4.591707289218902588e-01,1.638534478843212128e-02,-8.327219635248184204e-02,-9.997369349002838135e-02,-8.170278370380401611e-02,-5.018811660366476077e-18,-7.219877094030380249e-02,1.582297831773757935e-01,-9.441631287336349487e-02,4.714801162481307983e-02,2.295138500630855560e-02,2.426997134477030103e-18,-9.002309292554855347e-02,2.304739691317081451e-02
-4.376501962542533875e-02,3.620127215981483459e-02,6.928834319114685059e-01,-3.503165906295180321e-03,1.316206622868776321e-02,-2.888654768466949463e-01,9.572728276252746582e-01,0.000000000000000000e+00,0.000000000000000000e+00,-2.972886711359024048e-02,-1.342272758483886719e+00,4.457943141460418701e-01,-4.051229655742645264e-01,-5.718183889985084534e-02,1.287437081336975098e+00,4.099567830562591553e-01,4.602251648902893066e-01,1.571116037666797638e-02,-8.682695776224136353e-02,-1.008774861693382263e-01,-8.215457201004028320e-02,2.914890800432497896e-18,-7.305233925580978394e-02,1.605824530124664307e-01,-9.850656986236572266e-02,4.638212174177169800e-02,2.427973039448261261e-02,-1.212055343864763157e-19,-8.879883587360382080e-02,2.309774048626422882e-02
-4.278059676289558411e-02,3.710828721523284912e-02,6.930390000343322754e-01,-3.762905485928058624e-03,1.520408317446708679e-02,-2.889635264873504639e-01,9.572119712829589844e-01,0.000000000000000000e+00,0.000000000000000000e+00,-3.092321194708347321e-02,-1.344707965850830078e+00,4.440629482269287109e-01,-4.096405208110809326e-01,-5.811422318220138550e-02,1.284087777137756348e+00,4.085182249546051025e-01,4.614873230457305908e-01,1.483141258358955383e-02,-9.072740375995635986e-02,-1.016694083809852600e-01,-8.342681080102920532e-02,1.256029712794154076e-18,-7.437236607074737549e-02,1.647611409425735474e-01,-1.027737110853195190e-01,4.576661437749862671e-02,2.567826397716999054e-02,4.224894048195737027e-18,-8.766231685876846313e-02,2.366274967789649963e-02
-4.158659651875495911e-02,3.806873038411140442e-02,6.932308673858642578e-01,-4.069668706506490707e-03,1.792676374316215515e-02,-2.888464331626892090e-01,9.571989178657531738e-01,0.000000000000000000e+00,0.000000000000000000e+00,-3.263979405164718628e-02,-1.347322106361389160e+00,4.431977272033691406e-01,-4.150092005729675293e-01,-5.909667909145355225e-02,1.280498862266540527e+00,4.051633775234222412e-01,4.629759788513183594e-01,1.413722429424524307e-02,-9.591477364301681519e-02,-1.023493483662605286e-01,-8.473464846611022949e-02,-5.903860174212488462e-18,-7.721362262964248657e-02,1.695042997598648071e-01,-1.082031056284904480e-01,4.530109465122222900e-02,2.651359140872955322e-02,-2.315315757663489348e-19,-8.707925677299499512e-02,2.439107000827789307e-02
-4.039518907666206360e-02,3.899394720792770386e-02,6.934565305709838867e-01,-4.209674894809722900e-03,2.058968134224414825e-02,-2.881248295307159424e-01,9.573622345924377441e-01,0.000000000000000000e+00,0.000000000000000000e+00,-3.504109010100364685e-02,-1.349457383155822754e+00,4.451802372932434082e-01,-4.202518761157989502e-01,-5.921723321080207825e-02,1.276510834693908691e+00,4.004298150539398193e-01,4.662041962146759033e-01,1.263181399554014206e-02,-1.011682227253913879e-01,-1.035377159714698792e-01,-8.582737296819686890e-02,1.174321432271625417e-19,-7.847017794847488403e-02,1.748157590627670288e-01,-1.134856864809989929e-01,4.420847073197364807e-02,2.503348514437675476e-02,-6.205314567928863655e-19,-8.570718020200729370e-02,2.549596317112445831e-02
-3.867376595735549927e-02,3.998963907361030579e-02,6.937745213508605957e-01,-4.858459345996379852e-03,2.513965591788291931e-02,-2.878797054290771484e-01,9.573242068290710449e-01,0.000000000000000000e+00,0.000000000000000000e+00,-3.768963366746902466e-02,-1.350956082344055176e+00,4.424712955951690674e-01,-4.281709790229797363e-01,-6.079283729195594788e-02,1.273321151733398438e+00,3.944612145423889160e-01,4.680611491203308105e-01,1.226932369172573090e-02,-1.096593514084815979e-01,-1.029293611645698547e-01,-8.943200856447219849e-02,1.930711307616905568e-18,-8.264388889074325562e-02,1.813285648822784424e-01,-1.226149871945381165e-01,4.510759562253952026e-02,2.788441814482212067e-02,4.478482005652040243e-04,-8.408454805612564087e-02,2.525609917938709259e-02
-3.725722804665565491e-02,4.090828821063041687e-02,6.940593719482421875e-01,-5.268440581858158112e-03,2.847683057188987732e-02,-2.871979773044586182e-01,9.574333429336547852e-01,0.000000000000000000e+00,0.000000000000000000e+00,-3.986036404967308044e-02,-1.350896835327148438e+00,4.400210976600646973e-01,-4.357611536979675293e-01,-6.116347014904022217e-02,1.269893407821655273e+00,3.893323540687561035e-01,4.712177813053131104e-01,1.070662215352058411e-02,-1.159241497516632080e-01,-1.032672002911567688e-01,-9.193993359804153442e-02,2.960703371478134781e-18,-8.420122414827346802e-02,1.883698701858520508e-01,-1.430521607398986816e-01,4.548843577504158020e-02,2.737060375511646271e-02,2.640333585441112518e-02,-9.051983803510665894e-02,2.478590421378612518e-02
-3.552837669849395752e-02,4.165207967162132263e-02,6.944847702980041504e-01,-5.672752857208251953e-03,3.316619992256164551e-02,-2.870027124881744385e-01,9.573386311531066895e-01,0.000000000000000000e+00,0.000000000000000000e+00,-4.220242798328399658e-02,-1.347235202789306641e+00,4.371832609176635742e-01,-4.441349804401397705e-01,-6.213278323411941528e-02,1.267351746559143066e+00,3.823619782924652100e-01,4.752230942249298096e-01,1.020042411983013153e-02,-1.246311292052268982e-01,-1.026317551732063293e-01,-9.521799534559249878e-02,1.496216492899951615e-18,-8.646306395530700684e-02,1.963318288326263428e-01,-1.765545904636383057e-01,4.727089405059814453e-02,2.633435651659965515e-02,7.225537300109863281e-02,-1.038790494203567505e-01,2.462612092494964600e-02
-3.395401313900947571e-02,4.224381595849990845e-02,6.947867274284362793e-01,-6.260086782276630402e-03,3.728352859616279602e-02,-2.867849171161651611e-01,9.572487473487854004e-01,0.000000000000000000e+00,0.000000000000000000e+00,-4.469672963023185730e-02,-1.338335037231445312e+00,4.328782558441162109e-01,-4.521837830543518066e-01,-6.300025433301925659e-02,1.265725255012512207e+00,3.750443756580352783e-01,4.800544679164886475e-01,1.060260739177465439e-02,-1.321174651384353638e-01,-1.015499085187911987e-01,-9.863419085741043091e-02,4.146212214739386758e-18,-8.884853869676589966e-02,2.062255889177322388e-01,-2.244269698858261108e-01,4.977627471089363098e-02,2.330383472144603729e-02,1.474587917327880859e-01,-1.223162636160850525e-01,2.355674840509891510e-02
-3.260628879070281982e-02,4.230185225605964661e-02,6.947965621948242188e-01,-5.142437294125556946e-03,4.073741659522056580e-02,-2.873501479625701904e-01,9.569450616836547852e-01,0.000000000000000000e+00,0.000000000000000000e+00,-4.560387507081031799e-02,-1.325851917266845703e+00,4.269475638866424561e-01,-4.587249159812927246e-01,-6.395622342824935913e-02,1.263619422912597656e+00,3.679750859737396240e-01,4.862491786479949951e-01,1.150944549590349197e-02,-1.389913707971572876e-01,-1.036242693662643433e-01,-1.019822061061859131e-01,-1.609906264240771122e-18,-8.990313857793807983e-02,2.152209877967834473e-01,-2.892348766326904297e-01,4.878285154700279236e-02,1.641908101737499237e-02,2.537336647510528564e-01,-1.453834176063537598e-01,2.050783485174179077e-02
-3.131175413727760315e-02,4.180078208446502686e-02,6.943359971046447754e-01,-2.277766820043325424e-03,4.423801228404045105e-02,-2.893353998661041260e-01,9.562023282051086426e-01,0.000000000000000000e+00,0.000000000000000000e+00,-4.565696418285369873e-02,-1.312689781188964844e+00,4.215691089630126953e-01,-4.630162119865417480e-01,-6.635401397943496704e-02,1.260803937911987305e+00,3.626531362533569336e-01,4.931013584136962891e-01,1.165771484375000000e-02,-1.463812142610549927e-01,-1.080368310213088989e-01,-1.014681831002235413e-01,4.579127198667265475e-05,-9.165666997432708740e-02,2.240809947252273560e-01,-3.736372888088226318e-01,4.006586223840713501e-02,-7.824611850082874298e-03,3.849385082721710205e-01,-1.513841152191162109e-01,1.459899451583623886e-02
-3.009540773928165436e-02,4.116598516702651978e-02,6.939903497695922852e-01,7.893644506111741066e-04,4.659666493535041809e-02,-2.918466329574584961e-01,9.553290605545043945e-01,0.000000000000000000e+00,0.000000000000000000e+00,-4.295492544770240784e-02,-1.308140397071838379e+00,4.191771149635314941e-01,-4.612064957618713379e-01,-6.711626797914505005e-02,1.262077569961547852e+00,3.575683534145355225e-01,4.963246285915374756e-01,1.059432327747344971e-02,-1.513663828372955322e-01,-1.131994351744651794e-01,-9.822288155555725098e-02,1.144781833772867685e-07,-9.153340011835098267e-02,2.304629832506179810e-01,-4.409324526786804199e-01,2.775300107896327972e-02,-2.999874018132686615e-02,4.833516478538513184e-01,-1.543394774198532104e-01,3.956266213208436966e-03
-2.849340625107288361e-02,4.052140191197395325e-02,6.939192414283752441e-01,3.117245621979236603e-03,5.011284351348876953e-02,-2.948242425918579102e-01,9.542314410209655762e-01,0.000000000000000000e+00,0.000000000000000000e+00,-4.090096428990364075e-02,-1.302244901657104492e+00,4.174462556838989258e-01,-4.580397903919219971e-01,-6.954285502433776855e-02,1.261729598045349121e+00,3.537097871303558350e-01,5.007096529006958008e-01,1.572895236313343048e-02,-1.579491496086120605e-01,-1.165647581219673157e-01,-9.891039878129959106e-02,2.861954562227708720e-10,-9.302327036857604980e-02,2.366026937961578369e-01,-5.210000276565551758e-01,2.108009904623031616e-02,-3.911310434341430664e-02,5.801014900207519531e-01,-1.777908504009246826e-01,-3.964638803154230118e-03
-2.626427263021469116e-02,3.957722708582878113e-02,6.936485767364501953e-01,5.840045399963855743e-03,5.440063774585723877e-02,-2.991681993007659912e-01,9.526304602622985840e-01,0.000000000000000000e+00,0.000000000000000000e+00,-3.719169646501541138e-02,-1.299248933792114258e+00,4.177816510200500488e-01,-4.539265334606170654e-01,-7.251218706369400024e-02,1.260595202445983887e+00,3.522180318832397461e-01,5.052995681762695312e-01,2.170852571725845337e-02,-1.649862080812454224e-01,-1.202099248766899109e-01,-9.712836146354675293e-02,7.154903297439119125e-13,-9.614545851945877075e-02,2.405539453029632568e-01,-6.006428599357604980e-01,1.330253109335899353e-02,-5.045142397284507751e-02,6.751914024353027344e-01,-1.928669214248657227e-01,-4.376074764877557755e-03
-2.328076213598251343e-02,3.827161714434623718e-02,6.934762001037597656e-01,8.892104960978031158e-03,6.052978336811065674e-02,-3.031455576419830322e-01,9.509783387184143066e-01,0.000000000000000000e+00,0.000000000000000000e+00,-3.403152897953987122e-02,-1.300028681755065918e+00,4.164100289344787598e-01,-4.480661451816558838e-01,-7.423754036426544189e-02,1.259123682975769043e+00,3.511482775211334229e-01,5.094893574714660645e-01,2.939874492585659027e-02,-1.749418228864669800e-01,-1.242009699344635010e-01,-9.861055016517639160e-02,1.791430637729587994e-15,-1.030259579420089722e-01,2.435202151536941528e-01,-6.778907775878906250e-01,4.644899629056453705e-03,-5.657383427023887634e-02,7.533304691314697266e-01,-2.066006362438201904e-01,-2.967750886455178261e-03
-2.004629001021385193e-02,3.709449991583824158e-02,6.934681534767150879e-01,1.183446589857339859e-02,6.584325432777404785e-02,-3.084083199501037598e-01,9.488987922668457031e-01,0.000000000000000000e+00,0.000000000000000000e+00,-3.075833246111869812e-02,-1.303114295005798340e+00,4.151745438575744629e-01,-4.399486780166625977e-01,-7.678093016147613525e-02,1.257720470428466797e+00,3.477011620998382568e-01,5.119503140449523926e-01,3.683891519904136658e-02,-1.822659969329833984e-01,-1.284108757972717285e-01,-9.773213416337966919e-02,5.241863394083237648e-18,-1.080009639263153076e-01,2.443242669105529785e-01,-7.496752142906188965e-01,-2.367145149037241936e-03,-6.015672162175178528e-02,8.029339313507080078e-01,-2.249210178852081299e-01,2.814609091728925705e-03
-1.622517034411430359e-02,3.638189658522605896e-02,6.938041448593139648e-01,1.291487272828817368e-02,7.111449539661407471e-02,-3.149799108505249023e-01,9.463422298431396484e-01,0.000000000000000000e+00,0.000000000000000000e+00,-2.676257677376270294e-02,-1.306696772575378418e+00,4.157954752445220947e-01,-4.298155307769775391e-01,-8.005861937999725342e-02,1.258126616477966309e+00,3.424844145774841309e-01,5.117031335830688477e-01,4.431862384080886841e-02,-1.876766085624694824e-01,-1.288359463214874268e-01,-9.265774488449096680e-02,1.794439298758235268e-18,-1.144081950187683105e-01,2.463936805725097656e-01,-8.141608834266662598e-01,-5.470681935548782349e-03,-5.726106464862823486e-02,8.216377496719360352e-01,-2.467016726732254028e-01,1.092913653701543808e-02
-1.162784639745950699e-02,3.567591682076454163e-02,6.949115395545959473e-01,1.212628837674856186e-02,7.860063761472702026e-02,-3.199158012866973877e-01,9.441021084785461426e-01,0.000000000000000000e+00,0.000000000000000000e+00,-2.735633961856365204e-02,-1.301962852478027344e+00,4.121860861778259277e-01,-4.173125326633453369e-01,-8.854011446237564087e-02,1.258294701576232910e+00,3.380523324012756348e-01,5.095312595367431641e-01,3.961284458637237549e-02,-1.936696618795394897e-01,-1.214758306741714478e-01,-7.985147088766098022e-02,1.574846007182557905e-18,-1.295170783996582031e-01,2.419123947620391846e-01,-8.534790277481079102e-01,6.489742547273635864e-03,-4.669203609228134155e-02,7.728378176689147949e-01,-2.413225769996643066e-01,2.520290389657020569e-02
-7.286316715180873871e-03,3.496805205941200256e-02,6.956202983856201172e-01,1.104076579213142395e-02,8.285138010978698730e-02,-3.242822587490081787e-01,9.422604441642761230e-01,0.000000000000000000e+00,0.000000000000000000e+00,-1.837656088173389435e-02,-1.305613756179809570e+00,4.123487770557403564e-01,-4.079989492893218994e-01,-8.830408006906509399e-02,1.263228893280029297e+00,3.347049057483673096e-01,5.064864754676818848e-01,3.244742751121520996e-02,-1.929105818271636963e-01,-1.160901859402656555e-01,-6.128294020891189575e-02,1.844414242646238988e-18,-1.400464028120040894e-01,2.391818016767501831e-01,-8.861330747604370117e-01,1.546241622418165207e-02,-3.795105591416358948e-02,7.248479723930358887e-01,-2.349085062742233276e-01,3.455029055476188660e-02
-2.545071300119161606e-03,3.366175293922424316e-02,6.963393092155456543e-01,1.059281546622514725e-02,8.798875659704208374e-02,-3.281945884227752686e-01,9.404435753822326660e-01,0.000000000000000000e+00,0.000000000000000000e+00,-7.151192985475063324e-03,-1.307686924934387207e+00,4.096354842185974121e-01,-4.002833664417266846e-01,-9.115372598171234131e-02,1.273309230804443359e+00,3.321813642978668213e-01,5.098218917846679688e-01,2.093268185853958130e-02,-1.928275525569915771e-01,-1.105416119098663330e-01,-4.182001203298568726e-02,2.895330667282609589e-19,-1.536370068788528442e-01,2.357120364904403687e-01,-9.041075110435485840e-01,2.876562625169754028e-02,-2.738528139889240265e-02,6.466574668884277344e-01,-2.238128483295440674e-01,4.416981711983680725e-02
2.252612961456179619e-03,3.207486122846603394e-02,6.969057321548461914e-01,9.317792020738124847e-03,9.206587821245193481e-02,-3.314136862754821777e-01,9.389366507530212402e-01,0.000000000000000000e+00,0.000000000000000000e+00,3.170719603076577187e-03,-1.302924633026123047e+00,4.087033867835998535e-01,-3.926055133342742920e-01,-9.358261525630950928e-02,1.284531474113464355e+00,3.295331895351409912e-01,5.151943564414978027e-01,8.581886999309062958e-03,-1.890940368175506592e-01,-1.036121025681495667e-01,-2.044741623103618622e-02,5.910337825589391221e-19,-1.649797707796096802e-01,2.308416813611984253e-01,-9.100904464721679688e-01,4.177905619144439697e-02,-1.599420607089996338e-02,5.554440021514892578e-01,-2.127690613269805908e-01,4.929817840456962585e-02
7.200156338512897491e-03,2.920043095946311951e-02,6.971463561058044434e-01,1.024785451591014862e-02,9.664636105298995972e-02,-3.335793614387512207e-01,9.376989006996154785e-01,0.000000000000000000e+00,0.000000000000000000e+00,8.373702876269817352e-04,-1.290065646171569824e+00,4.117363095283508301e-01,-3.882198035717010498e-01,-9.154233336448669434e-02,1.286903023719787598e+00,3.243997991085052490e-01,5.163533091545104980e-01,-4.664981737732887268e-03,-1.862624883651733398e-01,-1.001131907105445862e-01,-4.130325978621840477e-04,1.066761896450436399e-18,-1.787454634904861450e-01,2.235374003648757935e-01,-9.038785696029663086e-01,5.179745703935623169e-02,-5.693691782653331757e-03,4.545075595378875732e-01,-1.986362338066101074e-01,5.346583202481269836e-02
1.198101043701171875e-02,2.544503659009933472e-02,6.969369053840637207e-01,1.205797214061021805e-02,9.982406347990036011e-02,-3.352400064468383789e-01,9.367517828941345215e-01,0.000000000000000000e+00,0.000000000000000000e+00,-1.838222611695528030e-03,-1.283465981483459473e+00,4.183177351951599121e-01,-3.914173245429992676e-01,-8.621586859226226807e-02,1.287268996238708496e+00,3.184811174869537354e-01,5.174925923347473145e-01,-1.601280458271503448e-02,-1.801853030920028687e-01,-9.898865967988967896e-02,1.649950444698333740e-02,-5.834104860336504191e-19,-1.918725073337554932e-01,2.159329354763031006e-01,-8.920623064041137695e-01,5.733427777886390686e-02,1.581158488988876343e-03,3.591346144676208496e-01,-1.779064536094665527e-01,5.622075870633125305e-02
1.657176204025745392e-02,2.077143080532550812e-02,6.963840723037719727e-01,1.439808867871761322e-02,1.018909215927124023e-01,-3.355399668216705322e-01,9.363887310028076172e-01,0.000000000000000000e+00,0.000000000000000000e+00,-2.236375352367758751e-03,-1.282418489456176758e+00,4.225496351718902588e-01,-3.945306539535522461e-01,-8.101189136505126953e-02,1.285436391830444336e+00,3.121274411678314209e-01,5.174453854560852051e-01,-2.521958574652671814e-02,-1.714635938405990601e-01,-9.949420392513275146e-02,3.035797365009784698e-02,8.954825700927562760e-19,-2.044485211372375488e-01,2.101507633924484253e-01,-8.813274502754211426e-01,5.895265936851501465e-02,8.168048225343227386e-03,2.788579761981964111e-01,-1.609055846929550171e-01,5.882588773965835571e-02
2.129295095801353455e-02,1.502536702901124954e-02,6.954460740089416504e-01,1.771256141364574432e-02,1.040045544505119324e-01,-3.355216681957244873e-01,9.361060261726379395e-01,0.000000000000000000e+00,0.000000000000000000e+00,-3.404001705348491669e-03,-1.280617952346801758e+00,4.292916357517242432e-01,-3.988016545772552490e-01,-7.610482722520828247e-02,1.284086108207702637e+00,3.050609827041625977e-01,5.214086771011352539e-01,-2.997018583118915558e-02,-1.640385091304779053e-01,-1.016076281666755676e-01,3.891122341156005859e-02,2.795340493321418762e-03,-2.208983153104782104e-01,2.039396911859512329e-01,-8.681171536445617676e-01,5.696563050150871277e-02,1.323379669338464737e-02,2.095482200384140015e-01,-1.392127275466918945e-01,6.107793748378753662e-02
2.571725472807884216e-02,8.297987282276153564e-03,6.941032409667968750e-01,2.200374007225036621e-02,1.046046614646911621e-01,-3.344308137893676758e-01,9.363384842872619629e-01,0.000000000000000000e+00,0.000000000000000000e+00,-6.052084267139434814e-03,-1.279646873474121094e+00,4.355935156345367432e-01,-4.033980667591094971e-01,-7.109633088111877441e-02,1.281375288963317871e+00,2.973262369632720947e-01,5.243979692459106445e-01,-3.325225785374641418e-02,-1.574412584304809570e-01,-1.059870719909667969e-01,4.578897729516029358e-02,1.327348873019218445e-02,-2.392884343862533569e-01,1.985912173986434937e-01,-8.606624007225036621e-01,5.228896439075469971e-02,1.698921620845794678e-02,1.658340245485305786e-01,-1.167852059006690979e-01,6.470497697591781616e-02
3.021656721830368042e-02,4.753225657623261213e-04,6.925679445266723633e-01,2.741200290620326996e-02,1.050915792584419250e-01,-3.322712182998657227e-01,9.369099140167236328e-01,0.000000000000000000e+00,0.000000000000000000e+00,-1.202508900314569473e-02,-1.279134273529052734e+00,4.449669122695922852e-01,-4.100766777992248535e-01,-6.518436968326568604e-02,1.277747035026550293e+00,2.902999222278594971e-01,5.313169956207275391e-01,-3.312259167432785034e-02,-1.530240029096603394e-01,-1.119168326258659363e-01,4.817292094230651855e-02,2.857026271522045135e-02,-2.579937875270843506e-01,1.929639279842376709e-01,-8.545472621917724609e-01,4.391891881823539734e-02,1.902628503739833832e-02,1.408124268054962158e-01,-9.222257137298583984e-02,6.713879108428955078e-02
3.495124727487564087e-02,-7.799830287694931030e-03,6.908891201019287109e-01,3.197639063000679016e-02,1.052022129297256470e-01,-3.298741877079010010e-01,9.375995993614196777e-01,0.000000000000000000e+00,0.000000000000000000e+00,-2.055418305099010468e-02,-1.277633190155029297e+00,4.561526775360107422e-01,-4.198359549045562744e-01,-6.043476238846778870e-02,1.273455262184143066e+00,2.828551530838012695e-01,5.385374426841735840e-01,-2.943051233887672424e-02,-1.495007574558258057e-01,-1.158991754055023193e-01,4.922290518879890442e-02,4.985681548714637756e-02,-2.777493298053741455e-01,1.863057464361190796e-01,-8.502438068389892578e-01,3.400014340877532959e-02,2.183571830391883850e-02,1.269768327474594116e-01,-6.942931562662124634e-02,7.192333042621612549e-02
3.989262133836746216e-02,-1.678253896534442902e-02,6.892757415771484375e-01,3.664406016469001770e-02,1.047876775264739990e-01,-3.269872069358825684e-01,9.384860992431640625e-01,0.000000000000000000e+00,0.000000000000000000e+00,-3.458219766616821289e-02,-1.278204679489135742e+00,4.666237831115722656e-01,-4.307030141353607178e-01,-5.435778573155403137e-02,1.268193602561950684e+00,2.747449576854705811e-01,5.474181175231933594e-01,-2.407470345497131348e-02,-1.473285108804702759e-01,-1.192939355969429016e-01,5.048113688826560974e-02,7.730138301849365234e-02,-2.931497097015380859e-01,1.780393570661544800e-01,-8.500594496726989746e-01,2.387248910963535309e-02,2.390437945723533630e-02,1.296210139989852905e-01,-4.637203738093376160e-02,7.731510698795318604e-02
4.574428871273994446e-02,-2.693127095699310303e-02,6.874347925186157227e-01,4.263373091816902161e-02,1.064709424972534180e-01,-3.242590427398681641e-01,9.389900565147399902e-01,0.000000000000000000e+00,0.000000000000000000e+00,-5.202689394354820251e-02,-1.278512358665466309e+00,4.774356484413146973e-01,-4.459914267063140869e-01,-4.814679548144340515e-02,1.262346148490905762e+00,2.654821276664733887e-01,5.593721270561218262e-01,-1.685404404997825623e-02,-1.432045698165893555e-01,-1.232465133070945740e-01,4.952102527022361755e-02,9.559016674757003784e-02,-3.075356781482696533e-01,1.688978821039199829e-01,-8.556150197982788086e-01,1.316057704389095306e-02,2.398894727230072021e-02,1.456566601991653442e-01,-2.290724776685237885e-02,8.303676545619964600e-02
5.253751575946807861e-02,-3.796461969614028931e-02,6.858380436897277832e-01,4.907565191388130188e-02,1.100322827696800232e-01,-3.213462829589843750e-01,9.392662048339843750e-01,0.000000000000000000e+00,0.000000000000000000e+00,-7.409595698118209839e-02,-1.278838396072387695e+00,4.875755608081817627e-01,-4.644137620925903320e-01,-4.066631942987442017e-02,1.255211710929870605e+00,2.533169984817504883e-01,5.754615664482116699e-01,-5.905845668166875839e-03,-1.385242640972137451e-01,-1.267018169164657593e-01,5.115067213773727417e-02,1.077517196536064148e-01,-3.121136426925659180e-01,1.591988503932952881e-01,-8.687019944190979004e-01,1.431365148164331913e-03,2.390951849520206451e-02,1.763375848531723022e-01,1.168986433185636997e-03,8.974686264991760254e-02
6.020901724696159363e-02,-4.954985901713371277e-02,6.843396425247192383e-01,5.557426065206527710e-02,1.145379617810249329e-01,-3.194319009780883789e-01,9.390185475349426270e-01,0.000000000000000000e+00,0.000000000000000000e+00,-9.836928546428680420e-02,-1.279388785362243652e+00,4.959607720375061035e-01,-4.871141910552978516e-01,-3.310591727495193481e-02,1.248243808746337891e+00,2.436438202857971191e-01,5.926726460456848145e-01,5.862492602318525314e-03,-1.283614039421081543e-01,-1.298517733812332153e-01,6.841621547937393188e-02,1.099389195442199707e-01,-3.086535930633544922e-01,1.535087376832962036e-01,-8.861827254295349121e-01,-8.456373587250709534e-03,2.637562155723571777e-02,2.173477858304977417e-01,2.577755786478519440e-02,9.559806436300277710e-02
6.892344355583190918e-02,-6.168498098850250244e-02,6.832435727119445801e-01,6.166631728410720825e-02,1.208008229732513428e-01,-3.197317123413085938e-01,9.377505183219909668e-01,0.000000000000000000e+00,0.000000000000000000e+00,-1.232605651021003723e-01,-1.277923583984375000e+00,5.046055316925048828e-01,-5.186762213706970215e-01,-2.406931109726428986e-02,1.239027738571166992e+00,2.288471013307571411e-01,6.155914664268493652e-01,2.496113441884517670e-02,-1.189026013016700745e-01,-1.313831955194473267e-01,6.618990749120712280e-02,1.121618673205375671e-01,-2.890177667140960693e-01,1.440067291259765625e-01,-9.077237248420715332e-01,-2.041318826377391815e-02,2.742292732000350952e-02,2.714780867099761963e-01,4.770073667168617249e-02,1.041382625699043274e-01
7.814223319292068481e-02,-7.494779676198959351e-02,6.820872426033020020e-01,6.975457817316055298e-02,1.285681873559951782e-01,-3.217591047286987305e-01,9.354547262191772461e-01,0.000000000000000000e+00,0.000000000000000000e+00,-1.465343236923217773e-01,-1.270641565322875977e+00,5.124052762985229492e-01,-5.571987628936767578e-01,-1.281789038330316544e-02,1.228125452995300293e+00,2.152064144611358643e-01,6.480777859687805176e-01,4.194960743188858032e-02,-1.135848909616470337e-01,-1.352081596851348877e-01,5.691602826118469238e-02,1.169615462422370911e-01,-2.577205598354339600e-01,1.301322430372238159e-01,-9.251983165740966797e-01,-2.383938990533351898e-02,3.594610467553138733e-02,3.161053061485290527e-01,6.247592717409133911e-02,1.067309826612472534e-01
8.758520334959030151e-02,-8.775065839290618896e-02,6.821551918983459473e-01,7.517196238040924072e-02,1.359679251909255981e-01,-3.253357410430908203e-01,9.327478408813476562e-01,0.000000000000000000e+00,0.000000000000000000e+00,-1.623615771532058716e-01,-1.259200334548950195e+00,5.140255689620971680e-01,-6.005032658576965332e-01,6.142833735793828964e-04,1.217475056648254395e+00,2.029417604207992554e-01,6.833713650703430176e-01,5.921834707260131836e-02,-1.141344532370567322e-01,-1.359353065490722656e-01,5.791301280260086060e-02,1.391290873289108276e-01,-2.059615105390548706e-01,1.120622977614402771e-01,-9.340294003486633301e-01,-2.375040203332901001e-02,4.305771738290786743e-02,3.506687581539154053e-01,6.258869916200637817e-02,1.006720736622810364e-01
9.735631197690963745e-02,-1.000882238149642944e-01,6.851912736892700195e-01,7.860147207975387573e-02,1.437809169292449951e-01,-3.326216936111450195e-01,9.287150502204895020e-01,0.000000000000000000e+00,0.000000000000000000e+00,-1.737564951181411743e-01,-1.241463422775268555e+00,5.111802816390991211e-01,-6.461010575294494629e-01,1.729958690702915192e-02,1.208507418632507324e+00,1.876208484172821045e-01,7.250924110412597656e-01,7.185044139623641968e-02,-1.282808780670166016e-01,-1.386189907789230347e-01,5.737077444791793823e-02,2.022340595722198486e-01,-1.289632916450500488e-01,7.745476067066192627e-02,-9.320481419563293457e-01,-1.236025337129831314e-02,5.041505023837089539e-02,3.678717911243438721e-01,6.252913177013397217e-02,9.377924352884292603e-02
1.065862476825714111e-01,-1.125817298889160156e-01,6.892828345298767090e-01,8.325333893299102783e-02,1.504196226596832275e-01,-3.414281010627746582e-01,9.240506887435913086e-01,0.000000000000000000e+00,0.000000000000000000e+00,-1.787333041429519653e-01,-1.218535661697387695e+00,4.944538772106170654e-01,-6.891577839851379395e-01,3.405141830444335938e-02,1.200474619865417480e+00,1.683933585882186890e-01,7.635963559150695801e-01,8.311992883682250977e-02,-1.545498669147491455e-01,-1.349370628595352173e-01,7.991264015436172485e-02,3.304025232791900635e-01,-6.128096580505371094e-02,4.557031393051147461e-02,-9.211545586585998535e-01,-9.139408357441425323e-04,5.686905235052108765e-02,3.729430139064788818e-01,6.088721379637718201e-02,7.922920584678649902e-02
1.146243885159492493e-01,-1.232403963804244995e-01,6.917139291763305664e-01,8.369860798120498657e-02,1.520880609750747681e-01,-3.529120385646820068e-01,9.194111227989196777e-01,0.000000000000000000e+00,0.000000000000000000e+00,-1.750058680772781372e-01,-1.190761327743530273e+00,4.785566627979278564e-01,-7.196801304817199707e-01,4.961359128355979919e-02,1.194382905960083008e+00,1.554570645093917847e-01,7.953554391860961914e-01,9.404379129409790039e-02,-1.882741600275039673e-01,-1.177644655108451843e-01,1.228208392858505249e-01,5.049036145210266113e-01,-7.107490673661231995e-03,3.361545503139495850e-02,-9.071750044822692871e-01,1.870493777096271515e-02,6.315791606903076172e-02,3.907904028892517090e-01,5.123163014650344849e-02,6.083634495735168457e-02
1.209404170513153076e-01,-1.323377788066864014e-01,6.924032568931579590e-01,8.216196298599243164e-02,1.485804915428161621e-01,-3.651063144207000732e-01,9.153527617454528809e-01,0.000000000000000000e+00,0.000000000000000000e+00,-1.605884432792663574e-01,-1.163216352462768555e+00,4.499188661575317383e-01,-7.480518817901611328e-01,6.390746682882308960e-02,1.189043641090393066e+00,1.463215500116348267e-01,8.257533311843872070e-01,1.052398160099983215e-01,-2.316502034664154053e-01,-9.003143757581710815e-02,1.651723384857177734e-01,7.247432470321655273e-01,3.055838122963905334e-02,3.135432302951812744e-02,-8.982987403869628906e-01,4.016245529055595398e-02,6.821073591709136963e-02,4.349014461040496826e-01,1.650008745491504669e-02,2.854251302778720856e-02
1.270778477191925049e-01,-1.401124894618988037e-01,6.911137700080871582e-01,7.718620449304580688e-02,1.452644914388656616e-01,-3.762138485908508301e-01,9.118133783340454102e-01,0.000000000000000000e+00,0.000000000000000000e+00,-1.458032727241516113e-01,-1.139286041259765625e+00,4.218201041221618652e-01,-7.618842124938964844e-01,7.171176373958587646e-02,1.181869029998779297e+00,1.395552307367324829e-01,8.499299287796020508e-01,1.135292798280715942e-01,-2.696652710437774658e-01,-6.155609712004661560e-02,1.919312030076980591e-01,9.269717931747436523e-01,4.790187254548072815e-02,4.059933871030807495e-02,-9.061323404312133789e-01,6.943617761135101318e-02,7.067219913005828857e-02,5.088260173797607422e-01,-3.870835155248641968e-02,-7.489327341318130493e-03
1.323692202568054199e-01,-1.469031274318695068e-01,6.880777478218078613e-01,7.180745154619216919e-02,1.399212032556533813e-01,-3.867354691028594971e-01,9.086811542510986328e-01,0.000000000000000000e+00,0.000000000000000000e+00,-1.301171928644180298e-01,-1.121874928474426270e+00,3.970874547958374023e-01,-7.536011934280395508e-01,7.328505814075469971e-02,1.176742911338806152e+00,1.340541690587997437e-01,8.571687936782836914e-01,1.205126494169235229e-01,-3.028096854686737061e-01,-3.327164798974990845e-02,2.096669673919677734e-01,1.114033341407775879e+00,6.340770423412322998e-02,5.621791258454322815e-02,-9.227444529533386230e-01,9.871572256088256836e-02,7.079898566007614136e-02,6.022456288337707520e-01,-1.148178651928901672e-01,-4.703509807586669922e-02
1.367725431919097900e-01,-1.523575931787490845e-01,6.836420297622680664e-01,6.513249874114990234e-02,1.316371411085128784e-01,-3.962117135524749756e-01,9.063364267349243164e-01,0.000000000000000000e+00,0.000000000000000000e+00,-1.197328567504882812e-01,-1.114045381546020508e+00,3.811548054218292236e-01,-7.199115157127380371e-01,6.994386017322540283e-02,1.168717741966247559e+00,1.308371722698211670e-01,8.527225852012634277e-01,1.252055466175079346e-01,-3.379719555377960205e-01,-1.423767581582069397e-02,2.155633568763732910e-01,1.263014316558837891e+00,5.734222009778022766e-02,7.599665969610214233e-02,-9.383203387260437012e-01,1.272188127040863037e-01,6.672083586454391479e-02,7.005513906478881836e-01,-1.946162730455398560e-01,-7.833115011453628540e-02
1.409589499235153198e-01,-1.571232229471206665e-01,6.798657774925231934e-01,5.765809863805770874e-02,1.246001273393630981e-01,-4.023143351078033447e-01,9.051483273506164551e-01,0.000000000000000000e+00,0.000000000000000000e+00,-1.110305339097976685e-01,-1.122399210929870605e+00,3.579568862915039062e-01,-6.672109961509704590e-01,6.690243631601333618e-02,1.162478208541870117e+00,1.384455114603042603e-01,8.388319611549377441e-01,1.248363405466079712e-01,-3.876006305217742920e-01,-4.182582721114158630e-03,2.077008932828903198e-01,1.368296623229980469e+00,3.585221990942955017e-02,9.327191114425659180e-02,-9.439111948013305664e-01,1.546558439731597900e-01,6.080036237835884094e-02,7.744817137718200684e-01,-2.585364282131195068e-01,-9.984851628541946411e-02
1.445885449647903442e-01,-1.616353541612625122e-01,6.774971485137939453e-01,5.106291547417640686e-02,1.183998733758926392e-01,-4.054286181926727295e-01,9.049870967864990234e-01,0.000000000000000000e+00,0.000000000000000000e+00,-9.222146868705749512e-02,-1.136673569679260254e+00,3.448146879673004150e-01,-6.203284859657287598e-01,7.075946778059005737e-02,1.163510322570800781e+00,1.444424390792846680e-01,8.291704058647155762e-01,1.020526885986328125e-01,-4.459643363952636719e-01,1.275597698986530304e-02,2.057676613330841064e-01,1.413270831108093262e+00,-2.467968966811895370e-03,1.157717481255531311e-01,-9.458442330360412598e-01,1.916148513555526733e-01,6.218229979276657104e-02,8.278437852859497070e-01,-2.947309911251068115e-01,-1.100350543856620789e-01
1.467106044292449951e-01,-1.660346239805221558e-01,6.779464483261108398e-01,4.792591929435729980e-02,1.108699664473533630e-01,-4.079767465591430664e-01,9.049673676490783691e-01,0.000000000000000000e+00,0.000000000000000000e+00,-1.033545136451721191e-01,-1.162167668342590332e+00,3.290103077888488770e-01,-5.255488753318786621e-01,5.633962526917457581e-02,1.156963944435119629e+00,1.699478924274444580e-01,8.022887706756591797e-01,1.100448668003082275e-01,-5.481845736503601074e-01,1.456591021269559860e-02,1.658793985843658447e-01,1.423790454864501953e+00,-8.103231340646743774e-02,1.459434032440185547e-01,-9.018751978874206543e-01,1.920377165079116821e-01,5.631836131215095520e-02,8.102491497993469238e-01,-3.147153854370117188e-01,-1.120035797357559204e-01
1.482345461845397949e-01,-1.708718240261077881e-01,6.807507276535034180e-01,4.780376702547073364e-02,1.054459661245346069e-01,-4.078285098075866699e-01,9.056885838508605957e-01,0.000000000000000000e+00,0.000000000000000000e+00,-9.415797144174575806e-02,-1.183761000633239746e+00,3.189167082309722900e-01,-4.663079380989074707e-01,4.941499233245849609e-02,1.158147931098937988e+00,1.911453306674957275e-01,7.825087904930114746e-01,9.683527797460556030e-02,-6.507101655006408691e-01,2.186976559460163116e-02,1.363352239131927490e-01,1.366662383079528809e+00,-1.722064763307571411e-01,1.873844414949417114e-01,-8.588944077491760254e-01,1.981367319822311401e-01,5.995085090398788452e-02,7.751050591468811035e-01,-3.127332627773284912e-01,-1.028451696038246155e-01
1.476540714502334595e-01,-1.754478216171264648e-01,6.844683885574340820e-01,4.908359795808792114e-02,9.638454020023345947e-02,-4.039825201034545898e-01,9.083495736122131348e-01,0.000000000000000000e+00,0.000000000000000000e+00,-7.975551486015319824e-02,-1.207720875740051270e+00,3.027665615081787109e-01,-4.191404283046722412e-01,4.466897994279861450e-02,1.157437324523925781e+00,2.158696353435516357e-01,7.630009651184082031e-01,8.552420139312744141e-02,-7.458394765853881836e-01,1.257185265421867371e-02,9.418996423482894897e-02,1.243765830993652344e+00,-2.673354446887969971e-01,2.244257926940917969e-01,-8.024162650108337402e-01,1.935441046953201294e-01,6.253203004598617554e-02,7.239783406257629395e-01,-3.000657260417938232e-01,-8.847098797559738159e-02
1.459674388170242310e-01,-1.800111532211303711e-01,6.888927221298217773e-01,5.179794877767562866e-02,8.823092281818389893e-02,-3.980937302112579346e-01,9.116214513778686523e-01,0.000000000000000000e+00,0.000000000000000000e+00,-6.478838622570037842e-02,-1.228885054588317871e+00,2.748581469058990479e-01,-3.820122778415679932e-01,3.739372268319129944e-02,1.156378030776977539e+00,2.356144040822982788e-01,7.447764277458190918e-01,9.193281829357147217e-02,-8.301579952239990234e-01,-2.524945326149463654e-02,2.615007758140563965e-02,1.055007576942443848e+00,-3.340000808238983154e-01,2.475679367780685425e-01,-7.497419118881225586e-01,1.748970746994018555e-01,5.665052309632301331e-02,6.728332638740539551e-01,-2.831395566463470459e-01,-7.198135554790496826e-02
1.441917717456817627e-01,-1.840280741453170776e-01,6.932677030563354492e-01,5.374915525317192078e-02,8.431868255138397217e-02,-3.927714526653289795e-01,9.141837954521179199e-01,0.000000000000000000e+00,0.000000000000000000e+00,-5.267366766929626465e-02,-1.244671702384948730e+00,2.623451948165893555e-01,-3.561770319938659668e-01,2.715291827917098999e-02,1.152476429939270020e+00,2.520073056221008301e-01,7.301239371299743652e-01,1.159966811537742615e-01,-8.794589042663574219e-01,-8.533888310194015503e-02,-5.972018465399742126e-02,7.898976206779479980e-01,-3.207544684410095215e-01,2.370848357677459717e-01,-7.055874466896057129e-01,1.493304818868637085e-01,3.393690288066864014e-02,6.185756325721740723e-01,-2.631368339061737061e-01,-5.149095505475997925e-02
1.413715332746505737e-01,-1.891665607690811157e-01,6.960437893867492676e-01,5.803618580102920532e-02,8.138098567724227905e-02,-3.789964914321899414e-01,9.199840426445007324e-01,0.000000000000000000e+00,0.000000000000000000e+00,-1.093289162963628769e-02,-1.259761214256286621e+00,2.700415253639221191e-01,-3.394497931003570557e-01,4.405065998435020447e-02,1.162824988365173340e+00,2.700879573822021484e-01,7.207033634185791016e-01,1.481417417526245117e-01,-9.274001121520996094e-01,-1.332142055034637451e-01,-1.175978705286979675e-01,5.470692515373229980e-01,-2.568060159683227539e-01,2.108104526996612549e-01,-6.845726370811462402e-01,1.066845282912254333e-01,-1.753715239465236664e-02,6.012207865715026855e-01,-2.667185068130493164e-01,-4.907571151852607727e-02
1.396333426237106323e-01,-1.936202794313430786e-01,6.982924342155456543e-01,6.019530817866325378e-02,8.416680246591567993e-02,-3.650842010974884033e-01,9.252059459686279297e-01,0.000000000000000000e+00,0.000000000000000000e+00,1.154997036792337894e-03,-1.258320689201354980e+00,2.660667598247528076e-01,-3.310933411121368408e-01,3.425544872879981995e-02,1.160087943077087402e+00,2.932313382625579834e-01,7.199581265449523926e-01,1.648586690425872803e-01,-9.812991619110107422e-01,-1.712099760770797729e-01,-1.674663722515106201e-01,2.950364947319030762e-01,-1.868190616369247437e-01,1.742160022258758545e-01,-6.565521359443664551e-01,8.116582781076431274e-02,-5.885480716824531555e-02,5.501777529716491699e-01,-2.599616050720214844e-01,-3.995819762349128723e-02
1.393040567636489868e-01,-1.969507187604904175e-01,6.997277736663818359e-01,5.867518857121467590e-02,8.730752021074295044e-02,-3.543487489223480225e-01,9.291779398918151855e-01,0.000000000000000000e+00,0.000000000000000000e+00,1.650290004909038544e-02,-1.254431128501892090e+00,2.667329609394073486e-01,-3.191586434841156006e-01,2.303828485310077667e-02,1.161641120910644531e+00,3.144132494926452637e-01,7.277328372001647949e-01,1.613517403602600098e-01,-1.038048982620239258e+00,-1.905106753110885620e-01,-1.998857557773590088e-01,1.208885535597801208e-01,-1.339081823825836182e-01,1.512919366359710693e-01,-6.258877515792846680e-01,7.730755209922790527e-02,-8.935533463954925537e-02,4.923553764820098877e-01,-2.422433048486709595e-01,-2.438859082758426666e-02
1.368927657604217529e-01,-1.998153179883956909e-01,6.996935606002807617e-01,6.027140095829963684e-02,8.107071369886398315e-02,-3.453469574451446533e-01,9.330222010612487793e-01,0.000000000000000000e+00,0.000000000000000000e+00,3.578019142150878906e-02,-1.250345706939697266e+00,2.741998732089996338e-01,-3.118961155414581299e-01,9.349747560918331146e-03,1.160364270210266113e+00,3.354371786117553711e-01,7.473828792572021484e-01,1.418768316507339478e-01,-1.130270838737487793e+00,-1.990091353654861450e-01,-2.124591022729873657e-01,6.737790256738662720e-02,-1.053733229637145996e-01,1.300465166568756104e-01,-5.957173109054565430e-01,7.310049235820770264e-02,-1.058000847697257996e-01,4.630056321620941162e-01,-2.388407737016677856e-01,-1.565453410148620605e-02
1.350799500942230225e-01,-2.013033032417297363e-01,6.987134814262390137e-01,5.886728689074516296e-02,7.299990952014923096e-02,-3.407400846481323242e-01,9.354687929153442383e-01,0.000000000000000000e+00,0.000000000000000000e+00,5.623585730791091919e-02,-1.247744798660278320e+00,2.810382544994354248e-01,-3.031537234783172607e-01,-3.701853565871715546e-03,1.171562910079956055e+00,3.472501337528228760e-01,7.560698986053466797e-01,1.261285096406936646e-01,-1.186962127685546875e+00,-1.999427825212478638e-01,-2.304658740758895874e-01,2.010903321206569672e-02,-7.762133330106735229e-02,1.180539280176162720e-01,-5.993605852127075195e-01,6.965744495391845703e-02,-1.268312186002731323e-01,5.067427158355712891e-01,-2.640975117683410645e-01,-9.401585906744003296e-03
1.336449682712554932e-01,-2.025633901357650757e-01,6.977180242538452148e-01,5.862131714820861816e-02,6.563689559698104858e-02,-3.365461826324462891e-01,9.375457167625427246e-01,0.000000000000000000e+00,0.000000000000000000e+00,6.834291666746139526e-02,-1.243677735328674316e+00,2.866879403591156006e-01,-2.962628901004791260e-01,-2.142606489360332489e-02,1.173817038536071777e+00,3.682547509670257568e-01,7.727351188659667969e-01,1.079215183854103088e-01,-1.244547724723815918e+00,-1.999431699514389038e-01,-2.385937869548797607e-01,5.283266305923461914e-03,-3.152925521135330200e-02,1.064627394080162048e-01,-5.990650653839111328e-01,6.717219948768615723e-02,-1.367010623216629028e-01,5.373219251632690430e-01,-2.826220095157623291e-01,-2.437591552734375000e-03
1.318074911832809448e-01,-2.023129761219024658e-01,6.960294842720031738e-01,5.572052672505378723e-02,5.381756648421287537e-02,-3.349846601486206055e-01,9.390336275100708008e-01,0.000000000000000000e+00,0.000000000000000000e+00,9.331230074167251587e-02,-1.238555073738098145e+00,2.957647144794464111e-01,-2.827770113945007324e-01,-2.856092527508735657e-02,1.186893820762634277e+00,3.940514624118804932e-01,7.837665081024169922e-01,9.656216949224472046e-02,-1.280250787734985352e+00,-1.999966949224472046e-01,-2.439158558845520020e-01,6.443949881941080093e-03,1.152487471699714661e-02,9.712034463882446289e-02,-5.961654186248779297e-01,6.414154171943664551e-02,-1.486188620328903198e-01,5.823637843132019043e-01,-3.040197491645812988e-01,2.822549082338809967e-03
1.313973963260650635e-01,-2.020676434040069580e-01,6.950274705886840820e-01,5.481515824794769287e-02,4.648924618959426880e-02,-3.365963399410247803e-01,9.389020204544067383e-01,0.000000000000000000e+00,0.000000000000000000e+00,1.030859500169754028e-01,-1.232086181640625000e+00,2.991477847099304199e-01,-2.756158709526062012e-01,-4.527095705270767212e-02,1.189127564430236816e+00,4.204416871070861816e-01,7.966226339340209961e-01,9.198490530252456665e-02,-1.300077080726623535e+00,-1.999964267015457153e-01,-2.443192452192306519e-01,1.344813872128725052e-02,3.689810261130332947e-02,9.275002032518386841e-02,-5.937482118606567383e-01,5.961094796657562256e-02,-1.547771692276000977e-01,6.105765700340270996e-01,-3.204125165939331055e-01,7.822688668966293335e-03
1.311815530061721802e-01,-2.010617554187774658e-01,6.937725543975830078e-01,5.321201682090759277e-02,3.781647235155105591e-02,-3.398214280605316162e-01,9.382216334342956543e-01,0.000000000000000000e+00,0.000000000000000000e+00,9.883367270231246948e-02,-1.225278377532958984e+00,3.038316667079925537e-01,-2.780648469924926758e-01,-6.172534823417663574e-02,1.189928054809570312e+00,4.501362144947052002e-01,8.085959553718566895e-01,9.200017899274826050e-02,-1.308894515037536621e+00,-1.999960839748382568e-01,-2.403995990753173828e-01,3.568125888705253601e-02,5.046841129660606384e-02,8.949673920869827271e-02,-5.852140188217163086e-01,5.538906902074813843e-02,-1.578039526939392090e-01,6.328772306442260742e-01,-3.335637450218200684e-01,8.512225933372974396e-03
1.319815963506698608e-01,-1.996938735246658325e-01,6.928424835205078125e-01,5.079725757241249084e-02,3.118274174630641937e-02,-3.438798487186431885e-01,9.371200203895568848e-01,0.000000000000000000e+00,0.000000000000000000e+00,8.683086186647415161e-02,-1.219930171966552734e+00,3.099699020385742188e-01,-2.884975075721740723e-01,-7.673700898885726929e-02,1.191635966300964355e+00,4.791021347045898438e-01,8.177978992462158203e-01,9.489528834819793701e-02,-1.303826451301574707e+00,-1.999960243701934814e-01,-2.345713376998901367e-01,6.758426129817962646e-02,4.797568172216415405e-02,8.770135045051574707e-02,-5.758419036865234375e-01,5.405632406473159790e-02,-1.582533568143844604e-01,6.477815508842468262e-01,-3.451643884181976318e-01,1.038007624447345734e-02
1.331917047500610352e-01,-1.982585340738296509e-01,6.918877363204956055e-01,4.874500259757041931e-02,2.414657361805438995e-02,-3.475719094276428223e-01,9.360740780830383301e-01,0.000000000000000000e+00,0.000000000000000000e+00,7.033783197402954102e-02,-1.216274023056030273e+00,3.138437569141387939e-01,-3.053687810897827148e-01,-8.994572609663009644e-02,1.194078922271728516e+00,5.074291825294494629e-01,8.227999806404113770e-01,1.000375598669052124e-01,-1.284625291824340820e+00,-1.999959051609039307e-01,-2.272989153861999512e-01,1.094979494810104370e-01,3.147646784782409668e-02,8.699927479028701782e-02,-5.644357800483703613e-01,5.021215975284576416e-02,-1.584466099739074707e-01,6.618736386299133301e-01,-3.567313849925994873e-01,9.815976954996585846e-03
1.356834918260574341e-01,-1.970532983541488647e-01,6.915535926818847656e-01,4.703351110219955444e-02,2.010168135166168213e-02,-3.511810898780822754e-01,9.349094033241271973e-01,0.000000000000000000e+00,0.000000000000000000e+00,5.031723156571388245e-02,-1.212692022323608398e+00,3.207946419715881348e-01,-3.294226825237274170e-01,-1.018508449196815491e-01,1.195605993270874023e+00,5.336994528770446777e-01,8.227578997611999512e-01,1.086024045944213867e-01,-1.253266930580139160e+00,-1.999959349632263184e-01,-2.161929905414581299e-01,1.584159880876541138e-01,3.378835739567875862e-03,9.003026783466339111e-02,-5.555477142333984375e-01,4.578181728720664978e-02,-1.587744802236557007e-01,6.724351048469543457e-01,-3.671146929264068604e-01,8.696598932147026062e-03
1.399270147085189819e-01,-1.966521739959716797e-01,6.922807097434997559e-01,4.738713800907135010e-02,2.244539558887481689e-02,-3.537900447845458984e-01,9.338539838790893555e-01,0.000000000000000000e+00,0.000000000000000000e+00,1.710059866309165955e-02,-1.210131525993347168e+00,3.230821788311004639e-01,-3.586918115615844727e-01,-1.202921941876411438e-01,1.190098404884338379e+00,5.543007254600524902e-01,8.256385922431945801e-01,1.205592453479766846e-01,-1.213887095451354980e+00,-1.999192833900451660e-01,-2.014426440000534058e-01,1.996523439884185791e-01,-2.609785832464694977e-02,9.601350873708724976e-02,-5.495083928108215332e-01,4.008169099688529968e-02,-1.567060798406600952e-01,6.656342148780822754e-01,-3.705296516418457031e-01,8.994880132377147675e-03
1.465938836336135864e-01,-1.972773820161819458e-01,6.977220177650451660e-01,5.074061825871467590e-02,3.502478078007698059e-02,-3.562640249729156494e-01,9.323489665985107422e-01,0.000000000000000000e+00,0.000000000000000000e+00,-3.919121623039245605e-02,-1.193728208541870117e+00,3.178186118602752686e-01,-4.103328287601470947e-01,-1.630952656269073486e-01,1.158978700637817383e+00,5.983981490135192871e-01,8.454438447952270508e-01,8.170887082815170288e-02,-1.180899500846862793e+00,-1.532898247241973877e-01,-1.700815111398696899e-01,2.686159014701843262e-01,-9.559300541877746582e-02,1.009564399719238281e-01,-4.390059709548950195e-01,7.235288619995117188e-02,-9.171421825885772705e-02,4.134670495986938477e-01,-2.581004202365875244e-01,1.924866437911987305e-02
1.509641557931900024e-01,-1.957709789276123047e-01,6.978811621665954590e-01,4.784151166677474976e-02,3.191117942333221436e-02,-3.575718402862548828e-01,9.321133494377136230e-01,0.000000000000000000e+00,0.000000000000000000e+00,-5.932141840457916260e-02,-1.191952824592590332e+00,3.272096216678619385e-01,-4.443261921405792236e-01,-1.715051233768463135e-01,1.171869516372680664e+00,6.167457699775695801e-01,8.290600776672363281e-01,8.453461527824401855e-02,-1.103702783584594727e+00,-1.385755240917205811e-01,-1.547307670116424561e-01,3.004689216613769531e-01,-1.164412572979927063e-01,1.065025404095649719e-01,-4.134234786033630371e-01,7.203406840562820435e-02,-8.251947164535522461e-02,3.936496376991271973e-01,-2.540168166160583496e-01,1.257455442100763321e-02
1.562318056821823120e-01,-1.938596069812774658e-01,6.979959011077880859e-01,4.372429475188255310e-02,3.028951399028301239e-02,-3.591774404048919678e-01,9.317522644996643066e-01,0.000000000000000000e+00,0.000000000000000000e+00,-7.933687418699264526e-02,-1.192967653274536133e+00,3.419647514820098877e-01,-4.775205552577972412e-01,-1.805600821971893311e-01,1.187919139862060547e+00,6.308175921440124512e-01,8.059505820274353027e-01,8.306828141212463379e-02,-1.018321394920349121e+00,-1.193186193704605103e-01,-1.388583332300186157e-01,3.296501338481903076e-01,-1.254521310329437256e-01,1.130015701055526733e-01,-3.965100049972534180e-01,7.556847482919692993e-02,-6.837031245231628418e-02,3.855592906475067139e-01,-2.521547973155975342e-01,9.636108763515949249e-03
1.620175838470458984e-01,-1.914371252059936523e-01,6.979864835739135742e-01,3.763370960950851440e-02,2.951500006020069122e-02,-3.596936762332916260e-01,9.318438768386840820e-01,0.000000000000000000e+00,0.000000000000000000e+00,-9.555511176586151123e-02,-1.196755886077880859e+00,3.616441190242767334e-01,-5.117899179458618164e-01,-1.853706538677215576e-01,1.205071926116943359e+00,6.409169435501098633e-01,7.767223715782165527e-01,8.024396747350692749e-02,-9.314050078392028809e-01,-9.913933277130126953e-02,-1.211079582571983337e-01,3.651709854602813721e-01,-1.338163465261459351e-01,1.210437491536140442e-01,-3.785395026206970215e-01,8.300804346799850464e-02,-5.241754278540611267e-02,3.748434782028198242e-01,-2.516265511512756348e-01,1.049889530986547470e-02
1.675391942262649536e-01,-1.888493299484252930e-01,6.978771686553955078e-01,3.252676501870155334e-02,2.798440679907798767e-02,-3.605466485023498535e-01,9.317536950111389160e-01,0.000000000000000000e+00,0.000000000000000000e+00,-1.108976155519485474e-01,-1.205316662788391113e+00,3.817645311355590820e-01,-5.360389351844787598e-01,-1.846856027841567993e-01,1.221128940582275391e+00,6.413393020629882812e-01,7.479107379913330078e-01,7.792752981185913086e-02,-8.548817038536071777e-01,-7.710178196430206299e-02,-1.004456803202629089e-01,4.135780334472656250e-01,-1.423352360725402832e-01,1.280339062213897705e-01,-3.593358695507049561e-01,8.673363924026489258e-02,-3.871653974056243896e-02,3.630228936672210693e-01,-2.515691518783569336e-01,8.866482414305210114e-03
1.731310784816741943e-01,-1.857351064682006836e-01,6.976256966590881348e-01,2.629284374415874481e-02,2.687495015561580658e-02,-3.617512583732604980e-01,9.315162301063537598e-01,0.000000000000000000e+00,0.000000000000000000e+00,-1.235605254769325256e-01,-1.217055559158325195e+00,4.107021987438201904e-01,-5.566118359565734863e-01,-1.795110553503036499e-01,1.234834432601928711e+00,6.335814595222473145e-01,7.187485098838806152e-01,7.361508160829544067e-02,-7.822533249855041504e-01,-5.170510709285736084e-02,-7.621271163225173950e-02,4.653290212154388428e-01,-1.518592238426208496e-01,1.350848227739334106e-01,-3.366768956184387207e-01,9.307837486267089844e-02,-2.322565950453281403e-02,3.425820171833038330e-01,-2.461803406476974487e-01,9.847392328083515167e-03
1.780963838100433350e-01,-1.826662123203277588e-01,6.974121928215026855e-01,2.119424194097518921e-02,2.528813108801841736e-02,-3.619411587715148926e-01,9.316168427467346191e-01,0.000000000000000000e+00,0.000000000000000000e+00,-1.332203447818756104e-01,-1.233298778533935547e+00,4.381883442401885986e-01,-5.739198923110961914e-01,-1.685120463371276855e-01,1.245902895927429199e+00,6.183469891548156738e-01,6.906776428222656250e-01,7.008668035268783569e-02,-7.134415507316589355e-01,-2.589043602347373962e-02,-5.422997474670410156e-02,5.091421604156494141e-01,-1.627289205789566040e-01,1.438671201467514038e-01,-3.110252320766448975e-01,9.534282982349395752e-02,-1.122801285237073898e-02,3.162606060504913330e-01,-2.386039644479751587e-01,7.197120692580938339e-03
1.823779940605163574e-01,-1.797271966934204102e-01,6.974839568138122559e-01,1.741517893970012665e-02,2.346070669591426849e-02,-3.606486022472381592e-01,9.322440028190612793e-01,0.000000000000000000e+00,0.000000000000000000e+00,-1.424127817153930664e-01,-1.250765800476074219e+00,4.744876325130462646e-01,-5.873924493789672852e-01,-1.535440087318420410e-01,1.254971385002136230e+00,5.985090732574462891e-01,6.604321599006652832e-01,7.052057236433029175e-02,-6.456417441368103027e-01,-1.446953509002923965e-03,-3.166272118687629700e-02,5.297209620475769043e-01,-1.729278862476348877e-01,1.494840979576110840e-01,-2.794433832168579102e-01,9.239969402551651001e-02,-6.020869594067335129e-03,2.780058085918426514e-01,-2.242977470159530640e-01,3.813639516010880470e-03
1.865877062082290649e-01,-1.769942492246627808e-01,6.977114677429199219e-01,1.440967340022325516e-02,2.336967177689075470e-02,-3.575679957866668701e-01,9.334834814071655273e-01,0.000000000000000000e+00,0.000000000000000000e+00,-1.525506824254989624e-01,-1.271105289459228516e+00,5.137414336204528809e-01,-5.967327356338500977e-01,-1.373449116945266724e-01,1.262694954872131348e+00,5.724277496337890625e-01,6.275296211242675781e-01,7.572453469038009644e-02,-5.759027600288391113e-01,1.708086207509040833e-02,-1.370516978204250336e-02,5.207204818725585938e-01,-1.782055348157882690e-01,1.525222361087799072e-01,-2.544043362140655518e-01,8.674315363168716431e-02,-9.307457134127616882e-03,2.455338686704635620e-01,-2.142188847064971924e-01,-1.385463983751833439e-04
1.902334392070770264e-01,-1.743060499429702759e-01,6.979410052299499512e-01,1.151913031935691833e-02,2.283261157572269440e-02,-3.506083190441131592e-01,9.361729621887207031e-01,0.000000000000000000e+00,0.000000000000000000e+00,-1.627353578805923462e-01,-1.294183254241943359e+00,5.589136481285095215e-01,-6.017501950263977051e-01,-1.169413253664970398e-01,1.267902135848999023e+00,5.446058511734008789e-01,5.941185951232910156e-01,8.361971378326416016e-02,-5.058756470680236816e-01,2.872488461434841156e-02,5.894136847928166389e-04,4.798199236392974854e-01,-1.776654869318008423e-01,1.538672298192977905e-01,-2.335427552461624146e-01,7.873953133821487427e-02,-2.026777900755405426e-02,2.237738519906997681e-01,-2.058043479919433594e-01,-3.961349837481975555e-03
1.941162943840026855e-01,-1.719293147325515747e-01,6.984661221504211426e-01,9.728483855724334717e-03,2.442641369998455048e-02,-3.413294851779937744e-01,9.395759105682373047e-01,0.000000000000000000e+00,0.000000000000000000e+00,-1.733252108097076416e-01,-1.316124081611633301e+00,6.104274988174438477e-01,-6.047874689102172852e-01,-9.593518823385238647e-02,1.272062182426452637e+00,5.128621459007263184e-01,5.589388012886047363e-01,9.271458536386489868e-02,-4.386426210403442383e-01,3.423171117901802063e-02,1.416734233498573303e-02,4.088168740272521973e-01,-1.672583669424057007e-01,1.503372341394424438e-01,-2.182040810585021973e-01,6.844729185104370117e-02,-3.680976480245590210e-02,2.054004073143005371e-01,-2.009653151035308838e-01,-6.180027965456247330e-03
1.979144215583801270e-01,-1.696592420339584351e-01,6.990451812744140625e-01,8.355589583516120911e-03,2.612382732331752777e-02,-3.287137150764465332e-01,9.440312385559082031e-01,0.000000000000000000e+00,0.000000000000000000e+00,-1.849679350852966309e-01,-1.339429974555969238e+00,6.605257987976074219e-01,-6.039662361145019531e-01,-7.491412758827209473e-02,1.277857422828674316e+00,4.760556817054748535e-01,5.213134288787841797e-01,1.022956967353820801e-01,-3.722551763057708740e-01,3.283988684415817261e-02,2.721323072910308838e-02,3.149781823158264160e-01,-1.465458273887634277e-01,1.443485766649246216e-01,-2.021211087703704834e-01,5.594472587108612061e-02,-5.993253365159034729e-02,1.879198700189590454e-01,-1.962285041809082031e-01,-9.138905443251132965e-03
2.024645209312438965e-01,-1.673139184713363647e-01,6.993485689163208008e-01,5.572560243308544159e-03,3.055417351424694061e-02,-3.126927316188812256e-01,9.493464231491088867e-01,0.000000000000000000e+00,0.000000000000000000e+00,-1.959280371665954590e-01,-1.361197352409362793e+00,7.111925482749938965e-01,-6.056345105171203613e-01,-5.657183006405830383e-02,1.285329580307006836e+00,4.435762166976928711e-01,4.788839221000671387e-01,1.087960302829742432e-01,-3.150074779987335205e-01,2.539165131747722626e-02,3.209875151515007019e-02,2.189078778028488159e-01,-1.244087070226669312e-01,1.386145502328872681e-01,-1.911577433347702026e-01,4.747922345995903015e-02,-8.196365088224411011e-02,1.739546805620193481e-01,-1.964271962642669678e-01,-1.099639572203159332e-02
2.068925201892852783e-01,-1.651906073093414307e-01,6.995838284492492676e-01,3.649140009656548500e-03,3.500951454043388367e-02,-2.939189970493316650e-01,9.551820158958435059e-01,0.000000000000000000e+00,0.000000000000000000e+00,-2.059718072414398193e-01,-1.382004499435424805e+00,7.593319416046142578e-01,-6.054029464721679688e-01,-4.034801200032234192e-02,1.294123768806457520e+00,4.135572016239166260e-01,4.392949342727661133e-01,1.120467558503150940e-01,-2.623375654220581055e-01,1.071026083081960678e-02,2.303961664438247681e-02,1.127697378396987915e-01,-1.047376990318298340e-01,1.325282603502273560e-01,-1.831719577312469482e-01,3.738703951239585876e-02,-1.014719605445861816e-01,1.666786670684814453e-01,-1.987926661968231201e-01,-1.531780511140823364e-02
2.110260277986526489e-01,-1.627829372882843018e-01,6.993780136108398438e-01,1.087739714421331882e-03,3.837895393371582031e-02,-2.743617296218872070e-01,9.608597755432128906e-01,0.000000000000000000e+00,0.000000000000000000e+00,-2.105297744274139404e-01,-1.396374225616455078e+00,7.973697185516357422e-01,-6.045448780059814453e-01,-2.355650253593921661e-02,1.301786422729492188e+00,3.900260627269744873e-01,4.071338772773742676e-01,1.144720613956451416e-01,-2.287336438894271851e-01,-3.320180810987949371e-03,9.166349656879901886e-03,3.401015698909759521e-02,-9.116215258836746216e-02,1.287825852632522583e-01,-1.784126162528991699e-01,2.827760577201843262e-02,-1.172493025660514832e-01,1.702192276716232300e-01,-2.037671655416488647e-01,-1.891135051846504211e-02
2.144406139850616455e-01,-1.604639738798141479e-01,6.989483833312988281e-01,-1.493142335675656796e-03,3.972396999597549438e-02,-2.535213530063629150e-01,9.665126800537109375e-01,0.000000000000000000e+00,0.000000000000000000e+00,-2.130192369222640991e-01,-1.408412933349609375e+00,8.268331289291381836e-01,-5.976910591125488281e-01,-7.994238287210464478e-03,1.310437440872192383e+00,3.692486882209777832e-01,3.775647282600402832e-01,1.153144165873527527e-01,-2.154493033885955811e-01,-1.694310456514358521e-02,-9.338869713246822357e-03,9.303792580794834066e-07,-8.630649745464324951e-02,1.251680850982666016e-01,-1.765202730894088745e-01,1.888905838131904602e-02,-1.295131593942642212e-01,1.873658299446105957e-01,-2.094729542732238770e-01,-2.607101760804653168e-02
2.173358201980590820e-01,-1.582497507333755493e-01,6.984955668449401855e-01,-3.389670047909021378e-03,4.024729132652282715e-02,-2.347157150506973267e-01,9.712246060371398926e-01,0.000000000000000000e+00,0.000000000000000000e+00,-2.107627987861633301e-01,-1.413882136344909668e+00,8.442779779434204102e-01,-5.840242505073547363e-01,2.479004906490445137e-03,1.319359540939331055e+00,3.586521744728088379e-01,3.603229522705078125e-01,1.165558993816375732e-01,-2.185699790716171265e-01,-3.060790896415710449e-02,-2.880936861038208008e-02,1.162974092028257189e-10,-9.389176964759826660e-02,1.255621463060379028e-01,-1.831586062908172607e-01,8.429817855358123779e-03,-1.374716162681579590e-01,2.212308049201965332e-01,-2.151637971401214600e-01,-3.309867903590202332e-02
2.188135087490081787e-01,-1.566656380891799927e-01,6.976507902145385742e-01,-5.146611481904983521e-03,3.743845596909523010e-02,-2.129089385271072388e-01,9.763409495353698730e-01,0.000000000000000000e+00,0.000000000000000000e+00,-2.034719437360763550e-01,-1.415658712387084961e+00,8.433192968368530273e-01,-5.675404071807861328e-01,1.240293309092521667e-02,1.326792359352111816e+00,3.482391238212585449e-01,3.501681983470916748e-01,1.169420555233955383e-01,-2.156305313110351562e-01,-4.455507919192314148e-02,-5.040922015905380249e-02,1.452966266995547179e-14,-9.591011703014373779e-02,1.246551573276519775e-01,-1.970292627811431885e-01,-3.675424959510564804e-03,-1.450500935316085815e-01,2.818684875965118408e-01,-2.226971089839935303e-01,-4.323335364460945129e-02
2.198261022567749023e-01,-1.552348732948303223e-01,6.965978741645812988e-01,-4.798231646418571472e-03,3.420048207044601440e-02,-1.981981992721557617e-01,9.795533418655395508e-01,0.000000000000000000e+00,0.000000000000000000e+00,-1.943596601486206055e-01,-1.412401676177978516e+00,8.324301242828369141e-01,-5.450561642646789551e-01,1.749828085303306580e-02,1.330758690834045410e+00,3.450459539890289307e-01,3.485299944877624512e-01,1.209053918719291687e-01,-2.110183686017990112e-01,-5.957050994038581848e-02,-7.185998558998107910e-02,2.842417577858817514e-18,-9.798302501440048218e-02,1.262658238410949707e-01,-2.262139916419982910e-01,-2.057181112468242645e-02,-1.422647237777709961e-01,3.613153398036956787e-01,-2.232805490493774414e-01,-5.023537948727607727e-02
2.198308408260345459e-01,-1.537274718284606934e-01,6.952732205390930176e-01,-4.843783099204301834e-03,2.897740527987480164e-02,-1.877939254045486450e-01,9.817689657211303711e-01,0.000000000000000000e+00,0.000000000000000000e+00,-1.870828568935394287e-01,-1.406261801719665527e+00,8.114243149757385254e-01,-5.204699039459228516e-01,1.759270019829273224e-02,1.331115007400512695e+00,3.433777391910552979e-01,3.558883070945739746e-01,1.206337213516235352e-01,-2.016355097293853760e-01,-6.971339136362075806e-02,-8.413011580705642700e-02,-6.310355752375134981e-18,-9.974087774753570557e-02,1.338738799095153809e-01,-2.589643299579620361e-01,-3.665266185998916626e-02,-1.433621644973754883e-01,4.358372688293457031e-01,-2.143578976392745972e-01,-4.791871830821037292e-02
