-5.429485067725181580e-02,3.333752229809761047e-02,6.894162893295288086e-01,-1.342058647423982620e-02,-1.195974275469779968e-02,-2.642407417297363281e-01,9.642891883850097656e-01,0.000000000000000000e+00,0.000000000000000000e+00,-5.636066943407058716e-02,-1.091390013694763184e+00,9.011825323104858398e-01,-1.293247342109680176e+00,-5.298396572470664978e-02,1.278851628303527832e+00,7.545873522758483887e-01,6.477311253547668457e-01,-1.458926405757665634e-02,-4.665372893214225769e-02,-1.010127067565917969e-01,-7.739979028701782227e-02,-1.169446753524273855e-19,-2.299947198480367661e-03,9.072574228048324585e-02,-5.855333060026168823e-02,8.987560123205184937e-02,-6.283152848482131958e-02,5.993335143019491891e-17,1.983420178294181824e-02,6.364930421113967896e-02
-5.261447280645370483e-02,3.299801796674728394e-02,6.901566386222839355e-01,-1.699909381568431854e-02,-5.596710368990898132e-03,-2.629981637001037598e-01,9.646303057670593262e-01,0.000000000000000000e+00,0.000000000000000000e+00,-8.890482038259506226e-02,-1.062524914741516113e+00,9.409748911857604980e-01,-1.281093478202819824e+00,-8.478614687919616699e-02,1.280434370040893555e+00,7.715049386024475098e-01,6.271536946296691895e-01,-1.170775666832923889e-02,-5.399435013532638550e-02,-8.637576550245285034e-02,-8.879134804010391235e-02,1.899655431904061559e-18,-1.277775689959526062e-02,7.902382314205169678e-02,-6.445430964231491089e-02,9.916737675666809082e-02,-6.361351907253265381e-02,2.971522273504868968e-19,8.471355773508548737e-03,7.248071581125259399e-02
-5.257425084710121155e-02,3.297091647982597351e-02,6.901579499244689941e-01,-1.716743968427181244e-02,-5.664939526468515396e-03,-2.628827989101409912e-01,9.646583795547485352e-01,0.000000000000000000e+00,0.000000000000000000e+00,-9.484545141458511353e-02,-1.067955017089843750e+00,9.506486654281616211e-01,-1.271231412887573242e+00,-9.062860906124114990e-02,1.287211418151855469e+00,7.764222025871276855e-01,6.152009963989257812e-01,-1.017589215189218521e-02,-5.382940545678138733e-02,-8.612301200628280640e-02,-9.078630805015563965e-02,4.992212426998914642e-18,-1.208382099866867065e-02,7.859240472316741943e-02,-6.383225321769714355e-02,9.944482892751693726e-02,-6.542153656482696533e-02,-1.033589472345222330e-18,8.353664539754390717e-03,7.243011146783828735e-02
-5.256679281592369080e-02,3.294520452618598938e-02,6.901342272758483887e-01,-1.739528588950634003e-02,-5.939962808042764664e-03,-2.626869380474090576e-01,9.647060036659240723e-01,0.000000000000000000e+00,0.000000000000000000e+00,-9.899403899908065796e-02,-1.071573853492736816e+00,9.573417901992797852e-01,-1.263523817062377930e+00,-9.354797005653381348e-02,1.290996193885803223e+00,7.792102098464965820e-01,6.081837415695190430e-01,-9.309697896242141724e-03,-5.316859483718872070e-02,-8.580415695905685425e-02,-9.242816269397735596e-02,-4.443423585503671197e-18,-1.149029936641454697e-02,7.916183024644851685e-02,-6.283355504274368286e-02,9.971627593040466309e-02,-6.591516733169555664e-02,7.364140839375839481e-20,8.556783199310302734e-03,7.191596925258636475e-02
-5.250689387321472168e-02,3.293212130665779114e-02,6.901240348815917969e-01,-1.749446429312229156e-02,-6.123034749180078506e-03,-2.629535794258117676e-01,9.646304249763488770e-01,0.000000000000000000e+00,0.000000000000000000e+00,-1.023404076695442200e-01,-1.074012875556945801e+00,9.624179601669311523e-01,-1.257019877433776855e+00,-9.536309540271759033e-02,1.293310642242431641e+00,7.815227508544921875e-01,6.042993068695068359e-01,-8.654904551804065704e-03,-5.257150530815124512e-02,-8.569438010454177856e-02,-9.329964220523834229e-02,-1.230301914201917256e-20,-1.078871637582778931e-02,7.879035919904708862e-02,-6.219837069511413574e-02,9.989631175994873047e-02,-6.591134518384933472e-02,-2.661246825736228287e-19,8.605376817286014557e-03,7.203389704227447510e-02
-5.247749015688896179e-02,3.298284113407135010e-02,6.900628209114074707e-01,-1.787380315363407135e-02,-6.577132269740104675e-03,-2.632056772708892822e-01,9.645517468452453613e-01,0.000000000000000000e+00,0.000000000000000000e+00,-1.044231280684471130e-01,-1.076326251029968262e+00,9.662140607833862305e-01,-1.251289486885070801e+00,-9.595765173435211182e-02,1.295105934143066406e+00,7.823597788810729980e-01,6.018889546394348145e-01,-8.132094517350196838e-03,-5.127755552530288696e-02,-8.510142564773559570e-02,-9.387382864952087402e-02,-3.349894848214054806e-19,-1.014755200594663620e-02,7.939616590738296509e-02,-6.086397171020507812e-02,1.004847139120101929e-01,-6.590472906827926636e-02,-9.050183081942675791e-21,8.913427591323852539e-03,7.270951569080352783e-02
-5.240777134895324707e-02,3.303093835711479187e-02,6.900187730789184570e-01,-1.817563921213150024e-02,-6.935125682502985001e-03,-2.635279297828674316e-01,9.644556045532226562e-01,0.000000000000000000e+00,0.000000000000000000e+00,-1.061616614460945129e-01,-1.078249573707580566e+00,9.692310094833374023e-01,-1.246215939521789551e+00,-9.620764851570129395e-02,1.296577215194702148e+00,7.824983596801757812e-01,6.001212596893310547e-01,-7.556511554867029190e-03,-5.018977448344230652e-02,-8.469587564468383789e-02,-9.471522271633148193e-02,-1.838757568027295109e-18,-9.344708174467086792e-03,7.962259650230407715e-02,-5.978313833475112915e-02,1.009203121066093445e-01,-6.523028016090393066e-02,-2.306203536035605195e-18,9.048905223608016968e-03,7.300592213869094849e-02
-5.228568613529205322e-02,3.306457400321960449e-02,6.899987459182739258e-01,-1.840766705572605133e-02,-7.107035256922245026e-03,-2.638489007949829102e-01,9.643621444702148438e-01,0.000000000000000000e+00,0.000000000000000000e+00,-1.078402921557426453e-01,-1.079928755760192871e+00,9.721483588218688965e-01,-1.241687059402465820e+00,-9.640642255544662476e-02,1.297736763954162598e+00,7.831509709358215332e-01,5.985283255577087402e-01,-6.948073394596576691e-03,-4.948115348815917969e-02,-8.437518775463104248e-02,-9.595299512147903442e-02,-2.768362992749088882e-18,-8.885544724762439728e-03,7.983414828777313232e-02,-5.902706831693649292e-02,1.013069078326225281e-01,-6.465069204568862915e-02,9.905239681138740498e-20,8.833155967295169830e-03,7.324706017971038818e-02
-5.212559551000595093e-02,3.311732038855552673e-02,6.899876594543457031e-01,-1.863714121282100677e-02,-7.166679482907056808e-03,-2.641259431838989258e-01,9.642814993858337402e-01,0.000000000000000000e+00,0.000000000000000000e+00,-1.095537245273590088e-01,-1.082051753997802734e+00,9.745247960090637207e-01,-1.237076163291931152e+00,-9.652374684810638428e-02,1.299023509025573730e+00,7.820471525192260742e-01,5.967875123023986816e-01,-6.769198458641767502e-03,-4.891356825828552246e-02,-8.410634845495223999e-02,-9.703955054283142090e-02,1.270991548918860102e-18,-8.714565075933933258e-03,7.917086035013198853e-02,-5.852368101477622986e-02,1.016839519143104553e-01,-6.404451280832290649e-02,2.333525311668231699e-18,8.388573303818702698e-03,7.346687465906143188e-02
-5.189051851630210876e-02,3.323619812726974487e-02,6.899941563606262207e-01,-1.897147670388221741e-02,-6.982664112001657486e-03,-2.645764052867889404e-01,9.641528129577636719e-01,0.000000000000000000e+00,0.000000000000000000e+00,-1.108049228787422180e-01,-1.084555983543395996e+00,9.760728478431701660e-01,-1.232877135276794434e+00,-9.685423970222473145e-02,1.300469636917114258e+00,7.801035642623901367e-01,5.947571992874145508e-01,-6.327301263809204102e-03,-4.878060147166252136e-02,-8.350697904825210571e-02,-9.779668599367141724e-02,-2.554791576032797561e-18,-9.245360270142555237e-03,7.921940833330154419e-02,-5.847581475973129272e-02,1.023479774594306946e-01,-6.342913210391998291e-02,-2.236671560925010242e-19,7.782422937452793121e-03,7.396551221609115601e-02
-5.166078358888626099e-02,3.339537233114242554e-02,6.900092363357543945e-01,-1.938372291624546051e-02,-6.736012641340494156e-03,-2.648070454597473145e-01,9.640830755233764648e-01,0.000000000000000000e+00,0.000000000000000000e+00,-1.133978292346000671e-01,-1.086681604385375977e+00,9.783332943916320801e-01,-1.228736639022827148e+00,-9.754426032304763794e-02,1.301629900932312012e+00,7.783610224723815918e-01,5.924530029296875000e-01,-6.124840117990970612e-03,-4.879944398999214172e-02,-8.279670029878616333e-02,-9.841600060462951660e-02,-5.149587674440190923e-18,-9.550717659294605255e-03,8.022503554821014404e-02,-5.856670811772346497e-02,1.030768901109695435e-01,-6.253666430711746216e-02,3.297978201235659423e-18,7.517539430409669876e-03,7.385936379432678223e-02
-5.145238339900970459e-02,3.362084180116653442e-02,6.900206804275512695e-01,-1.964751631021499634e-02,-6.558830849826335907e-03,-2.653079628944396973e-01,9.639412164688110352e-01,0.000000000000000000e+00,0.000000000000000000e+00,-1.150661632418632507e-01,-1.089630603790283203e+00,9.797587990760803223e-01,-1.224755048751831055e+00,-9.834969788789749146e-02,1.302390813827514648e+00,7.771950960159301758e-01,5.901202559471130371e-01,-5.730516277253627777e-03,-4.886100813746452332e-02,-8.254772424697875977e-02,-9.890785068273544312e-02,1.368102552832585551e-18,-1.022358145564794540e-02,8.088213205337524414e-02,-5.876600369811058044e-02,1.034182384610176086e-01,-6.167506426572799683e-02,1.320368027633681706e-18,7.840833626687526703e-03,7.436553388833999634e-02
-5.124496296048164368e-02,3.391173109412193298e-02,6.900386810302734375e-01,-2.014521881937980652e-02,-6.158945616334676743e-03,-2.654844224452972412e-01,9.638850092887878418e-01,0.000000000000000000e+00,0.000000000000000000e+00,-1.176115348935127258e-01,-1.092419743537902832e+00,9.813939929008483887e-01,-1.221334815025329590e+00,-9.906754642724990845e-02,1.303336381912231445e+00,7.740788459777832031e-01,5.877397060394287109e-01,-5.678065586835145950e-03,-4.936060681939125061e-02,-8.178247511386871338e-02,-9.929998219013214111e-02,1.912627278270118139e-18,-1.113153435289859772e-02,8.194167912006378174e-02,-5.940023809671401978e-02,1.042478606104850769e-01,-6.067172437906265259e-02,3.260391114201249845e-18,8.540688082575798035e-03,7.534756511449813843e-02
-5.105224251747131348e-02,3.430056199431419373e-02,6.900605559349060059e-01,-2.046306058764457703e-02,-5.796035286039113998e-03,-2.662198543548583984e-01,9.636776447296142578e-01,0.000000000000000000e+00,0.000000000000000000e+00,-1.193976700305938721e-01,-1.095561861991882324e+00,9.821013212203979492e-01,-1.218204021453857422e+00,-1.004132255911827087e-01,1.304082870483398438e+00,7.710583806037902832e-01,5.855994224548339844e-01,-5.398931447416543961e-03,-4.992763698101043701e-02,-8.147069811820983887e-02,-9.924519062042236328e-02,-7.949154401436617668e-18,-1.123051159083843231e-02,8.258829265832901001e-02,-6.032894179224967957e-02,1.046090722084045410e-01,-5.958265811204910278e-02,2.711059642224171614e-19,9.349673986434936523e-03,7.550419121980667114e-02
-5.087894201278686523e-02,3.479149565100669861e-02,6.900765895843505859e-01,-2.070406638085842133e-02,-5.439763888716697693e-03,-2.674102187156677246e-01,9.633449912071228027e-01,0.000000000000000000e+00,0.000000000000000000e+00,-1.211868971586227417e-01,-1.098499298095703125e+00,9.825227856636047363e-01,-1.214859962463378906e+00,-1.020540893077850342e-01,1.304985523223876953e+00,7.669479250907897949e-01,5.837519168853759766e-01,-5.001133773475885391e-03,-5.064117163419723511e-02,-8.135803788900375366e-02,-9.937915951013565063e-02,-6.340223072945316858e-19,-1.174035016447305679e-02,8.366157859563827515e-02,-6.152172759175300598e-02,1.048351749777793884e-01,-5.840620025992393494e-02,1.049952759222746323e-18,1.007733773440122604e-02,7.645758986473083496e-02
-5.078737437725067139e-02,3.534491360187530518e-02,6.900764107704162598e-01,-2.082093432545661926e-02,-5.332290660589933395e-03,-2.685720324516296387e-01,9.630197882652282715e-01,0.000000000000000000e+00,0.000000000000000000e+00,-1.230258420109748840e-01,-1.101400732994079590e+00,9.835578799247741699e-01,-1.211969256401062012e+00,-1.036522909998893738e-01,1.305140137672424316e+00,7.636168599128723145e-01,5.823658704757690430e-01,-4.501006565988063812e-03,-5.111030116677284241e-02,-8.175216615200042725e-02,-9.943171590566635132e-02,-1.048335104137322308e-19,-1.157966069877147675e-02,8.492073416709899902e-02,-6.246103346347808838e-02,1.044681295752525330e-01,-5.690380930900573730e-02,-6.534304977056516587e-19,1.069379970431327820e-02,7.599723339080810547e-02
-5.060593411326408386e-02,3.593061864376068115e-02,6.901289820671081543e-01,-2.071086503565311432e-02,-4.793705418705940247e-03,-2.700235843658447266e-01,9.626190066337585449e-01,0.000000000000000000e+00,0.000000000000000000e+00,-1.252898871898651123e-01,-1.104755282402038574e+00,9.841982722282409668e-01,-1.208863139152526855e+00,-1.057243421673774719e-01,1.305121064186096191e+00,7.594181299209594727e-01,5.812518000602722168e-01,-3.827469190582633018e-03,-5.257950723171234131e-02,-8.251063525676727295e-02,-9.936282038688659668e-02,-4.215577099366246000e-18,-1.135253347456455231e-02,8.560074865818023682e-02,-6.448129564523696899e-02,1.038793399930000305e-01,-5.526438355445861816e-02,-7.516863195871504981e-19,1.155476737767457962e-02,7.651911675930023193e-02
-5.033717304468154907e-02,3.662769496440887451e-02,6.901878714561462402e-01,-2.081895805895328522e-02,-3.988635260611772537e-03,-2.714988589286804199e-01,9.622052907943725586e-01,0.000000000000000000e+00,0.000000000000000000e+00,-1.285891085863113403e-01,-1.108318805694580078e+00,9.857633709907531738e-01,-1.205496907234191895e+00,-1.081024259328842163e-01,1.304648399353027344e+00,7.559085488319396973e-01,5.801987051963806152e-01,-3.012433880940079689e-03,-5.453936383128166199e-02,-8.281143754720687866e-02,-9.934058785438537598e-02,3.837886948662416409e-19,-1.227463316172361374e-02,8.733458071947097778e-02,-6.700076162815093994e-02,1.037031337618827820e-01,-5.297441408038139343e-02,7.951017212176087086e-19,1.242694444954395294e-02,7.737558335065841675e-02
-4.997383803129196167e-02,3.745442256331443787e-02,6.902265548706054688e-01,-2.108629047870635986e-02,-3.097423585131764412e-03,-2.732311487197875977e-01,9.617123007774353027e-01,0.000000000000000000e+00,0.000000000000000000e+00,-1.321064978837966919e-01,-1.112576723098754883e+00,9.874188899993896484e-01,-1.201877236366271973e+00,-1.108278855681419373e-01,1.304111838340759277e+00,7.520032525062561035e-01,5.788022875785827637e-01,-1.928955432958900928e-03,-5.656687170267105103e-02,-8.289402723312377930e-02,-9.881658107042312622e-02,2.057565451611353372e-18,-1.411412190645933151e-02,9.045853465795516968e-02,-6.969168782234191895e-02,1.037294641137123108e-01,-4.996031895279884338e-02,3.947546592661300996e-18,1.401249971240758896e-02,7.852119952440261841e-02
-4.943407699465751648e-02,3.825715929269790649e-02,6.903436183929443359e-01,-2.096913941204547882e-02,-1.693376572802662849e-03,-2.751615941524505615e-01,9.611678123474121094e-01,0.000000000000000000e+00,0.000000000000000000e+00,-1.360912024974822998e-01,-1.117945194244384766e+00,9.887288212776184082e-01,-1.197172999382019043e+00,-1.140027046203613281e-01,1.303044676780700684e+00,7.492020726203918457e-01,5.776817202568054199e-01,-7.254870142787694931e-04,-5.963425710797309875e-02,-8.372502774000167847e-02,-9.805871546268463135e-02,-5.134670712863715898e-18,-1.577946171164512634e-02,9.285311400890350342e-02,-7.352780550718307495e-02,1.031115055084228516e-01,-4.698319360613822937e-02,-1.791948657933838102e-18,1.593485474586486816e-02,7.989762723445892334e-02
-4.862904548645019531e-02,3.909303247928619385e-02,6.905524134635925293e-01,-2.070507779717445374e-02,4.880488268099725246e-04,-2.774457931518554688e-01,9.605180621147155762e-01,0.000000000000000000e+00,0.000000000000000000e+00,-1.404662877321243286e-01,-1.125592947006225586e+00,9.884718060493469238e-01,-1.191151857376098633e+00,-1.179786175489425659e-01,1.302032351493835449e+00,7.451404333114624023e-01,5.761892795562744141e-01,6.208597915247082710e-04,-6.417529284954071045e-02,-8.456501364707946777e-02,-9.691139310598373413e-02,-2.915801733082071918e-18,-1.831422001123428345e-02,9.609029442071914673e-02,-7.898326963186264038e-02,1.024458631873130798e-01,-4.339653998613357544e-02,9.947591328501455515e-20,1.685622148215770721e-02,8.076919615268707275e-02
-4.770627617835998535e-02,3.996616974472999573e-02,6.907588839530944824e-01,-2.040099166333675385e-02,2.738542389124631882e-03,-2.796836793422698975e-01,9.598715305328369141e-01,0.000000000000000000e+00,0.000000000000000000e+00,-1.455212235450744629e-01,-1.135376095771789551e+00,9.874882102012634277e-01,-1.182857394218444824e+00,-1.222843825817108154e-01,1.300731301307678223e+00,7.415077090263366699e-01,5.741528272628784180e-01,1.747912261635065079e-03,-6.877269595861434937e-02,-8.570099622011184692e-02,-9.580171853303909302e-02,-1.604025630470978510e-18,-2.057734131813049316e-02,9.911035746335983276e-02,-8.452676236629486084e-02,1.015695184469223022e-01,-3.889919072389602661e-02,-3.378335489022735850e-18,1.865988224744796753e-02,8.195208758115768433e-02
-4.656481742858886719e-02,4.082109406590461731e-02,6.910303235054016113e-01,-1.995787024497985840e-02,5.578342825174331665e-03,-2.818222343921661377e-01,9.592428207397460938e-01,0.000000000000000000e+00,0.000000000000000000e+00,-1.506513506174087524e-01,-1.147793531417846680e+00,9.862681031227111816e-01,-1.171087503433227539e+00,-1.267253756523132324e-01,1.299374580383300781e+00,7.371554970741271973e-01,5.717773437500000000e-01,2.452903427183628082e-03,-7.442944496870040894e-02,-8.694641292095184326e-02,-9.412408620119094849e-02,-1.281173728669081596e-18,-2.272870205342769623e-02,1.030290722846984863e-01,-9.119015932083129883e-02,1.005194038152694702e-01,-3.444010019302368164e-02,-1.402650164706169028e-20,2.006008662283420563e-02,8.276854455471038818e-02
-4.509225860238075256e-02,4.166581481695175171e-02,6.914065480232238770e-01,-1.939285919070243835e-02,9.430560283362865448e-03,-2.841467857360839844e-01,9.585382342338562012e-01,0.000000000000000000e+00,0.000000000000000000e+00,-1.544813811779022217e-01,-1.160345911979675293e+00,9.856993556022644043e-01,-1.147181630134582520e+00,-1.320860683917999268e-01,1.298106193542480469e+00,7.318384051322937012e-01,5.692759156227111816e-01,3.338274778798222542e-03,-8.199512213468551636e-02,-8.807965368032455444e-02,-9.203137457370758057e-02,1.184605355237190933e-18,-2.531648799777030945e-02,1.077631339430809021e-01,-9.979247301816940308e-02,9.961717575788497925e-02,-2.961943671107292175e-02,-3.465398730035779671e-19,2.178140729665756226e-02,8.319326490163803101e-02
-4.342797026038169861e-02,4.252538084983825684e-02,6.918252706527709961e-01,-1.893715001642704010e-02,1.379830110818147659e-02,-2.861766219139099121e-01,9.578903317451477051e-01,0.000000000000000000e+00,0.000000000000000000e+00,-1.520306915044784546e-01,-1.167451620101928711e+00,9.799295067787170410e-01,-1.109470248222351074e+00,-1.376348584890365601e-01,1.297078847885131836e+00,7.247213125228881836e-01,5.666808485984802246e-01,4.021265078336000443e-03,-9.044033288955688477e-02,-8.893863856792449951e-02,-8.999154716730117798e-02,-3.749136569392494118e-18,-2.787524648010730743e-02,1.131039932370185852e-01,-1.092185676097869873e-01,9.902130812406539917e-02,-2.454875595867633820e-02,1.163984569746856506e-18,2.353866957128047943e-02,8.337524533271789551e-02
-4.158937186002731323e-02,4.345843940973281860e-02,6.922445893287658691e-01,-1.878047175705432892e-02,1.869100145995616913e-02,-2.881079912185668945e-01,9.572312831878662109e-01,0.000000000000000000e+00,0.000000000000000000e+00,-1.463068723678588867e-01,-1.172101616859436035e+00,9.671509265899658203e-01,-1.073092579841613770e+00,-1.434167623519897461e-01,1.296357870101928711e+00,7.157589197158813477e-01,5.647761225700378418e-01,4.546986427158117294e-03,-9.978286176919937134e-02,-8.898035436868667603e-02,-8.752877265214920044e-02,-1.718983883281148084e-18,-3.154997155070304871e-02,1.208342835307121277e-01,-1.196329742670059204e-01,9.919415414333343506e-02,-1.946708001196384430e-02,1.038855043589137495e-04,2.468260005116462708e-02,8.409833908081054688e-02
-3.947072103619575500e-02,4.430085048079490662e-02,6.927863359451293945e-01,-1.829111762344837189e-02,2.480619400739669800e-02,-2.901304662227630615e-01,9.564906954765319824e-01,0.000000000000000000e+00,0.000000000000000000e+00,-1.364252120256423950e-01,-1.174496769905090332e+00,9.458261132240295410e-01,-1.036465525627136230e+00,-1.500606387853622437e-01,1.296192407608032227e+00,7.066905498504638672e-01,5.646076202392578125e-01,4.721306730061769485e-03,-1.115540415048599243e-01,-8.915045857429504395e-02,-8.590491861104965210e-02,1.248331349628276185e-18,-3.556798398494720459e-02,1.290108114480972290e-01,-1.327497363090515137e-01,9.933247417211532593e-02,-1.381041388958692551e-02,3.150332195218652487e-04,2.457572892308235168e-02,8.309844881296157837e-02
-3.726154565811157227e-02,4.526398703455924988e-02,6.933295130729675293e-01,-1.809976249933242798e-02,3.114664740860462189e-02,-2.926452159881591797e-01,9.555422663688659668e-01,0.000000000000000000e+00,0.000000000000000000e+00,-1.226105019450187683e-01,-1.175031781196594238e+00,9.179390668869018555e-01,-9.994288682937622070e-01,-1.549606472253799438e-01,1.298093676567077637e+00,6.966903209686279297e-01,5.668928027153015137e-01,5.163170397281646729e-03,-1.236167773604393005e-01,-8.856415748596191406e-02,-8.382975310087203979e-02,-2.995012548540149848e-18,-3.858068957924842834e-02,1.368955820798873901e-01,-1.495925188064575195e-01,1.003449559211730957e-01,-8.354065939784049988e-03,6.730530876666307449e-03,2.313983254134654999e-02,8.262707293033599854e-02
-3.515369072556495667e-02,4.620449244976043701e-02,6.938804984092712402e-01,-1.761474460363388062e-02,3.731609508395195007e-02,-2.953200638294219971e-01,9.545068144798278809e-01,0.000000000000000000e+00,0.000000000000000000e+00,-1.042978689074516296e-01,-1.173217892646789551e+00,8.834720849990844727e-01,-9.560975432395935059e-01,-1.553633660078048706e-01,1.301223516464233398e+00,6.879873275756835938e-01,5.687618255615234375e-01,5.313219036906957626e-03,-1.357202231884002686e-01,-8.848828822374343872e-02,-8.171156793832778931e-02,3.055715197792353784e-18,-4.063851013779640198e-02,1.443589478731155396e-01,-1.727022826671600342e-01,1.008531004190444946e-01,-2.933448413386940956e-03,2.459481544792652130e-02,1.833811774849891663e-02,8.056837320327758789e-02
-3.299164772033691406e-02,4.713901504874229431e-02,6.944660544395446777e-01,-1.718473248183727264e-02,4.390468448400497437e-02,-2.981835901737213135e-01,9.533433914184570312e-01,0.000000000000000000e+00,0.000000000000000000e+00,-8.023050427436828613e-02,-1.169947385787963867e+00,8.342773318290710449e-01,-8.997512459754943848e-01,-1.494786888360977173e-01,1.300521492958068848e+00,6.778782010078430176e-01,5.691936016082763672e-01,5.872642621397972107e-03,-1.485130637884140015e-01,-8.779069036245346069e-02,-7.854958623647689819e-02,2.082651047855519335e-19,-4.423512145876884460e-02,1.511359810829162598e-01,-2.120874524116516113e-01,1.020067036151885986e-01,1.489379443228244781e-03,7.112444937229156494e-02,2.819255925714969635e-03,7.900732755661010742e-02
-3.082516230642795563e-02,4.779959842562675476e-02,6.950923800468444824e-01,-1.566840149462223053e-02,5.101755261421203613e-02,-3.012356162071228027e-01,9.520550370216369629e-01,0.000000000000000000e+00,0.000000000000000000e+00,-5.783196538686752319e-02,-1.169412732124328613e+00,7.852482199668884277e-01,-8.333386182785034180e-01,-1.418405771255493164e-01,1.296747207641601562e+00,6.670906543731689453e-01,5.653567910194396973e-01,6.735352333635091782e-03,-1.632810235023498535e-01,-8.888989686965942383e-02,-7.653319090604782104e-02,-2.883855190644661436e-18,-4.661395400762557983e-02,1.566274911165237427e-01,-2.611365616321563721e-01,1.018790006637573242e-01,3.205589950084686279e-03,1.323446631431579590e-01,-1.604904420673847198e-02,7.631275057792663574e-02
-2.854056656360626221e-02,4.837715998291969299e-02,6.956044435501098633e-01,-1.399188581854104996e-02,5.847068876028060913e-02,-3.047034442424774170e-01,9.505478739738464355e-01,0.000000000000000000e+00,0.000000000000000000e+00,-3.695255517959594727e-02,-1.170961499214172363e+00,7.321438193321228027e-01,-7.540702223777770996e-01,-1.357516795396804810e-01,1.291520237922668457e+00,6.574714183807373047e-01,5.570505857467651367e-01,9.360306896269321442e-03,-1.788111925125122070e-01,-9.008049964904785156e-02,-7.337342947721481323e-02,-2.779402131613915313e-18,-5.014224350452423096e-02,1.632213443517684937e-01,-3.222553730010986328e-01,1.016531363129615784e-01,1.328669721260666847e-03,2.146572172641754150e-01,-3.660355880856513977e-02,7.506496459245681763e-02
-2.671117708086967468e-02,4.930722340941429138e-02,6.954201459884643555e-01,-1.262640487402677536e-02,6.281679868698120117e-02,-3.099699616432189941e-01,9.485848546028137207e-01,0.000000000000000000e+00,0.000000000000000000e+00,-1.820603199303150177e-02,-1.171459913253784180e+00,6.759980320930480957e-01,-6.575482487678527832e-01,-1.298658102750778198e-01,1.285927176475524902e+00,6.460981965065002441e-01,5.438447594642639160e-01,1.395648065954446793e-02,-1.881342828273773193e-01,-9.227543324232101440e-02,-6.785783916711807251e-02,-4.285977924312751340e-19,-5.373191460967063904e-02,1.699123829603195190e-01,-3.942337930202484131e-01,9.852583706378936768e-02,-9.110583923757076263e-03,3.237822651863098145e-01,-4.766425862908363342e-02,7.439775764942169189e-02
-2.438529208302497864e-02,4.948356747627258301e-02,6.954427361488342285e-01,-9.726591408252716064e-03,6.952098011970520020e-02,-3.141019642353057861e-01,9.467904567718505859e-01,0.000000000000000000e+00,0.000000000000000000e+00,-1.719283172860741615e-03,-1.171094179153442383e+00,6.239731311798095703e-01,-5.719850063323974609e-01,-1.270193159580230713e-01,1.282351732254028320e+00,6.340867877006530762e-01,5.288174748420715332e-01,1.635278016328811646e-02,-2.023449838161468506e-01,-9.599033743143081665e-02,-6.117230653762817383e-02,-8.876897015418942023e-19,-5.767873674631118774e-02,1.746622025966644287e-01,-4.642963409423828125e-01,9.132405370473861694e-02,-2.656403556466102600e-02,4.148885309696197510e-01,-4.538414999842643738e-02,7.082015275955200195e-02
-2.235685102641582489e-02,4.981227964162826538e-02,6.956780552864074707e-01,-7.621188648045063019e-03,7.463993132114410400e-02,-3.176455497741699219e-01,9.452365040779113770e-01,0.000000000000000000e+00,0.000000000000000000e+00,1.161088421940803528e-02,-1.167394518852233887e+00,5.696668624877929688e-01,-4.888212382793426514e-01,-1.256730556488037109e-01,1.279475569725036621e+00,6.173342466354370117e-01,5.153027176856994629e-01,1.864844374358654022e-02,-2.127989232540130615e-01,-9.903450310230255127e-02,-5.615688860416412354e-02,-1.557444608636279862e-18,-5.962005630135536194e-02,1.781487315893173218e-01,-5.400900840759277344e-01,8.896092325448989868e-02,-3.166888281702995300e-02,5.011872649192810059e-01,-8.700015395879745483e-02,6.438785791397094727e-02
-1.966401748359203339e-02,4.943706467747688293e-02,6.958479881286621094e-01,-5.188924726098775864e-03,8.132890611886978149e-02,-3.197293281555175781e-01,9.439978003501892090e-01,0.000000000000000000e+00,0.000000000000000000e+00,2.774708345532417297e-02,-1.163101673126220703e+00,5.160093307495117188e-01,-4.223378896713256836e-01,-1.238103061914443970e-01,1.276308059692382812e+00,6.013216972351074219e-01,5.017982125282287598e-01,2.082449384033679962e-02,-2.252155989408493042e-01,-1.021990254521369934e-01,-5.563119798898696899e-02,2.411819817802754013e-18,-6.446134299039840698e-02,1.804000288248062134e-01,-6.106044650077819824e-01,8.515390753746032715e-02,-3.460531681776046753e-02,5.840744972229003906e-01,-1.216404810547828674e-01,6.006911769509315491e-02
-1.738180406391620636e-02,4.969851300120353699e-02,6.958593130111694336e-01,-4.237191285938024521e-03,8.372848480939865112e-02,-3.243528306484222412e-01,9.422137737274169922e-01,0.000000000000000000e+00,0.000000000000000000e+00,4.217794910073280334e-02,-1.162871837615966797e+00,4.830597043037414551e-01,-3.836945295333862305e-01,-1.203613802790641785e-01,1.278476595878601074e+00,5.810412168502807617e-01,4.874912500381469727e-01,2.170564979314804077e-02,-2.279479354619979858e-01,-1.040539965033531189e-01,-4.862417653203010559e-02,-1.896116960038712845e-18,-6.680249422788619995e-02,1.872563660144805908e-01,-6.622787117958068848e-01,7.874675095081329346e-02,-3.707760199904441833e-02,6.344047188758850098e-01,-1.418058723211288452e-01,5.717081576585769653e-02
-1.435424573719501495e-02,4.889168217778205872e-02,6.958566904067993164e-01,-2.195636741816997528e-03,8.899424225091934204e-02,-3.270917534828186035e-01,9.407901763916015625e-01,0.000000000000000000e+00,0.000000000000000000e+00,5.868816748261451721e-02,-1.159969210624694824e+00,4.472717344760894775e-01,-3.508327305316925049e-01,-1.199146658182144165e-01,1.278429508209228516e+00,5.639671087265014648e-01,4.751594662666320801e-01,2.148929610848426819e-02,-2.352875173091888428e-01,-1.064300611615180969e-01,-4.643292725086212158e-02,1.729131114650489213e-18,-7.554353028535842896e-02,1.907879561185836792e-01,-7.119188904762268066e-01,7.264001667499542236e-02,-3.744208440184593201e-02,6.786801815032958984e-01,-1.513654291629791260e-01,5.783864855766296387e-02
-1.194823533296585083e-02,4.827926307916641235e-02,6.959820985794067383e-01,-5.932130152359604836e-04,9.089202433824539185e-02,-3.316916227340698242e-01,9.389988780021667480e-01,0.000000000000000000e+00,0.000000000000000000e+00,6.952284276485443115e-02,-1.156760454177856445e+00,4.169550538063049316e-01,-3.287896215915679932e-01,-1.216389983892440796e-01,1.279016017913818359e+00,5.456321239471435547e-01,4.655946195125579834e-01,2.068874612450599670e-02,-2.351074367761611938e-01,-1.083780974149703979e-01,-3.951974958181381226e-02,-1.767950287207296525e-18,-7.983458042144775391e-02,1.923320591449737549e-01,-7.583904266357421875e-01,6.983026117086410522e-02,-3.433835878968238831e-02,6.953797340393066406e-01,-1.680269539356231689e-01,6.081450730562210083e-02
-9.356088936328887939e-03,4.719039797782897949e-02,6.960788369178771973e-01,5.536830285564064980e-04,9.293391555547714233e-02,-3.357765972614288330e-01,9.373457431793212891e-01,0.000000000000000000e+00,0.000000000000000000e+00,7.700596004724502563e-02,-1.161267399787902832e+00,3.965153098106384277e-01,-3.171063065528869629e-01,-1.209016740322113037e-01,1.280710220336914062e+00,5.293848514556884766e-01,4.569241106510162354e-01,1.903610862791538239e-02,-2.340760082006454468e-01,-1.086187362670898438e-01,-3.061156906187534332e-02,2.547788458171770490e-18,-8.662448823451995850e-02,1.925608962774276733e-01,-7.979382872581481934e-01,7.064246386289596558e-02,-2.813373506069183350e-02,6.932895183563232422e-01,-1.773894876241683960e-01,6.646972894668579102e-02
-8.102748543024063110e-03,4.623288288712501526e-02,6.960981488227844238e-01,1.009544590488076210e-03,8.909031003713607788e-02,-3.370017707347869873e-01,9.372788667678833008e-01,0.000000000000000000e+00,0.000000000000000000e+00,1.058645993471145630e-01,-1.175998687744140625e+00,3.779754936695098877e-01,-3.130074739456176758e-01,-1.052853316068649292e-01,1.287321209907531738e+00,5.072982907295227051e-01,4.419285953044891357e-01,-1.543820276856422424e-02,-2.183693051338195801e-01,-1.057326272130012512e-01,1.009250152856111526e-02,3.420000783272184992e-18,-9.921482950448989868e-02,1.942719817161560059e-01,-7.923614382743835449e-01,8.580555021762847900e-02,-6.473769899457693100e-03,6.120992898941040039e-01,-1.397588700056076050e-01,7.195673137903213501e-02
-5.921375472098588943e-03,4.360816627740859985e-02,6.956629753112792969e-01,4.360559396445751190e-03,8.925661444664001465e-02,-3.403552472591400146e-01,9.360408782958984375e-01,0.000000000000000000e+00,0.000000000000000000e+00,1.137989461421966553e-01,-1.186436772346496582e+00,3.787789940834045410e-01,-3.059011399745941162e-01,-1.021618619561195374e-01,1.287787556648254395e+00,4.979294538497924805e-01,4.380212724208831787e-01,-2.844632230699062347e-02,-2.124560475349426270e-01,-1.085755005478858948e-01,3.025425970554351807e-02,2.882743666696543305e-18,-1.087670251727104187e-01,1.926489472389221191e-01,-8.389752507209777832e-01,9.130688011646270752e-02,1.560953678563237190e-03,6.175531148910522461e-01,-1.620881259441375732e-01,7.668533921241760254e-02
-3.764390712603926659e-03,4.075231403112411499e-02,6.953600049018859863e-01,5.977326538413763046e-03,8.847988396883010864e-02,-3.435815870761871338e-01,9.349263310432434082e-01,0.000000000000000000e+00,0.000000000000000000e+00,1.090387701988220215e-01,-1.193279147148132324e+00,3.853025436401367188e-01,-3.120871484279632568e-01,-1.039808765053749084e-01,1.288450598716735840e+00,4.949868917465209961e-01,4.419455528259277344e-01,-3.935153782367706299e-02,-2.023247182369232178e-01,-1.079099699854850769e-01,4.817264154553413391e-02,2.236933983974342690e-18,-1.173149272799491882e-01,1.884659379720687866e-01,-8.646692037582397461e-01,9.950937330722808838e-02,8.204681798815727234e-03,6.003193855285644531e-01,-1.660323739051818848e-01,8.237094432115554810e-02
-7.709219353273510933e-04,3.844385221600532532e-02,6.967582702636718750e-01,2.746132900938391685e-03,9.144704043865203857e-02,-3.473046720027923584e-01,9.332787990570068359e-01,0.000000000000000000e+00,0.000000000000000000e+00,1.018813028931617737e-01,-1.187734484672546387e+00,3.911769092082977295e-01,-3.352158665657043457e-01,-1.119835600256919861e-01,1.291684508323669434e+00,5.033738613128662109e-01,4.612279832363128662e-01,-4.934999346733093262e-02,-1.951838433742523193e-01,-9.336125850677490234e-02,6.300920993089675903e-02,-1.498974313062203410e-18,-1.283645927906036377e-01,1.797951459884643555e-01,-7.784239053726196289e-01,1.153517290949821472e-01,2.003454044461250305e-02,3.771907091140747070e-01,-7.353980839252471924e-02,8.874248713254928589e-02
5.479489918798208237e-04,3.405384719371795654e-02,6.956809759140014648e-01,6.225068587809801102e-03,8.702225983142852783e-02,-3.491212427616119385e-01,9.330073595046997070e-01,0.000000000000000000e+00,0.000000000000000000e+00,9.227894246578216553e-02,-1.206329226493835449e+00,4.128599166870117188e-01,-3.439325094223022461e-01,-1.101312711834907532e-01,1.293270707130432129e+00,5.048785805702209473e-01,4.659580290317535400e-01,-6.879813224077224731e-02,-1.771329641342163086e-01,-9.736185520887374878e-02,8.773418515920639038e-02,4.467049518159410773e-18,-1.377858370542526245e-01,1.746313720941543579e-01,-7.980325222015380859e-01,1.279211044311523438e-01,3.155025467276573181e-02,3.780679106712341309e-01,-7.819120585918426514e-02,9.119105339050292969e-02
2.230569487437605858e-03,2.944129705429077148e-02,6.946350336074829102e-01,8.379237726330757141e-03,8.295808732509613037e-02,-3.513287901878356934e-01,9.325319528579711914e-01,0.000000000000000000e+00,0.000000000000000000e+00,7.536894083023071289e-02,-1.221984505653381348e+00,4.411262273788452148e-01,-3.602752983570098877e-01,-1.115235388278961182e-01,1.291522026062011719e+00,5.106342434883117676e-01,4.772789180278778076e-01,-7.949984818696975708e-02,-1.580538451671600342e-01,-9.950830787420272827e-02,1.056743934750556946e-01,1.879575415739183674e-18,-1.488264948129653931e-01,1.694553792476654053e-01,-8.044456243515014648e-01,1.367433816194534302e-01,3.752245008945465088e-02,3.623442649841308594e-01,-7.372865825891494751e-02,9.475647658109664917e-02
4.622218664735555649e-03,2.447828277945518494e-02,6.944379806518554688e-01,9.607830084860324860e-03,8.203691244125366211e-02,-3.527728617191314697e-01,9.320563077926635742e-01,0.000000000000000000e+00,0.000000000000000000e+00,4.987104609608650208e-02,-1.228200793266296387e+00,4.771018326282501221e-01,-3.986585140228271484e-01,-1.139254793524742126e-01,1.284130930900573730e+00,5.213998556137084961e-01,5.108793377876281738e-01,-5.821069702506065369e-02,-1.469930708408355713e-01,-1.013235002756118774e-01,8.835956454277038574e-02,-2.447416294693054730e-18,-1.572127342224121094e-01,1.620750427246093750e-01,-7.371860146522521973e-01,1.209986507892608643e-01,2.546552196145057678e-02,2.190376073122024536e-01,-9.001595899462699890e-03,9.922840446233749390e-02
8.264939300715923309e-03,1.836593635380268097e-02,6.941257119178771973e-01,1.116193737834692001e-02,8.486846089363098145e-02,-3.557339906692504883e-01,9.306589365005493164e-01,0.000000000000000000e+00,0.000000000000000000e+00,8.818134665489196777e-03,-1.221432924270629883e+00,5.064519047737121582e-01,-4.373486638069152832e-01,-1.320745795965194702e-01,1.273503184318542480e+00,5.257287621498107910e-01,5.382329821586608887e-01,-3.527796640992164612e-02,-1.392268091440200806e-01,-9.777927398681640625e-02,7.077255100011825562e-02,1.565781968825354966e-18,-1.718969941139221191e-01,1.540563702583312988e-01,-7.255995869636535645e-01,1.128181070089340210e-01,1.748539879918098450e-02,1.785665154457092285e-01,7.590680383145809174e-03,1.067008078098297119e-01
1.036607474088668823e-02,1.220150105655193329e-02,6.927615404129028320e-01,1.391060464084148407e-02,7.950031012296676636e-02,-3.553987443447113037e-01,9.312238693237304688e-01,0.000000000000000000e+00,0.000000000000000000e+00,-2.107405290007591248e-02,-1.236419677734375000e+00,5.450125336647033691e-01,-4.768752157688140869e-01,-1.320923566818237305e-01,1.268099546432495117e+00,5.261250138282775879e-01,5.587084889411926270e-01,-3.096585534512996674e-02,-1.169733703136444092e-01,-1.033215299248695374e-01,7.080647349357604980e-02,8.756899991907405681e-19,-1.803660392761230469e-01,1.500795930624008179e-01,-7.144005298614501953e-01,1.069795563817024231e-01,1.531059388071298599e-02,1.689816266298294067e-01,2.237050794064998627e-02,1.071553453803062439e-01
1.290690526366233826e-02,5.637981928884983063e-03,6.913016438484191895e-01,1.674046367406845093e-02,7.372781634330749512e-02,-3.551730811595916748e-01,9.317381978034973145e-01,0.000000000000000000e+00,0.000000000000000000e+00,-5.468522757291793823e-02,-1.252374053001403809e+00,5.818752646446228027e-01,-5.206938982009887695e-01,-1.312793046236038208e-01,1.260221600532531738e+00,5.220812559127807617e-01,5.806140899658203125e-01,-2.538251318037509918e-02,-9.243080765008926392e-02,-1.091839000582695007e-01,6.999859958887100220e-02,-3.580000881592245167e-18,-1.893388926982879639e-01,1.451259851455688477e-01,-7.064673900604248047e-01,9.965976327657699585e-02,1.255348790436983109e-02,1.755743026733398438e-01,3.561180457472801208e-02,1.085913926362991333e-01
1.612628437578678131e-02,-1.519098645076155663e-03,6.898589730262756348e-01,2.026575431227684021e-02,6.865812093019485474e-02,-3.556468486785888672e-01,9.318748116493225098e-01,0.000000000000000000e+00,0.000000000000000000e+00,-9.289231896400451660e-02,-1.267126083374023438e+00,6.201866269111633301e-01,-5.688018798828125000e-01,-1.308909207582473755e-01,1.253140449523925781e+00,5.136138796806335449e-01,6.049473881721496582e-01,-1.840567588806152344e-02,-6.825418770313262939e-02,-1.155324354767799377e-01,6.839961558580398560e-02,-4.584304024350027552e-18,-1.965290307998657227e-01,1.391857564449310303e-01,-7.038149833679199219e-01,9.265322238206863403e-02,1.146336924284696579e-02,1.959625929594039917e-01,4.225891456007957458e-02,1.088352277874946594e-01
2.032572403550148010e-02,-8.821201510727405548e-03,6.885555982589721680e-01,2.249495871365070343e-02,6.455938518047332764e-02,-3.571033179759979248e-01,9.315596222877502441e-01,0.000000000000000000e+00,0.000000000000000000e+00,-1.319165378808975220e-01,-1.282840490341186523e+00,6.561929583549499512e-01,-6.156561374664306641e-01,-1.301770210266113281e-01,1.245117545127868652e+00,5.062969923019409180e-01,6.273186206817626953e-01,-9.270695038139820099e-03,-4.327101260423660278e-02,-1.186754256486892700e-01,6.715017557144165039e-02,7.726414928401094864e-19,-2.010479122400283813e-01,1.341909468173980713e-01,-7.087045907974243164e-01,8.578501641750335693e-02,1.072078756988048553e-02,2.318980544805526733e-01,4.633701965212821960e-02,1.088763549923896790e-01
2.553695067763328552e-02,-1.687058620154857635e-02,6.874005198478698730e-01,2.550895512104034424e-02,6.260406970977783203e-02,-3.598130941390991211e-01,9.305721521377563477e-01,0.000000000000000000e+00,0.000000000000000000e+00,-1.720133423805236816e-01,-1.297932267189025879e+00,6.885374188423156738e-01,-6.625283360481262207e-01,-1.295510232448577881e-01,1.236611962318420410e+00,5.004224777221679688e-01,6.497690677642822266e-01,5.989630008116364479e-04,-2.133444137871265411e-02,-1.215805336833000183e-01,6.409152597188949585e-02,1.983567735168737760e-18,-2.023605108261108398e-01,1.303879767656326294e-01,-7.179494500160217285e-01,8.019392192363739014e-02,1.117471326142549515e-02,2.781474590301513672e-01,4.351733997464179993e-02,1.082129850983619690e-01
3.118612617254257202e-02,-2.547149173915386200e-02,6.863188147544860840e-01,2.877596579492092133e-02,6.109657883644104004e-02,-3.625974953174591064e-01,9.294956922531127930e-01,0.000000000000000000e+00,0.000000000000000000e+00,-2.095888257026672363e-01,-1.310563206672668457e+00,7.145316004753112793e-01,-7.095509171485900879e-01,-1.299955099821090698e-01,1.228212714195251465e+00,4.955552220344543457e-01,6.722013950347900391e-01,1.164975948631763458e-02,-1.916207293106708676e-05,-1.243184283375740051e-01,5.996837094426155090e-02,1.244268445254568852e-18,-1.960765719413757324e-01,1.278431266546249390e-01,-7.314211130142211914e-01,7.530343532562255859e-02,1.267511583864688873e-02,3.364294767379760742e-01,3.402533009648323059e-02,1.050471514463424683e-01
3.738648444414138794e-02,-3.441503643989562988e-02,6.856496334075927734e-01,3.165662288665771484e-02,6.059474498033523560e-02,-3.667415976524353027e-01,9.278075098991394043e-01,0.000000000000000000e+00,0.000000000000000000e+00,-2.396395802497863770e-01,-1.320756077766418457e+00,7.323308587074279785e-01,-7.409785985946655273e-01,-1.262864321470260620e-01,1.218297004699707031e+00,4.977887272834777832e-01,6.910527348518371582e-01,2.007057145237922668e-02,2.002948895096778870e-02,-1.255973875522613525e-01,5.269571393728256226e-02,3.750057658180594444e-03,-1.801795065402984619e-01,1.222616434097290039e-01,-7.469860911369323730e-01,7.501204311847686768e-02,1.544033549726009369e-02,3.992195129394531250e-01,1.318722404539585114e-02,9.844934195280075073e-02
4.331979155540466309e-02,-4.360808432102203369e-02,6.853524446487426758e-01,3.487057238817214966e-02,5.914362892508506775e-02,-3.718890845775604248e-01,9.257346391677856445e-01,0.000000000000000000e+00,0.000000000000000000e+00,-2.588306069374084473e-01,-1.326391935348510742e+00,7.427392005920410156e-01,-7.589349746704101562e-01,-1.217679455876350403e-01,1.207951664924621582e+00,5.053700208663940430e-01,7.047585248947143555e-01,2.592966146767139435e-02,1.642988808453083038e-02,-1.272481977939605713e-01,3.993091359734535217e-02,5.562731623649597168e-02,-1.640719026327133179e-01,1.124744266271591187e-01,-7.617148160934448242e-01,7.964728027582168579e-02,2.344268374145030975e-02,4.657717347145080566e-01,-2.422681823372840881e-02,8.363119512796401978e-02
4.897864907979965210e-02,-5.273940786719322205e-02,6.861128807067871094e-01,3.770064935088157654e-02,5.727085098624229431e-02,-3.776859641075134277e-01,9.233915805816650391e-01,0.000000000000000000e+00,0.000000000000000000e+00,-2.626212239265441895e-01,-1.326052784919738770e+00,7.458954453468322754e-01,-7.563084959983825684e-01,-1.152915954589843750e-01,1.198637604713439941e+00,5.185569524765014648e-01,7.112276554107666016e-01,2.900690212845802307e-02,-2.318621426820755005e-02,-1.308500319719314575e-01,2.574271336197853088e-02,1.741921305656433105e-01,-1.419665962457656860e-01,9.096898138523101807e-02,-7.724824547767639160e-01,8.849980682134628296e-02,3.241453692317008972e-02,5.285953283309936523e-01,-6.083502992987632751e-02,6.629068404436111450e-02
5.394994840025901794e-02,-6.168928369879722595e-02,6.863703727722167969e-01,4.027014970779418945e-02,5.506501346826553345e-02,-3.828687667846679688e-01,9.212804436683654785e-01,0.000000000000000000e+00,0.000000000000000000e+00,-2.548258900642395020e-01,-1.324476599693298340e+00,7.365058660507202148e-01,-7.352654933929443359e-01,-1.086735129356384277e-01,1.189316630363464355e+00,5.369019508361816406e-01,7.105708122253417969e-01,2.978087775409221649e-02,-1.031021699309349060e-01,-1.290944069623947144e-01,2.602204494178295135e-02,3.701803982257843018e-01,-1.254127770662307739e-01,7.240820676088333130e-02,-7.805898785591125488e-01,9.860743582248687744e-02,3.939934447407722473e-02,5.858387351036071777e-01,-9.701993316411972046e-02,4.377286136150360107e-02
5.836983397603034973e-02,-6.932722777128219604e-02,6.849543452262878418e-01,3.850059583783149719e-02,5.364538729190826416e-02,-3.870141804218292236e-01,9.197064042091369629e-01,0.000000000000000000e+00,0.000000000000000000e+00,-2.363257557153701782e-01,-1.319995760917663574e+00,7.186541557312011719e-01,-7.019348144531250000e-01,-1.069750189781188965e-01,1.183581233024597168e+00,5.596095919609069824e-01,7.017081975936889648e-01,3.022332489490509033e-02,-2.254667133092880249e-01,-1.107342243194580078e-01,4.871788248419761658e-02,6.325620412826538086e-01,-8.752850443124771118e-02,5.356698483228683472e-02,-7.866640090942382812e-01,1.155593097209930420e-01,3.986825421452522278e-02,6.371922492980957031e-01,-1.336379051208496094e-01,1.967217214405536652e-02
6.182857975363731384e-02,-7.663445174694061279e-02,6.837287545204162598e-01,3.505714610219001770e-02,5.360634997487068176e-02,-3.873944580554962158e-01,9.196863174438476562e-01,0.000000000000000000e+00,0.000000000000000000e+00,-2.126549184322357178e-01,-1.311355471611022949e+00,6.956804990768432617e-01,-6.581403613090515137e-01,-1.063852086663246155e-01,1.180419206619262695e+00,5.791825056076049805e-01,6.929360032081604004e-01,2.617019042372703552e-02,-3.619194626808166504e-01,-7.843520492315292358e-02,6.853959709405899048e-02,8.826276659965515137e-01,-5.048358812928199768e-02,4.134432598948478699e-02,-7.847053408622741699e-01,1.348748803138732910e-01,3.695812821388244629e-02,6.687537431716918945e-01,-1.663652211427688599e-01,-1.025407691486179829e-03
6.407701969146728516e-02,-8.377051353454589844e-02,6.827544569969177246e-01,3.216144070029258728e-02,5.237186327576637268e-02,-3.871762156486511230e-01,9.199551343917846680e-01,0.000000000000000000e+00,0.000000000000000000e+00,-1.878707557916641235e-01,-1.301368117332458496e+00,6.673067808151245117e-01,-6.098653078079223633e-01,-1.105791851878166199e-01,1.183754205703735352e+00,5.851874947547912598e-01,6.752080917358398438e-01,1.843296550214290619e-02,-4.964825809001922607e-01,-4.013843461871147156e-02,7.531990855932235718e-02,1.068201422691345215e+00,-3.951609879732131958e-02,4.870525747537612915e-02,-7.747738957405090332e-01,1.523462086915969849e-01,3.152997046709060669e-02,6.855713725090026855e-01,-1.988704949617385864e-01,-1.759690418839454651e-02
6.528534740209579468e-02,-9.147600829601287842e-02,6.836956739425659180e-01,3.110736422240734100e-02,5.170878767967224121e-02,-3.826042711734771729e-01,9.219395518302917480e-01,0.000000000000000000e+00,0.000000000000000000e+00,-1.632091253995895386e-01,-1.294892668724060059e+00,6.294319033622741699e-01,-5.533649921417236328e-01,-1.128865480422973633e-01,1.183562994003295898e+00,5.928989052772521973e-01,6.628938317298889160e-01,6.783645134419202805e-03,-6.295922994613647461e-01,-1.133653335273265839e-02,5.975370481610298157e-02,1.188062548637390137e+00,-7.382626831531524658e-02,7.239402085542678833e-02,-7.487562894821166992e-01,1.644005328416824341e-01,2.854893542826175690e-02,6.698843836784362793e-01,-2.137485444545745850e-01,-3.115729056298732758e-02
6.426563113927841187e-02,-9.873932600021362305e-02,6.849473714828491211e-01,3.216801211237907410e-02,4.465584829449653625e-02,-3.775701522827148438e-01,9.243440032005310059e-01,0.000000000000000000e+00,0.000000000000000000e+00,-1.325071603059768677e-01,-1.288052201271057129e+00,5.895051360130310059e-01,-5.012613534927368164e-01,-1.126693636178970337e-01,1.185651540756225586e+00,6.015866398811340332e-01,6.499280333518981934e-01,-4.201530944555997849e-03,-7.513678669929504395e-01,8.226123638451099396e-03,3.366025909781455994e-02,1.233176946640014648e+00,-1.282892972230911255e-01,1.067009866237640381e-01,-7.097731232643127441e-01,1.671816110610961914e-01,2.854881994426250458e-02,6.464532613754272461e-01,-2.272783070802688599e-01,-4.203065112233161926e-02
6.248590350151062012e-02,-1.045278012752532959e-01,6.857103109359741211e-01,3.007029555737972260e-02,3.571563586592674255e-02,-3.721991181373596191e-01,9.269778728485107422e-01,0.000000000000000000e+00,0.000000000000000000e+00,-1.069238409399986267e-01,-1.282973170280456543e+00,5.462058186531066895e-01,-4.511290192604064941e-01,-1.117757186293601990e-01,1.184343338012695312e+00,6.076650619506835938e-01,6.359819769859313965e-01,-9.004712104797363281e-03,-8.632519245147705078e-01,1.725920476019382477e-03,-8.058334700763225555e-03,1.205567359924316406e+00,-1.868689954280853271e-01,1.391949504613876343e-01,-6.696443557739257812e-01,1.707245260477066040e-01,2.500786818563938141e-02,6.271122097969055176e-01,-2.343423962593078613e-01,-3.918474167585372925e-02
6.043956801295280457e-02,-1.109874621033668518e-01,6.880491375923156738e-01,3.213470801711082458e-02,3.033438138663768768e-02,-3.662482798099517822e-01,9.294672608375549316e-01,0.000000000000000000e+00,0.000000000000000000e+00,-8.419707417488098145e-02,-1.273067951202392578e+00,5.067868828773498535e-01,-4.175584614276885986e-01,-1.117021664977073669e-01,1.179205536842346191e+00,6.146468520164489746e-01,6.235656142234802246e-01,-5.530999507755041122e-03,-9.635797739028930664e-01,-1.687923632562160492e-02,-4.252620786428451538e-02,1.131477952003479004e+00,-2.324382066726684570e-01,1.628897786140441895e-01,-6.304270029067993164e-01,1.645862311124801636e-01,2.005684748291969299e-02,5.903390645980834961e-01,-2.293455451726913452e-01,-3.410046547651290894e-02
5.983960255980491638e-02,-1.182542070746421814e-01,6.925983428955078125e-01,3.372100368142127991e-02,3.574300929903984070e-02,-3.540269732475280762e-01,9.339433908462524414e-01,0.000000000000000000e+00,0.000000000000000000e+00,-5.703463777899742126e-02,-1.263739347457885742e+00,4.683140218257904053e-01,-4.000003635883331299e-01,-1.121135875582695007e-01,1.173567056655883789e+00,6.198632121086120605e-01,6.186137795448303223e-01,3.136713523417711258e-03,-1.038630366325378418e+00,-4.002821445465087891e-02,-5.884058773517608643e-02,1.012802958488464355e+00,-2.698221206665039062e-01,1.703541576862335205e-01,-5.923945903778076172e-01,1.582604944705963135e-01,4.883083980530500412e-03,5.201448202133178711e-01,-2.091057002544403076e-01,-1.793852820992469788e-02
5.550066754221916199e-02,-1.247961595654487610e-01,6.954292058944702148e-01,4.116026684641838074e-02,3.012304566800594330e-02,-3.430696725845336914e-01,9.379240870475769043e-01,0.000000000000000000e+00,0.000000000000000000e+00,-3.534302487969398499e-02,-1.257338047027587891e+00,4.241533577442169189e-01,-3.895753324031829834e-01,-1.069179773330688477e-01,1.170193076133728027e+00,6.147395968437194824e-01,6.119443774223327637e-01,2.477028034627437592e-02,-1.090636134147644043e+00,-8.094304054975509644e-02,-8.401969075202941895e-02,8.371562361717224121e-01,-2.802941799163818359e-01,1.560616791248321533e-01,-5.526372194290161133e-01,1.258572787046432495e-01,-2.874663658440113068e-02,4.738511145114898682e-01,-2.063372880220413208e-01,-1.022918149828910828e-02
5.026255548000335693e-02,-1.292096823453903198e-01,6.972714662551879883e-01,4.646359011530876160e-02,2.264038659632205963e-02,-3.348797559738159180e-01,9.408422112464904785e-01,0.000000000000000000e+00,0.000000000000000000e+00,-1.529398281127214432e-02,-1.251158952713012695e+00,3.944763839244842529e-01,-3.805578947067260742e-01,-1.054729148745536804e-01,1.165881037712097168e+00,6.131644248962402344e-01,6.121235489845275879e-01,6.119208410382270813e-02,-1.107892990112304688e+00,-1.349702030420303345e-01,-1.107555106282234192e-01,5.827517509460449219e-01,-2.661173641681671143e-01,1.371729075908660889e-01,-5.126275420188903809e-01,9.025613218545913696e-02,-8.115940541028976440e-02,4.333534240722656250e-01,-2.015322744846343994e-01,8.653101511299610138e-03
4.324913024902343750e-02,-1.320856809616088867e-01,6.954837441444396973e-01,4.768951609730720520e-02,5.252155009657144547e-03,-3.251450061798095703e-01,9.444463253021240234e-01,0.000000000000000000e+00,0.000000000000000000e+00,2.033410407602787018e-02,-1.255001664161682129e+00,3.778033554553985596e-01,-3.606536984443664551e-01,-8.766004443168640137e-02,1.190456509590148926e+00,6.091375350952148438e-01,5.991718173027038574e-01,1.140892505645751953e-01,-1.104703426361083984e+00,-1.986994594335556030e-01,-1.379376798868179321e-01,3.475705087184906006e-01,-2.276076376438140869e-01,1.217270866036415100e-01,-4.794943034648895264e-01,4.712111130356788635e-02,-1.645434498786926270e-01,4.483805000782012939e-01,-2.213692665100097656e-01,1.361668575555086136e-02
3.776047378778457642e-02,-1.343127787113189697e-01,6.936798095703125000e-01,5.062797665596008301e-02,-5.249381996691226959e-03,-3.221877217292785645e-01,9.453064799308776855e-01,0.000000000000000000e+00,0.000000000000000000e+00,2.872575260698795319e-02,-1.250162482261657715e+00,3.580633699893951416e-01,-3.505041003227233887e-01,-8.960032463073730469e-02,1.193802237510681152e+00,5.989256501197814941e-01,6.039968132972717285e-01,1.161542609333992004e-01,-1.107290387153625488e+00,-1.998805254697799683e-01,-1.585321128368377686e-01,1.205520406365394592e-01,-1.874797791242599487e-01,1.098731309175491333e-01,-4.700288474559783936e-01,3.273826837539672852e-02,-1.876826286315917969e-01,4.671873450279235840e-01,-2.367229312658309937e-01,1.992793381214141846e-02
3.456224501132965088e-02,-1.356890946626663208e-01,6.921883821487426758e-01,5.028307437896728516e-02,-1.337071228772401810e-02,-3.215408623218536377e-01,9.454651474952697754e-01,0.000000000000000000e+00,0.000000000000000000e+00,4.633785411715507507e-02,-1.243235468864440918e+00,3.366383016109466553e-01,-3.437832593917846680e-01,-9.400717169046401978e-02,1.200481057167053223e+00,6.111757755279541016e-01,6.083049178123474121e-01,1.132864207029342651e-01,-1.117569208145141602e+00,-1.998988240957260132e-01,-1.467408537864685059e-01,1.484806233520430396e-08,-1.464946120977401733e-01,8.498257398605346680e-02,-4.456522166728973389e-01,3.198442980647087097e-02,-2.052193433046340942e-01,4.542066156864166260e-01,-2.407150715589523315e-01,3.339853882789611816e-02
2.976312860846519470e-02,-1.355617642402648926e-01,6.887323856353759766e-01,4.971811547875404358e-02,-2.785476669669151306e-02,-3.213118910789489746e-01,9.452570676803588867e-01,0.000000000000000000e+00,0.000000000000000000e+00,5.774171650409698486e-02,-1.240781068801879883e+00,3.228406906127929688e-01,-3.387383520603179932e-01,-9.921538829803466797e-02,1.207794189453125000e+00,6.087808609008789062e-01,6.076959967613220215e-01,9.958744049072265625e-02,-1.196430087089538574e+00,-1.999410092830657959e-01,-1.473378241062164307e-01,1.513359356145776210e-17,-1.532925069332122803e-01,8.483065664768218994e-02,-4.419101476669311523e-01,2.828883193433284760e-02,-2.057195305824279785e-01,4.928903877735137939e-01,-2.499321103096008301e-01,3.782860562205314636e-02
2.574689500033855438e-02,-1.351877003908157349e-01,6.847356557846069336e-01,4.954404383897781372e-02,-4.506624490022659302e-02,-3.226306438446044922e-01,9.441524744033813477e-01,0.000000000000000000e+00,0.000000000000000000e+00,7.696212828159332275e-02,-1.240205645561218262e+00,3.193792998790740967e-01,-3.274901211261749268e-01,-9.958929568529129028e-02,1.225658297538757324e+00,6.144059300422668457e-01,5.926146507263183594e-01,9.042558073997497559e-02,-1.230195045471191406e+00,-1.999776214361190796e-01,-1.377173513174057007e-01,2.021040464483461882e-18,-1.242783069610595703e-01,7.386852800846099854e-02,-4.467859268188476562e-01,1.538688782602548599e-02,-2.144967764616012573e-01,5.635248422622680664e-01,-2.828424572944641113e-01,3.428863734006881714e-02
2.402653545141220093e-02,-1.343378871679306030e-01,6.825495362281799316e-01,4.859467595815658569e-02,-5.508440732955932617e-02,-3.262020051479339600e-01,9.424417614936828613e-01,0.000000000000000000e+00,0.000000000000000000e+00,9.363064169883728027e-02,-1.240291357040405273e+00,3.124970197677612305e-01,-3.178119361400604248e-01,-1.089942455291748047e-01,1.234741449356079102e+00,6.218972206115722656e-01,5.850963592529296875e-01,8.305826038122177124e-02,-1.252628684043884277e+00,-1.999785900115966797e-01,-1.304195523262023926e-01,2.696542622473865978e-19,-9.914743155241012573e-02,7.220511883497238159e-02,-4.590802192687988281e-01,9.326451458036899567e-03,-2.144469320774078369e-01,6.237724423408508301e-01,-3.020419180393218994e-01,4.453053325414657593e-02
2.349407970905303955e-02,-1.334063261747360229e-01,6.815082430839538574e-01,4.637758061289787292e-02,-6.153566017746925354e-02,-3.281611800193786621e-01,9.414737224578857422e-01,0.000000000000000000e+00,0.000000000000000000e+00,1.142361238598823547e-01,-1.240081071853637695e+00,3.116019070148468018e-01,-3.098513185977935791e-01,-1.180942729115486145e-01,1.240662693977355957e+00,6.342294812202453613e-01,5.844264030456542969e-01,7.726137340068817139e-02,-1.260518074035644531e+00,-1.999763697385787964e-01,-1.243238523602485657e-01,1.766255600927328509e-18,-8.010683208703994751e-02,7.280628383159637451e-02,-4.719813764095306396e-01,6.654210388660430908e-03,-2.135559916496276855e-01,6.744276285171508789e-01,-3.093896508216857910e-01,6.570748984813690186e-02
2.318472787737846375e-02,-1.331661045551300049e-01,6.801434755325317383e-01,5.046775192022323608e-02,-6.902838498353958130e-02,-3.336150050163269043e-01,9.388232827186584473e-01,0.000000000000000000e+00,0.000000000000000000e+00,1.298439204692840576e-01,-1.244542002677917480e+00,3.002876937389373779e-01,-3.031086921691894531e-01,-1.272155493497848511e-01,1.244520187377929688e+00,6.422103643417358398e-01,5.775569081306457520e-01,7.353613525629043579e-02,-1.255276203155517578e+00,-1.999680250883102417e-01,-1.196018457412719727e-01,1.728733033980698068e-19,-4.404486343264579773e-02,7.351906597614288330e-02,-4.800910055637359619e-01,-8.333828300237655640e-03,-2.082709521055221558e-01,7.144401073455810547e-01,-3.254766762256622314e-01,6.299198418855667114e-02
2.253081463277339935e-02,-1.326116025447845459e-01,6.779612898826599121e-01,5.347001180052757263e-02,-7.934203743934631348e-02,-3.370745480060577393e-01,9.366037249565124512e-01,0.000000000000000000e+00,0.000000000000000000e+00,1.320664435625076294e-01,-1.249290108680725098e+00,2.929233908653259277e-01,-3.050596117973327637e-01,-1.312008798122406006e-01,1.244365453720092773e+00,6.555532217025756836e-01,5.694668889045715332e-01,6.714569777250289917e-02,-1.247487902641296387e+00,-1.999692618846893311e-01,-1.190186440944671631e-01,9.219522587954998016e-03,-1.434792019426822662e-02,7.227402925491333008e-02,-4.824154675006866455e-01,-2.107360586524009705e-02,-1.979597657918930054e-01,7.527059316635131836e-01,-3.447720408439636230e-01,5.876139923930168152e-02
2.371507510542869568e-02,-1.323851495981216431e-01,6.777288317680358887e-01,5.545680597424507141e-02,-8.260075747966766357e-02,-3.406109511852264404e-01,9.349255561828613281e-01,0.000000000000000000e+00,0.000000000000000000e+00,1.276904344558715820e-01,-1.251704931259155273e+00,2.901489734649658203e-01,-3.144764006137847900e-01,-1.354586184024810791e-01,1.245961189270019531e+00,6.644716262817382812e-01,5.623126029968261719e-01,6.405565142631530762e-02,-1.232991456985473633e+00,-1.999700218439102173e-01,-1.128473728895187378e-01,3.081351518630981445e-02,2.242295769974589348e-03,6.914748996496200562e-02,-4.892400205135345459e-01,-2.809384278953075409e-02,-1.910549104213714600e-01,7.790590524673461914e-01,-3.594470918178558350e-01,6.147566437721252441e-02
2.525296807289123535e-02,-1.319067776203155518e-01,6.773114800453186035e-01,5.722079053521156311e-02,-8.649826049804687500e-02,-3.445166647434234619e-01,9.330338239669799805e-01,0.000000000000000000e+00,0.000000000000000000e+00,1.201080977916717529e-01,-1.253910541534423828e+00,2.909517884254455566e-01,-3.260619342327117920e-01,-1.389450877904891968e-01,1.245513319969177246e+00,6.749279499053955078e-01,5.553137063980102539e-01,5.971964076161384583e-02,-1.216158747673034668e+00,-1.999719440937042236e-01,-1.060366854071617126e-01,6.442221254110336304e-02,9.534269571304321289e-03,6.544145941734313965e-02,-4.919340610504150391e-01,-3.432924300432205200e-02,-1.818484663963317871e-01,7.994446158409118652e-01,-3.731475472450256348e-01,6.426762044429779053e-02
2.721884474158287048e-02,-1.314185708761215210e-01,6.771470308303833008e-01,5.954574048519134521e-02,-9.019471704959869385e-02,-3.484716713428497314e-01,9.310675263404846191e-01,0.000000000000000000e+00,0.000000000000000000e+00,1.097443178296089172e-01,-1.256384730339050293e+00,2.923392951488494873e-01,-3.390810787677764893e-01,-1.413267254829406738e-01,1.244888305664062500e+00,6.857740283012390137e-01,5.458959937095642090e-01,5.476636812090873718e-02,-1.195824980735778809e+00,-1.999755203723907471e-01,-9.801429510116577148e-02,1.037230715155601501e-01,1.606589299626648426e-03,6.059657782316207886e-02,-4.924668371677398682e-01,-4.107483848929405212e-02,-1.703667938709259033e-01,8.147312402725219727e-01,-3.849212229251861572e-01,6.586853414773941040e-02
3.031924366950988770e-02,-1.309234499931335449e-01,6.777912974357604980e-01,6.102926284074783325e-02,-9.103291481733322144e-02,-3.524442315101623535e-01,9.293930530548095703e-01,0.000000000000000000e+00,0.000000000000000000e+00,9.640583395957946777e-02,-1.259139776229858398e+00,2.927946746349334717e-01,-3.537681996822357178e-01,-1.428140401840209961e-01,1.246023774147033691e+00,6.946117877960205078e-01,5.353979468345642090e-01,5.194837599992752075e-02,-1.172200798988342285e+00,-1.999783068895339966e-01,-8.347913622856140137e-02,1.486669182777404785e-01,-1.484591886401176453e-02,5.718569457530975342e-02,-4.925513565540313721e-01,-4.531262069940567017e-02,-1.607466489076614380e-01,8.223914504051208496e-01,-3.939315080642700195e-01,6.870053708553314209e-02
3.483733907341957092e-02,-1.299314051866531372e-01,6.821203231811523438e-01,5.876895785331726074e-02,-8.947822451591491699e-02,-3.574477136135101318e-01,9.277774691581726074e-01,0.000000000000000000e+00,0.000000000000000000e+00,7.872108370065689087e-02,-1.256551027297973633e+00,2.892639338970184326e-01,-3.771395087242126465e-01,-1.400213241577148438e-01,1.232222080230712891e+00,7.153257727622985840e-01,5.524298548698425293e-01,4.750260710716247559e-02,-1.187250852584838867e+00,-1.999665945768356323e-01,-6.386167556047439575e-02,2.872843444347381592e-01,-9.192673861980438232e-02,5.625279620289802551e-02,-3.712534904479980469e-01,-2.346674166619777679e-02,-1.520203202962875366e-01,6.009745597839355469e-01,-2.939439713954925537e-01,7.875868678092956543e-02
3.988141193985939026e-02,-1.289416104555130005e-01,6.822926998138427734e-01,5.656006187200546265e-02,-8.784703910350799561e-02,-3.612427711486816406e-01,9.265999794006347656e-01,0.000000000000000000e+00,0.000000000000000000e+00,7.503388822078704834e-02,-1.256829500198364258e+00,3.019754886627197266e-01,-3.889380097389221191e-01,-1.325911134481430054e-01,1.254455089569091797e+00,7.099316120147705078e-01,5.304182171821594238e-01,4.710957035422325134e-02,-1.156596541404724121e+00,-1.999851912260055542e-01,-5.217253416776657104e-02,3.415405154228210449e-01,-1.082285344600677490e-01,5.207946151494979858e-02,-4.028740823268890381e-01,-2.508157864212989807e-02,-1.453215926885604858e-01,6.662823557853698730e-01,-3.250092267990112305e-01,7.536569237709045410e-02
4.587845131754875183e-02,-1.283446550369262695e-01,6.858057379722595215e-01,5.650591105222702026e-02,-8.252695202827453613e-02,-3.654491603374481201e-01,9.254422187805175781e-01,0.000000000000000000e+00,0.000000000000000000e+00,5.668460577726364136e-02,-1.257986664772033691e+00,3.072340190410614014e-01,-4.123787581920623779e-01,-1.295678168535232544e-01,1.247999429702758789e+00,7.155778408050537109e-01,5.323164463043212891e-01,4.834812134504318237e-02,-1.084730982780456543e+00,-1.999609172344207764e-01,-5.153330788016319275e-02,3.271504044532775879e-01,-1.015408411622047424e-01,5.060977116227149963e-02,-3.425178527832031250e-01,-1.779392734169960022e-02,-1.352452486753463745e-01,5.467934608459472656e-01,-2.744421064853668213e-01,8.125106245279312134e-02
5.311586335301399231e-02,-1.290442049503326416e-01,6.897393465042114258e-01,6.464014947414398193e-02,-7.266840338706970215e-02,-3.717642128467559814e-01,9.232184290885925293e-01,0.000000000000000000e+00,0.000000000000000000e+00,2.427716553211212158e-02,-1.262641668319702148e+00,3.102738559246063232e-01,-4.318268895149230957e-01,-1.377548277378082275e-01,1.221050381660461426e+00,7.221181392669677734e-01,5.331828594207763672e-01,4.726482927799224854e-02,-1.026957511901855469e+00,-1.991205662488937378e-01,-3.912734612822532654e-02,3.221297562122344971e-01,-9.185254573822021484e-02,4.598233848810195923e-02,-3.164019584655761719e-01,-2.761910296976566315e-02,-1.104876697063446045e-01,4.688354730606079102e-01,-2.518823444843292236e-01,8.914150297641754150e-02
6.003332138061523438e-02,-1.282742768526077271e-01,6.910491585731506348e-01,6.323705613613128662e-02,-6.882749497890472412e-02,-3.764713406562805176e-01,9.217012524604797363e-01,0.000000000000000000e+00,0.000000000000000000e+00,1.457724068313837051e-02,-1.265866994857788086e+00,3.234963417053222656e-01,-4.412394762039184570e-01,-1.270095258951187134e-01,1.227270960807800293e+00,7.138552069664001465e-01,5.217114686965942383e-01,4.723979160189628601e-02,-9.694803953170776367e-01,-1.990328431129455566e-01,-3.321819752454757690e-02,3.569341003894805908e-01,-8.338110148906707764e-02,4.439276829361915588e-02,-3.061544001102447510e-01,-2.491965331137180328e-02,-9.536954015493392944e-02,4.505410790443420410e-01,-2.470207512378692627e-01,8.504706621170043945e-02
6.771200895309448242e-02,-1.272686421871185303e-01,6.922228336334228516e-01,6.126163899898529053e-02,-6.434099376201629639e-02,-3.833223283290863037e-01,9.193319678306579590e-01,0.000000000000000000e+00,0.000000000000000000e+00,4.940526094287633896e-03,-1.270195245742797852e+00,3.426835238933563232e-01,-4.452598690986633301e-01,-1.147041395306587219e-01,1.232910633087158203e+00,7.058422565460205078e-01,5.085997581481933594e-01,4.866619035601615906e-02,-9.171881675720214844e-01,-1.988671422004699707e-01,-2.372675202786922455e-02,4.059639275074005127e-01,-8.004526793956756592e-02,4.651409760117530823e-02,-2.975626885890960693e-01,-2.055395394563674927e-02,-7.799305021762847900e-02,4.343888461589813232e-01,-2.422370612621307373e-01,8.414737880229949951e-02
7.595573365688323975e-02,-1.260679811239242554e-01,6.928991675376892090e-01,5.763803794980049133e-02,-5.947566777467727661e-02,-3.911322057247161865e-01,9.166002869606018066e-01,0.000000000000000000e+00,0.000000000000000000e+00,-2.933280775323510170e-03,-1.275453209877014160e+00,3.627643883228302002e-01,-4.461644589900970459e-01,-1.014768406748771667e-01,1.239369034767150879e+00,6.938738226890563965e-01,4.935568273067474365e-01,5.048517882823944092e-02,-8.677878379821777344e-01,-1.987612545490264893e-01,-1.564477570354938507e-02,4.704653024673461914e-01,-7.978625595569610596e-02,5.143882706761360168e-02,-2.956359088420867920e-01,-1.263109222054481506e-02,-5.879047513008117676e-02,4.320198595523834229e-01,-2.421275526285171509e-01,8.226335793733596802e-02
8.482225239276885986e-02,-1.250943243503570557e-01,6.935833692550659180e-01,5.310729891061782837e-02,-5.242224410176277161e-02,-4.005925059318542480e-01,9.132125377655029297e-01,0.000000000000000000e+00,0.000000000000000000e+00,-9.517683647572994232e-03,-1.280357480049133301e+00,3.856697678565979004e-01,-4.425787925720214844e-01,-8.579923957586288452e-02,1.244024038314819336e+00,6.814508438110351562e-01,4.828978776931762695e-01,4.240512847900390625e-02,-8.200120329856872559e-01,-1.846946924924850464e-01,-3.914106171578168869e-03,5.501182079315185547e-01,-8.166717737913131714e-02,5.926170945167541504e-02,-2.975133061408996582e-01,2.647168235853314400e-03,-2.898138947784900665e-02,4.269860684871673584e-01,-2.428844571113586426e-01,8.092547953128814697e-02
9.346711635589599609e-02,-1.239939182996749878e-01,6.935549974441528320e-01,4.684780538082122803e-02,-4.653705283999443054e-02,-4.098535478115081787e-01,9.097580313682556152e-01,0.000000000000000000e+00,0.000000000000000000e+00,-1.511769369244575500e-02,-1.285498619079589844e+00,4.128619134426116943e-01,-4.353052377700805664e-01,-6.983366608619689941e-02,1.246039152145385742e+00,6.693198084831237793e-01,4.720122516155242920e-01,3.459133207798004150e-02,-7.744076848030090332e-01,-1.678751707077026367e-01,1.206888351589441299e-02,6.353870034217834473e-01,-9.056227654218673706e-02,6.947036832571029663e-02,-2.993121445178985596e-01,2.099581807851791382e-02,9.412566432729363441e-04,4.289503991603851318e-01,-2.452722936868667603e-01,7.884408533573150635e-02
1.021188646554946899e-01,-1.231293827295303345e-01,6.933119893074035645e-01,4.009171575307846069e-02,-3.981705009937286377e-02,-4.198364317417144775e-01,9.058392047882080078e-01,0.000000000000000000e+00,0.000000000000000000e+00,-2.124868705868721008e-02,-1.290447950363159180e+00,4.431362152099609375e-01,-4.278160333633422852e-01,-5.244497582316398621e-02,1.246563673019409180e+00,6.526243090629577637e-01,4.616017043590545654e-01,2.809980325400829315e-02,-7.280831336975097656e-01,-1.513034701347351074e-01,3.094193339347839355e-02,7.125557065010070801e-01,-1.044208928942680359e-01,8.162674307823181152e-02,-3.025935888290405273e-01,4.086789488792419434e-02,2.680058591067790985e-02,4.322288930416107178e-01,-2.488425523042678833e-01,7.863888144493103027e-02
1.104946509003639221e-01,-1.227383688092231750e-01,6.929833292961120605e-01,3.358848392963409424e-02,-3.234306722879409790e-02,-4.301103651523590088e-01,9.015712738037109375e-01,0.000000000000000000e+00,0.000000000000000000e+00,-2.687152661383152008e-02,-1.296594381332397461e+00,4.746317267417907715e-01,-4.204933643341064453e-01,-3.386692702770233154e-02,1.246441960334777832e+00,6.341108083724975586e-01,4.515410065650939941e-01,2.494088374078273773e-02,-6.821035742759704590e-01,-1.359369158744812012e-01,4.910370707511901855e-02,7.762123942375183105e-01,-1.217341125011444092e-01,9.309886395931243896e-02,-3.056048452854156494e-01,6.062014773488044739e-02,4.809077829122543335e-02,4.334722757339477539e-01,-2.546502649784088135e-01,7.597746700048446655e-02
1.180470287799835205e-01,-1.231444254517555237e-01,6.926745176315307617e-01,2.840469405055046082e-02,-2.476405352354049683e-02,-4.389410614967346191e-01,8.977252840995788574e-01,0.000000000000000000e+00,0.000000000000000000e+00,-3.127451986074447632e-02,-1.301258444786071777e+00,5.062618851661682129e-01,-4.182898700237274170e-01,-1.713178306818008423e-02,1.246758341789245605e+00,6.136840581893920898e-01,4.394651055335998535e-01,2.421412803232669830e-02,-6.376898884773254395e-01,-1.228983104228973389e-01,6.510356068611145020e-02,8.218665122985839844e-01,-1.388562768697738647e-01,1.037256345152854919e-01,-3.073086142539978027e-01,7.724265754222869873e-02,6.367837637662887573e-02,4.316072463989257812e-01,-2.625732123851776123e-01,6.926392763853073120e-02
1.246659606695175171e-01,-1.239136904478073120e-01,6.926033496856689453e-01,2.361316978931427002e-02,-1.816874742507934570e-02,-4.468787014484405518e-01,8.940982818603515625e-01,0.000000000000000000e+00,0.000000000000000000e+00,-3.320642933249473572e-02,-1.306441783905029297e+00,5.344771742820739746e-01,-4.185568392276763916e-01,3.943679912481456995e-04,1.244923710823059082e+00,5.918884873390197754e-01,4.386931955814361572e-01,2.682769484817981720e-02,-5.924950838088989258e-01,-1.120907813310623169e-01,7.719974964857101440e-02,8.443634510040283203e-01,-1.561733037233352661e-01,1.125733777880668640e-01,-2.977922856807708740e-01,9.095858037471771240e-02,7.460851222276687622e-02,4.123929738998413086e-01,-2.651994526386260986e-01,6.422565132379531860e-02
1.302876770496368408e-01,-1.256914883852005005e-01,6.932304501533508301e-01,2.149390242993831635e-02,-1.089945808053016663e-02,-4.525886476039886475e-01,8.913937211036682129e-01,0.000000000000000000e+00,0.000000000000000000e+00,-3.323609754443168640e-02,-1.310094118118286133e+00,5.588769316673278809e-01,-4.215975105762481689e-01,1.542037725448608398e-02,1.241521835327148438e+00,5.712351202964782715e-01,4.433199167251586914e-01,3.103491850197315216e-02,-5.474280714988708496e-01,-1.043968275189399719e-01,8.492875099182128906e-02,8.406552672386169434e-01,-1.745747178792953491e-01,1.210596561431884766e-01,-2.843759357929229736e-01,9.903783351182937622e-02,8.195177465677261353e-02,3.802464604377746582e-01,-2.661249637603759766e-01,5.791115760803222656e-02
1.347796171903610229e-01,-1.275938302278518677e-01,6.940715312957763672e-01,1.943611167371273041e-02,-4.841952584683895111e-03,-4.559011161327362061e-01,8.898050189018249512e-01,0.000000000000000000e+00,0.000000000000000000e+00,-3.224353492259979248e-02,-1.312726378440856934e+00,5.762135982513427734e-01,-4.239990115165710449e-01,2.868637442588806152e-02,1.240197181701660156e+00,5.468069911003112793e-01,4.484259486198425293e-01,3.543503582477569580e-02,-5.025336742401123047e-01,-1.009743139147758484e-01,8.559334278106689453e-02,8.122794628143310547e-01,-1.900765448808670044e-01,1.266556978225708008e-01,-2.606317996978759766e-01,1.045992374420166016e-01,8.573166280984878540e-02,3.320169150829315186e-01,-2.577762305736541748e-01,5.302426218986511230e-02
1.383574306964874268e-01,-1.295405179262161255e-01,6.949948072433471680e-01,1.775142550468444824e-02,7.161300745792686939e-04,-4.575355947017669678e-01,8.890138268470764160e-01,0.000000000000000000e+00,0.000000000000000000e+00,-2.964324131608009338e-02,-1.313189506530761719e+00,5.879467129707336426e-01,-4.320529997348785400e-01,4.041013866662979126e-02,1.240956306457519531e+00,5.232558250427246094e-01,4.544270932674407959e-01,3.941963613033294678e-02,-4.636771976947784424e-01,-9.968873858451843262e-02,8.196808397769927979e-02,7.717630267143249512e-01,-2.090411782264709473e-01,1.322841942310333252e-01,-2.390689700841903687e-01,1.091689467430114746e-01,8.648212254047393799e-02,2.872983217239379883e-01,-2.486630529165267944e-01,5.251993238925933838e-02
1.406480222940444946e-01,-1.316385567188262939e-01,6.960134506225585938e-01,1.738103665411472321e-02,5.077810026705265045e-03,-4.562204182147979736e-01,8.896825313568115234e-01,0.000000000000000000e+00,0.000000000000000000e+00,-2.798688784241676331e-02,-1.313577890396118164e+00,5.959328413009643555e-01,-4.407805204391479492e-01,5.151567608118057251e-02,1.242050886154174805e+00,5.039826035499572754e-01,4.596547186374664307e-01,4.190422967076301575e-02,-4.327009618282318115e-01,-9.954445064067840576e-02,7.453534007072448730e-02,7.260472774505615234e-01,-2.194090336561203003e-01,1.348939985036849976e-01,-2.201977372169494629e-01,1.102143749594688416e-01,8.309671282768249512e-02,2.479426413774490356e-01,-2.391501516103744507e-01,4.945006966590881348e-02
1.417929977178573608e-01,-1.337746083736419678e-01,6.969795823097229004e-01,1.857933960855007172e-02,8.169189095497131348e-03,-4.529374241828918457e-01,8.913112878799438477e-01,0.000000000000000000e+00,0.000000000000000000e+00,-2.773396112024784088e-02,-1.314398407936096191e+00,5.977076888084411621e-01,-4.511564970016479492e-01,6.068129837512969971e-02,1.242209076881408691e+00,4.903389215469360352e-01,4.679373204708099365e-01,4.232155159115791321e-02,-4.136569499969482422e-01,-1.005019545555114746e-01,6.520046293735504150e-02,6.887670755386352539e-01,-2.241061031818389893e-01,1.329082846641540527e-01,-2.040016651153564453e-01,1.073793098330497742e-01,7.567580789327621460e-02,2.135797888040542603e-01,-2.318829596042633057e-01,4.772880300879478455e-02
