2.591122407466173172e-03,-3.965439274907112122e-03,7.247649431228637695e-01,-1.963922113645821810e-04,-5.122345313429832458e-02,-2.797806859016418457e-01,9.586964249610900879e-01,1.538725644350051880e-01,-8.868093788623809814e-02,-3.885878995060920715e-02,1.548636853694915771e-01,-3.466935753822326660e-01,1.079110205173492432e-01,6.075708195567131042e-02,-5.664920434355735779e-02,8.417102508246898651e-03,3.255831301212310791e-01,-4.517991840839385986e-01,8.567302674055099487e-02,-1.582178846001625061e-02,-2.781219966709613800e-02,7.483869045972824097e-02,-7.091050036251544952e-03,2.034401595592498779e-01,-3.383992612361907959e-01,1.200096845626831055e+00,1.811525076627731323e-01,3.249742556363344193e-03,-1.042639911174774170e-01,-6.613133102655410767e-02,-2.257192134857177734e-01,3.949739933013916016e-01,1.177171468734741211e+00,-7.460012286901473999e-02,7.023570686578750610e-02,1.730369925498962402e-01
9.207186289131641388e-03,-8.201365359127521515e-03,7.224858403205871582e-01,2.986736828461289406e-03,-4.016252234578132629e-02,-2.779964804649353027e-01,9.597374796867370605e-01,1.468761414289474487e-01,-9.317332506179809570e-02,-5.037397891283035278e-02,1.684033274650573730e-01,-3.890814483165740967e-01,1.082216799259185791e-01,5.080496519804000854e-02,-5.341354757547378540e-02,8.792508393526077271e-03,3.450363278388977051e-01,-4.967101812362670898e-01,8.595810085535049438e-02,-1.894983835518360138e-02,-2.963859960436820984e-02,7.380954176187515259e-02,-4.866591095924377441e-02,2.387391328811645508e-01,-3.287147879600524902e-01,1.210911631584167480e+00,1.777978390455245972e-01,-9.023380465805530548e-03,-1.126625612378120422e-01,-1.059672608971595764e-01,-2.580835521221160889e-01,3.861675858497619629e-01,1.185027480125427246e+00,-6.891494989395141602e-02,5.872080847620964050e-02,1.849510967731475830e-01
9.414897300302982330e-03,-8.359613828361034393e-03,7.219265103340148926e-01,3.498605685308575630e-03,-3.955548256635665894e-02,-2.773863077163696289e-01,9.599374532699584961e-01,1.377288550138473511e-01,-9.481571614742279053e-02,-5.130438134074211121e-02,1.864047944545745850e-01,-4.000597298145294189e-01,1.088140159845352173e-01,4.160886630415916443e-02,-5.402734875679016113e-02,8.735470473766326904e-03,3.637150526046752930e-01,-5.078162550926208496e-01,8.589316904544830322e-02,-2.000521868467330933e-02,-3.114325366914272308e-02,8.117140829563140869e-02,-6.357351690530776978e-02,2.417175620794296265e-01,-3.242433369159698486e-01,1.217794895172119141e+00,1.765697300434112549e-01,-1.323239691555500031e-02,-1.181493997573852539e-01,-1.205017790198326111e-01,-2.598706781864166260e-01,3.825550079345703125e-01,1.191679358482360840e+00,-6.664042919874191284e-02,5.509689077734947205e-02,1.913052648305892944e-01
9.326282888650894165e-03,-8.294476196169853210e-03,7.215590476989746094e-01,4.146785009652376175e-03,-3.945147991180419922e-02,-2.770728766918182373e-01,9.600296616554260254e-01,1.298005729913711548e-01,-9.679381549358367920e-02,-5.145331844687461853e-02,2.013268023729324341e-01,-4.072020649909973145e-01,1.087713986635208130e-01,3.457167744636535645e-02,-5.551159754395484924e-02,8.614297956228256226e-03,3.772907555103302002e-01,-5.148723721504211426e-01,8.565415441989898682e-02,-2.047498710453510284e-02,-3.240983560681343079e-02,8.447226881980895996e-02,-7.039818912744522095e-02,2.419754117727279663e-01,-3.217874467372894287e-01,1.221775412559509277e+00,1.762279272079467773e-01,-1.505514979362487793e-02,-1.191053837537765503e-01,-1.271788775920867920e-01,-2.596740722656250000e-01,3.808612227439880371e-01,1.195583462715148926e+00,-6.557278335094451904e-02,5.323173105716705322e-02,1.929920762777328491e-01
9.293746203184127808e-03,-8.247003890573978424e-03,7.212813496589660645e-01,4.798212088644504547e-03,-3.917949646711349487e-02,-2.768733203411102295e-01,9.600953459739685059e-01,1.227899044752120972e-01,-9.859375655651092529e-02,-5.158326402306556702e-02,2.135886996984481812e-01,-4.127604365348815918e-01,1.091729030013084412e-01,2.911678515374660492e-02,-5.688062310218811035e-02,8.783430792391300201e-03,3.867541253566741943e-01,-5.198351144790649414e-01,8.564431220293045044e-02,-2.112501859664916992e-02,-3.346481546759605408e-02,8.517791330814361572e-02,-7.338698953390121460e-02,2.416352182626724243e-01,-3.204432725906372070e-01,1.224197506904602051e+00,1.759231388568878174e-01,-1.589943841099739075e-02,-1.184677109122276306e-01,-1.301110535860061646e-01,-2.592981457710266113e-01,3.794716894626617432e-01,1.197823762893676758e+00,-6.453328579664230347e-02,5.254686996340751648e-02,1.933616995811462402e-01
9.295642375946044922e-03,-8.169997483491897583e-03,7.210168242454528809e-01,5.098801106214523315e-03,-3.902345150709152222e-02,-2.766945362091064453e-01,9.601517319679260254e-01,1.169017851352691650e-01,-9.960591793060302734e-02,-5.086826160550117493e-02,2.245121151208877563e-01,-4.182921648025512695e-01,1.097459048032760620e-01,2.515287324786186218e-02,-5.762587860226631165e-02,8.993682451546192169e-03,3.939205408096313477e-01,-5.234244465827941895e-01,8.608492463827133179e-02,-2.147078514099121094e-02,-3.476317226886749268e-02,8.469330519437789917e-02,-7.463321834802627563e-02,2.411795854568481445e-01,-3.188973069190979004e-01,1.225836277008056641e+00,1.756137609481811523e-01,-1.594419777393341064e-02,-1.185790151357650757e-01,-1.315056979656219482e-01,-2.587488889694213867e-01,3.779746890068054199e-01,1.199585318565368652e+00,-6.322263926267623901e-02,5.205543711781501770e-02,1.931135058403015137e-01
9.352841414511203766e-03,-8.111649192869663239e-03,7.208201289176940918e-01,5.472075194120407104e-03,-3.851789236068725586e-02,-2.767306864261627197e-01,9.601596593856811523e-01,1.113294810056686401e-01,-1.004777997732162476e-01,-5.012008175253868103e-02,2.334622591733932495e-01,-4.225614964962005615e-01,1.084525510668754578e-01,2.190279215574264526e-02,-5.834338814020156860e-02,8.929700590670108795e-03,3.980631530284881592e-01,-5.261307358741760254e-01,8.650760352611541748e-02,-2.186494879424571991e-02,-3.547691926360130310e-02,8.397670090198516846e-02,-7.515352964401245117e-02,2.410423606634140015e-01,-3.187774121761322021e-01,1.226789116859436035e+00,1.751800030469894409e-01,-1.623791456222534180e-02,-1.176897883415222168e-01,-1.321988403797149658e-01,-2.584550380706787109e-01,3.776717782020568848e-01,1.200335860252380371e+00,-6.243144720792770386e-02,5.169611051678657532e-02,1.923075914382934570e-01
9.418848901987075806e-03,-8.055526763200759888e-03,7.207023501396179199e-01,5.764394067227840424e-03,-3.808054327964782715e-02,-2.769795060157775879e-01,9.601036310195922852e-01,1.064533591270446777e-01,-1.012649834156036377e-01,-5.022818967700004578e-02,2.413687556982040405e-01,-4.260132908821105957e-01,1.085761934518814087e-01,1.920415833592414856e-02,-5.879358947277069092e-02,9.472191333770751953e-03,4.012429714202880859e-01,-5.277729034423828125e-01,8.621485531330108643e-02,-2.189741469919681549e-02,-3.572113066911697388e-02,8.330600708723068237e-02,-7.521031796932220459e-02,2.407144308090209961e-01,-3.182735443115234375e-01,1.227628469467163086e+00,1.752346158027648926e-01,-1.620918698608875275e-02,-1.177420094609260559e-01,-1.324006021022796631e-01,-2.583121657371520996e-01,3.776119947433471680e-01,1.200412988662719727e+00,-6.192225590348243713e-02,5.128182470798492432e-02,1.923938840627670288e-01
9.530877694487571716e-03,-7.964967750012874603e-03,7.205680608749389648e-01,5.886202678084373474e-03,-3.757317364215850830e-02,-2.773870527744293213e-01,9.600052237510681152e-01,1.020956411957740784e-01,-1.016777157783508301e-01,-4.986025393009185791e-02,2.483288645744323730e-01,-4.296427071094512939e-01,1.093246713280677795e-01,1.701102778315544128e-02,-5.884123593568801880e-02,1.014061551541090012e-02,4.031244814395904541e-01,-5.289648771286010742e-01,8.691098541021347046e-02,-2.216190285980701447e-02,-3.610781580209732056e-02,8.236377686262130737e-02,-7.473544776439666748e-02,2.405257225036621094e-01,-3.176740705966949463e-01,1.228180646896362305e+00,1.748633682727813721e-01,-1.595399156212806702e-02,-1.182519420981407166e-01,-1.327730715274810791e-01,-2.582482695579528809e-01,3.773024678230285645e-01,1.200932502746582031e+00,-6.038428843021392822e-02,5.130267515778541565e-02,1.917607635259628296e-01
9.693888016045093536e-03,-7.832687348127365112e-03,7.204986214637756348e-01,5.921732168644666672e-03,-3.736286237835884094e-02,-2.778925895690917969e-01,9.598670005798339844e-01,9.851057827472686768e-02,-1.021458059549331665e-01,-4.928114265203475952e-02,2.551840841770172119e-01,-4.322822093963623047e-01,1.093925386667251587e-01,1.550270896404981613e-02,-5.912067368626594543e-02,1.037149038165807724e-02,4.049491286277770996e-01,-5.292938947677612305e-01,8.768051117658615112e-02,-2.251871488988399506e-02,-3.613004088401794434e-02,8.167333155870437622e-02,-7.406769692897796631e-02,2.401711642742156982e-01,-3.174890279769897461e-01,1.228326916694641113e+00,1.731538027524948120e-01,-1.561727654188871384e-02,-1.180843412876129150e-01,-1.332604736089706421e-01,-2.584331035614013672e-01,3.779146373271942139e-01,1.201177716255187988e+00,-5.856637284159660339e-02,5.141288787126541138e-02,1.903564333915710449e-01
9.911382570862770081e-03,-7.625630591064691544e-03,7.203798890113830566e-01,5.828991066664457321e-03,-3.691867366433143616e-02,-2.784197628498077393e-01,9.597319960594177246e-01,9.508155286312103271e-02,-1.022614613175392151e-01,-4.842319339513778687e-02,2.609561085700988770e-01,-4.357613325119018555e-01,1.099281683564186096e-01,1.381350774317979813e-02,-5.886290222406387329e-02,1.159110758453607559e-02,4.062512516975402832e-01,-5.296386480331420898e-01,8.841121196746826172e-02,-2.291321009397506714e-02,-3.647184744477272034e-02,8.158347010612487793e-02,-7.335736602544784546e-02,2.399849444627761841e-01,-3.174357414245605469e-01,1.227964997291564941e+00,1.719473898410797119e-01,-1.532822940498590469e-02,-1.183394119143486023e-01,-1.338662356138229370e-01,-2.585572898387908936e-01,3.783841133117675781e-01,1.201280236244201660e+00,-5.757182464003562927e-02,5.144178494811058044e-02,1.897724568843841553e-01
1.018969994038343430e-02,-7.372824475169181824e-03,7.202638983726501465e-01,5.728833377361297607e-03,-3.630371391773223877e-02,-2.789306938648223877e-01,9.596076607704162598e-01,9.153581410646438599e-02,-1.024001911282539368e-01,-4.772244021296501160e-02,2.663662433624267578e-01,-4.390723407268524170e-01,1.107860654592514038e-01,1.204884424805641174e-02,-5.862270295619964600e-02,1.257001515477895737e-02,4.070563614368438721e-01,-5.300207138061523438e-01,8.929757773876190186e-02,-2.293547242879867554e-02,-3.667457401752471924e-02,8.142878860235214233e-02,-7.285831868648529053e-02,2.397108674049377441e-01,-3.171848356723785400e-01,1.227334380149841309e+00,1.708088070154190063e-01,-1.537986937910318375e-02,-1.187937557697296143e-01,-1.344353556632995605e-01,-2.590175867080688477e-01,3.787252604961395264e-01,1.201370120048522949e+00,-5.644441768527030945e-02,5.189434811472892761e-02,1.891996711492538452e-01
1.051459927111864090e-02,-7.028531748801469803e-03,7.201265692710876465e-01,5.511749535799026489e-03,-3.570593148469924927e-02,-2.794755995273590088e-01,9.594728350639343262e-01,8.784080296754837036e-02,-1.024895012378692627e-01,-4.707361385226249695e-02,2.722658812999725342e-01,-4.428554773330688477e-01,1.124463826417922974e-01,1.025105547159910202e-02,-5.822307243943214417e-02,1.393237058073282242e-02,4.080159068107604980e-01,-5.303481817245483398e-01,8.983031660318374634e-02,-2.327458001673221588e-02,-3.692938387393951416e-02,8.112443238496780396e-02,-7.205830514430999756e-02,2.393543869256973267e-01,-3.178048729896545410e-01,1.226066946983337402e+00,1.699898242950439453e-01,-1.537710148841142654e-02,-1.195968762040138245e-01,-1.351657658815383911e-01,-2.598159015178680420e-01,3.794127404689788818e-01,1.201318144798278809e+00,-5.539427325129508972e-02,5.208551138639450073e-02,1.883786469697952271e-01
1.089894305914640427e-02,-6.611053366214036942e-03,7.200205922126770020e-01,5.382116418331861496e-03,-3.498329222202301025e-02,-2.804807722568511963e-01,9.592068195343017578e-01,8.426112681627273560e-02,-1.028790995478630066e-01,-4.653928801417350769e-02,2.774709463119506836e-01,-4.461958706378936768e-01,1.138931959867477417e-01,8.123307488858699799e-03,-5.806412547826766968e-02,1.536332443356513977e-02,4.087238609790802002e-01,-5.304862260818481445e-01,9.007038176059722900e-02,-2.350466698408126831e-02,-3.685439750552177429e-02,8.126176893711090088e-02,-7.097101956605911255e-02,2.388632148504257202e-01,-3.184120953083038330e-01,1.224340200424194336e+00,1.683775186538696289e-01,-1.562333479523658752e-02,-1.202173680067062378e-01,-1.362089961767196655e-01,-2.609070837497711182e-01,3.803530335426330566e-01,1.200605511665344238e+00,-5.428810045123100281e-02,5.209357663989067078e-02,1.877504587173461914e-01
1.132304035127162933e-02,-6.091129966080188751e-03,7.198742032051086426e-01,5.233078729361295700e-03,-3.394467383623123169e-02,-2.813050448894500732e-01,9.590035676956176758e-01,8.033952862024307251e-02,-1.032048240303993225e-01,-4.609455168247222900e-02,2.819369137287139893e-01,-4.501220881938934326e-01,1.161455586552619934e-01,5.432269535958766937e-03,-5.761292949318885803e-02,1.763328351080417633e-02,4.092404842376708984e-01,-5.307820439338684082e-01,9.040735661983489990e-02,-2.363138459622859955e-02,-3.718455135822296143e-02,8.172997087240219116e-02,-7.039049267768859863e-02,2.383025288581848145e-01,-3.192299902439117432e-01,1.222378849983215332e+00,1.675660610198974609e-01,-1.625408045947551727e-02,-1.214986145496368408e-01,-1.375266611576080322e-01,-2.620262503623962402e-01,3.806969523429870605e-01,1.200489640235900879e+00,-5.288535729050636292e-02,5.255625769495964050e-02,1.865379810333251953e-01
1.177012268453836441e-02,-5.458364263176918030e-03,7.197749018669128418e-01,5.028484854847192764e-03,-3.316589444875717163e-02,-2.819783985614776611e-01,9.588341712951660156e-01,7.637833803892135620e-02,-1.036738976836204529e-01,-4.522620141506195068e-02,2.873527407646179199e-01,-4.532928764820098877e-01,1.178333759307861328e-01,2.909151604399085045e-03,-5.768501758575439453e-02,1.862556859850883484e-02,4.105732142925262451e-01,-5.305092334747314453e-01,9.053378552198410034e-02,-2.365700341761112213e-02,-3.702787309885025024e-02,8.168251067399978638e-02,-6.977377831935882568e-02,2.373712807893753052e-01,-3.191332221031188965e-01,1.220532298088073730e+00,1.669857203960418701e-01,-1.687968336045742035e-02,-1.222606375813484192e-01,-1.386305689811706543e-01,-2.632250785827636719e-01,3.796415328979492188e-01,1.200485944747924805e+00,-5.061398446559906006e-02,5.198436230421066284e-02,1.850174218416213989e-01
1.225861441344022751e-02,-4.691602196544408798e-03,7.196778059005737305e-01,5.024483893066644669e-03,-3.206699341535568237e-02,-2.826302349567413330e-01,9.586796164512634277e-01,7.187797874212265015e-02,-1.046712622046470642e-01,-4.486605897545814514e-02,2.920446097850799561e-01,-4.560109972953796387e-01,1.189657822251319885e-01,-4.675308300647884607e-04,-5.812470614910125732e-02,2.016573213040828705e-02,4.119046032428741455e-01,-5.303975343704223633e-01,9.078653901815414429e-02,-2.338698506355285645e-02,-3.710395842790603638e-02,8.175884187221527100e-02,-6.940591335296630859e-02,2.361498624086380005e-01,-3.193353116512298584e-01,1.218501687049865723e+00,1.656285971403121948e-01,-1.750744320452213287e-02,-1.231871247291564941e-01,-1.399061381816864014e-01,-2.646753191947937012e-01,3.788150250911712646e-01,1.201099872589111328e+00,-4.860635846853256226e-02,5.184599384665489197e-02,1.832379251718521118e-01
1.277609821408987045e-02,-3.749681869521737099e-03,7.195397019386291504e-01,4.888040479272603989e-03,-3.103023394942283630e-02,-2.833478748798370361e-01,9.585025906562805176e-01,6.710163503885269165e-02,-1.054866015911102295e-01,-4.328473284840583801e-02,2.974831163883209229e-01,-4.595405459403991699e-01,1.208786517381668091e-01,-4.328784532845020294e-03,-5.859923735260963440e-02,2.151207625865936279e-02,4.143025875091552734e-01,-5.300245285034179688e-01,9.159718453884124756e-02,-2.318016812205314636e-02,-3.753585368394851685e-02,8.164813369512557983e-02,-6.930112093687057495e-02,2.345282435417175293e-01,-3.199948072433471680e-01,1.216358780860900879e+00,1.643090993165969849e-01,-1.751044765114784241e-02,-1.242530941963195801e-01,-1.414522975683212280e-01,-2.663018107414245605e-01,3.787877559661865234e-01,1.202037096023559570e+00,-4.592138156294822693e-02,5.206390470266342163e-02,1.809374541044235229e-01
1.334025617688894272e-02,-2.633500145748257637e-03,7.193585038185119629e-01,4.930454771965742111e-03,-2.978758327662944794e-02,-2.839283049106597900e-01,9.583700299263000488e-01,6.135435774922370911e-02,-1.070972457528114319e-01,-4.270856082439422607e-02,3.035452365875244141e-01,-4.631539881229400635e-01,1.236207485198974609e-01,-9.138786233961582184e-03,-5.961180850863456726e-02,2.298781275749206543e-02,4.174723327159881592e-01,-5.307307839393615723e-01,9.247310459613800049e-02,-2.291955240070819855e-02,-3.821823373436927795e-02,8.228038251399993896e-02,-6.942266225814819336e-02,2.329154908657073975e-01,-3.206269443035125732e-01,1.213118433952331543e+00,1.620024591684341431e-01,-1.781543530523777008e-02,-1.248827353119850159e-01,-1.432634890079498291e-01,-2.683320343494415283e-01,3.788346648216247559e-01,1.202587604522705078e+00,-4.364853352308273315e-02,5.165947973728179932e-02,1.788472384214401245e-01
1.399346254765987396e-02,-1.307869446463882923e-03,7.191441059112548828e-01,5.046707578003406525e-03,-2.854711376130580902e-02,-2.845500707626342773e-01,9.582227468490600586e-01,5.528161302208900452e-02,-1.093334555625915527e-01,-4.216991737484931946e-02,3.099754154682159424e-01,-4.666871130466461182e-01,1.261809915304183960e-01,-1.505881827324628830e-02,-6.119424477219581604e-02,2.444216795265674591e-02,4.226756393909454346e-01,-5.318316221237182617e-01,9.277164936065673828e-02,-2.266228571534156799e-02,-3.925539553165435791e-02,8.343702554702758789e-02,-6.955164670944213867e-02,2.311253547668457031e-01,-3.206389248371124268e-01,1.208671331405639648e+00,1.592602580785751343e-01,-1.850121095776557922e-02,-1.258202493190765381e-01,-1.455072164535522461e-01,-2.709338068962097168e-01,3.792441189289093018e-01,1.202597260475158691e+00,-4.190263897180557251e-02,5.073335021734237671e-02,1.763740777969360352e-01
1.469570118933916092e-02,2.051996707450598478e-04,7.188034057617187500e-01,5.220594350248575211e-03,-2.743208594620227814e-02,-2.848688066005706787e-01,9.581596851348876953e-01,4.875373840332031250e-02,-1.123026609420776367e-01,-4.211218655109405518e-02,3.174965381622314453e-01,-4.712312519550323486e-01,1.307562142610549927e-01,-2.222240902483463287e-02,-6.326638907194137573e-02,2.601646259427070618e-02,4.309386909008026123e-01,-5.345097184181213379e-01,9.374915063381195068e-02,-2.224241383373737335e-02,-4.092617705464363098e-02,8.499278873205184937e-02,-7.014517486095428467e-02,2.288611829280853271e-01,-3.189004361629486084e-01,1.203942179679870605e+00,1.549937725067138672e-01,-1.874749362468719482e-02,-1.268173754215240479e-01,-1.474567502737045288e-01,-2.738633751869201660e-01,3.789792358875274658e-01,1.202464818954467773e+00,-3.961136564612388611e-02,4.936860874295234680e-02,1.734406650066375732e-01
1.546908076852560043e-02,1.914208754897117615e-03,7.182751893997192383e-01,5.515789147466421127e-03,-2.616645395755767822e-02,-2.848610877990722656e-01,9.581957459449768066e-01,4.137059301137924194e-02,-1.158712804317474365e-01,-4.192137345671653748e-02,3.257758319377899170e-01,-4.775167107582092285e-01,1.359457075595855713e-01,-3.141465410590171814e-02,-6.601080298423767090e-02,2.702211774885654449e-02,4.427768886089324951e-01,-5.393731594085693359e-01,9.508373588323593140e-02,-2.217210456728935242e-02,-4.322852566838264465e-02,8.745721727609634399e-02,-7.158945500850677490e-02,2.262640595436096191e-01,-3.185537159442901611e-01,1.198702931404113770e+00,1.511933505535125732e-01,-1.887504756450653076e-02,-1.283919215202331543e-01,-1.494962424039840698e-01,-2.769295871257781982e-01,3.779518604278564453e-01,1.202302217483520508e+00,-3.550017625093460083e-02,4.828530922532081604e-02,1.711079925298690796e-01
1.623901538550853729e-02,3.730045398697257042e-03,7.176561951637268066e-01,6.236668210476636887e-03,-2.540748380124568939e-02,-2.845121920108795166e-01,9.583153724670410156e-01,3.316091373562812805e-02,-1.209936365485191345e-01,-4.175044596195220947e-02,3.368296027183532715e-01,-4.833067953586578369e-01,1.419285088777542114e-01,-4.265454411506652832e-02,-7.094136625528335571e-02,2.579113095998764038e-02,4.607332646846771240e-01,-5.462975502014160156e-01,9.720942378044128418e-02,-2.157881483435630798e-02,-4.618732631206512451e-02,9.077294170856475830e-02,-7.412168383598327637e-02,2.241114526987075806e-01,-3.196271359920501709e-01,1.193871378898620605e+00,1.497579216957092285e-01,-1.866200193762779236e-02,-1.293639093637466431e-01,-1.510217934846878052e-01,-2.808549404144287109e-01,3.759561479091644287e-01,1.200441718101501465e+00,-3.221694007515907288e-02,4.702197387814521790e-02,1.655147224664688110e-01
1.705635152757167816e-02,5.653412081301212311e-03,7.166928052902221680e-01,6.949332077056169510e-03,-2.409501187503337860e-02,-2.839564979076385498e-01,9.585091471672058105e-01,2.279503829777240753e-02,-1.265924572944641113e-01,-4.339866712689399719e-02,3.499916791915893555e-01,-4.929988682270050049e-01,1.492539048194885254e-01,-5.868384987115859985e-02,-7.436318695545196533e-02,2.935877069830894470e-02,4.861108660697937012e-01,-5.557864904403686523e-01,9.768478572368621826e-02,-2.163444086909294128e-02,-5.075611546635627747e-02,9.563866257667541504e-02,-7.620088011026382446e-02,2.224175035953521729e-01,-3.179509937763214111e-01,1.186022400856018066e+00,1.465039104223251343e-01,-1.858748495578765869e-02,-1.286229789257049561e-01,-1.530209630727767944e-01,-2.838049232959747314e-01,3.731038868427276611e-01,1.199937939643859863e+00,-2.982044965028762817e-02,4.532795026898384094e-02,1.631813049316406250e-01
1.773314550518989563e-02,7.475401274859905243e-03,7.155171632766723633e-01,8.478372357785701752e-03,-2.363021112978458405e-02,-2.834377288818359375e-01,9.586619734764099121e-01,1.144031342118978500e-02,-1.342581212520599365e-01,-4.336174577474594116e-02,3.674610257148742676e-01,-5.019123554229736328e-01,1.572059094905853271e-01,-7.892487943172454834e-02,-8.076731115579605103e-02,3.030673041939735413e-02,5.226650238037109375e-01,-5.690077543258666992e-01,9.850061684846878052e-02,-2.113169431686401367e-02,-5.602703243494033813e-02,1.007945835590362549e-01,-7.885793596506118774e-02,2.221302688121795654e-01,-3.162426352500915527e-01,1.178761005401611328e+00,1.434021890163421631e-01,-1.805819943547248840e-02,-1.275081038475036621e-01,-1.549983918666839600e-01,-2.870790064334869385e-01,3.707946240901947021e-01,1.198144197463989258e+00,-2.694926597177982330e-02,4.316046461462974548e-02,1.595837622880935669e-01
1.827987655997276306e-02,9.120448492467403412e-03,7.140548229217529297e-01,1.096496358513832092e-02,-2.285318262875080109e-02,-2.827169001102447510e-01,9.588684439659118652e-01,-1.651995815336704254e-03,-1.438580006361007690e-01,-4.388732090592384338e-02,3.857848346233367920e-01,-5.116530060768127441e-01,1.664117127656936646e-01,-1.051910668611526489e-01,-8.873281627893447876e-02,3.221097588539123535e-02,5.692413449287414551e-01,-5.848270058631896973e-01,9.999434649944305420e-02,-2.184645086526870728e-02,-6.335651874542236328e-02,1.074200645089149475e-01,-8.212667703628540039e-02,2.247039377689361572e-01,-3.150979280471801758e-01,1.171204566955566406e+00,1.413403451442718506e-01,-1.743472926318645477e-02,-1.266216933727264404e-01,-1.570204645395278931e-01,-2.900145053863525391e-01,3.672019839286804199e-01,1.195387840270996094e+00,-2.312638983130455017e-02,4.134361818432807922e-02,1.559228301048278809e-01
1.858446188271045685e-02,1.049609947949647903e-02,7.121517062187194824e-01,1.424840465188026428e-02,-2.336547710001468658e-02,-2.813182175159454346e-01,9.592242240905761719e-01,-1.418000832200050354e-02,-1.557728201150894165e-01,-4.387190565466880798e-02,4.069525301456451416e-01,-5.226163268089294434e-01,1.778803616762161255e-01,-1.375224590301513672e-01,-9.918779879808425903e-02,3.419052064418792725e-02,6.333224773406982422e-01,-6.014047265052795410e-01,1.009690910577774048e-01,-2.351395040750503540e-02,-7.304570823907852173e-02,1.152742952108383179e-01,-8.637439459562301636e-02,2.322363704442977905e-01,-3.127578794956207275e-01,1.164769172668457031e+00,1.383821368217468262e-01,-1.537638623267412186e-02,-1.236350834369659424e-01,-1.586070805788040161e-01,-2.922395467758178711e-01,3.627427220344543457e-01,1.191312193870544434e+00,-1.975383050739765167e-02,3.917507827281951904e-02,1.522631496191024780e-01
1.864976063370704651e-02,1.144876424223184586e-02,7.096346616744995117e-01,1.938268542289733887e-02,-2.516530081629753113e-02,-2.803221046924591064e-01,9.593802690505981445e-01,-2.646346949040889740e-02,-1.721512377262115479e-01,-4.349901527166366577e-02,4.306565523147583008e-01,-5.332674980163574219e-01,1.888841092586517334e-01,-1.774858832359313965e-01,-1.154721677303314209e-01,3.451960906386375427e-02,7.146045565605163574e-01,-6.170670986175537109e-01,1.006941944360733032e-01,-2.626038156449794769e-02,-8.421338349580764771e-02,1.246388405561447144e-01,-9.021360427141189575e-02,2.438071072101593018e-01,-3.103521764278411865e-01,1.160560607910156250e+00,1.358142793178558350e-01,-1.290142722427845001e-02,-1.201377063989639282e-01,-1.605455875396728516e-01,-2.941643297672271729e-01,3.588053882122039795e-01,1.185511589050292969e+00,-1.686407998204231262e-02,3.615738078951835632e-02,1.486395448446273804e-01
1.870197057723999023e-02,1.185507792979478836e-02,7.068397998809814453e-01,2.494959719479084015e-02,-2.782380767166614532e-02,-2.814707159996032715e-01,9.588418006896972656e-01,-3.629559278488159180e-02,-1.882106363773345947e-01,-3.860128670930862427e-02,4.539772570133209229e-01,-5.452449917793273926e-01,1.999196410179138184e-01,-2.287447899580001831e-01,-1.435638815164566040e-01,1.366300508379936218e-02,8.079159855842590332e-01,-6.067388057708740234e-01,9.820724278688430786e-02,-2.888439595699310303e-02,-9.629353135824203491e-02,1.364901810884475708e-01,-9.377451241016387939e-02,2.578408718109130859e-01,-3.084625601768493652e-01,1.159471988677978516e+00,1.346972584724426270e-01,-8.877498097717761993e-03,-1.155773773789405823e-01,-1.641282737255096436e-01,-2.953199148178100586e-01,3.559982776641845703e-01,1.179133772850036621e+00,-1.269424613565206528e-02,3.425069898366928101e-02,1.464713513851165771e-01
1.890715025365352631e-02,1.198756508529186249e-02,7.043657302856445312e-01,3.011205978691577911e-02,-2.963253669440746307e-02,-2.827346920967102051e-01,9.582673311233520508e-01,-4.523559659719467163e-02,-2.024834007024765015e-01,-3.541431203484535217e-02,4.728187322616577148e-01,-5.545868277549743652e-01,2.071184664964675903e-01,-2.827905714511871338e-01,-1.729370504617691040e-01,-5.827131215482950211e-03,8.962350487709045410e-01,-6.031268239021301270e-01,8.910787850618362427e-02,-3.291087970137596130e-02,-1.065644249320030212e-01,1.474150866270065308e-01,-9.625133872032165527e-02,2.694613933563232422e-01,-3.073265552520751953e-01,1.161574959754943848e+00,1.340931951999664307e-01,-4.360978025943040848e-03,-1.117584705352783203e-01,-1.685311198234558105e-01,-2.950313687324523926e-01,3.531847596168518066e-01,1.172274827957153320e+00,-9.558293968439102173e-03,3.215710073709487915e-02,1.445051431655883789e-01
1.944423839449882507e-02,1.185960788279771805e-02,7.025790214538574219e-01,3.419886529445648193e-02,-3.126502782106399536e-02,-2.812024354934692383e-01,9.585291743278503418e-01,-5.118834599852561951e-02,-2.149885296821594238e-01,-3.638755530118942261e-02,4.869962334632873535e-01,-5.611728429794311523e-01,2.145110368728637695e-01,-3.396838903427124023e-01,-1.880860179662704468e-01,-5.244727712124586105e-03,9.689570069313049316e-01,-6.192236542701721191e-01,8.116582036018371582e-02,-4.129969328641891479e-02,-1.163236126303672791e-01,1.584216207265853882e-01,-9.712245315313339233e-02,2.774180769920349121e-01,-3.081658780574798584e-01,1.165949583053588867e+00,1.372568607330322266e-01,-4.712873487733304501e-04,-1.097560822963714600e-01,-1.723653823137283325e-01,-2.931767404079437256e-01,3.506046533584594727e-01,1.167228221893310547e+00,-5.685398820787668228e-03,3.007836826145648956e-02,1.438495516777038574e-01
2.081220224499702454e-02,1.131479069590568542e-02,7.011757493019104004e-01,3.720019757747650146e-02,-3.177253529429435730e-02,-2.811964750289916992e-01,9.584023952484130859e-01,-5.389058217406272888e-02,-2.233519852161407471e-01,-3.479864820837974548e-02,4.950448274612426758e-01,-5.674352049827575684e-01,2.187488973140716553e-01,-3.934228420257568359e-01,-2.012778520584106445e-01,-8.589565753936767578e-03,1.031178474426269531e+00,-6.163204908370971680e-01,8.136925101280212402e-02,-4.992704465985298157e-02,-1.247682347893714905e-01,1.691255569458007812e-01,-9.612438082695007324e-02,2.834619879722595215e-01,-3.096266984939575195e-01,1.171055436134338379e+00,1.418388783931732178e-01,3.176627913489937782e-03,-1.042796522378921509e-01,-1.777382791042327881e-01,-2.913821339607238770e-01,3.501355648040771484e-01,1.163186550140380859e+00,-2.657637698575854301e-03,2.900724299252033234e-02,1.435257643461227417e-01
2.290234155952930450e-02,1.055246870964765549e-02,7.001572251319885254e-01,3.857532888650894165e-02,-2.994791604578495026e-02,-2.804370820522308350e-01,9.586293101310729980e-01,-5.690578371286392212e-02,-2.279463112354278564e-01,-3.854288905858993530e-02,4.990141987800598145e-01,-5.759754776954650879e-01,2.218089550733566284e-01,-4.453013539314270020e-01,-2.083182334899902344e-01,-9.110990911722183228e-03,1.075102448463439941e+00,-6.110209226608276367e-01,8.153302967548370361e-02,-5.945483222603797913e-02,-1.295004636049270630e-01,1.795225292444229126e-01,-9.485439211130142212e-02,2.855382263660430908e-01,-3.087118268013000488e-01,1.178241133689880371e+00,1.442155987024307251e-01,6.857843138277530670e-03,-1.008313968777656555e-01,-1.806087195873260498e-01,-2.896708846092224121e-01,3.480014503002166748e-01,1.158783793449401855e+00,-1.166593399830162525e-03,2.773795649409294128e-02,1.431817412376403809e-01
2.693330310285091400e-02,8.904234506189823151e-03,7.020207047462463379e-01,3.665066882967948914e-02,-1.478071417659521103e-02,-2.835064530372619629e-01,9.581556916236877441e-01,-5.326041206717491150e-02,-2.143435329198837280e-01,-4.563057795166969299e-02,4.472900927066802979e-01,-5.597609877586364746e-01,2.200552225112915039e-01,-5.138717293739318848e-01,-1.946614533662796021e-01,-1.689182035624980927e-02,1.073555350303649902e+00,-5.971475243568420410e-01,8.218555897474288940e-02,-6.761737167835235596e-02,-1.152499020099639893e-01,1.724513769149780273e-01,-1.054896712303161621e-01,2.857998311519622803e-01,-3.023346960544586182e-01,1.191421270370483398e+00,1.498780995607376099e-01,1.236960291862487793e-02,-1.002134084701538086e-01,-1.970596611499786377e-01,-2.928157150745391846e-01,3.419155776500701904e-01,1.159201860427856445e+00,-2.511589846108108759e-04,2.992622368037700653e-02,1.424643099308013916e-01
2.945445477962493896e-02,8.246041834354400635e-03,7.011779546737670898e-01,3.566789999604225159e-02,-2.106484957039356232e-02,-2.838203907012939453e-01,9.579823017120361328e-01,-5.088136345148086548e-02,-2.176597565412521362e-01,-4.204602539539337158e-02,4.760306477546691895e-01,-5.756563544273376465e-01,2.218441814184188843e-01,-5.501524209976196289e-01,-2.021697461605072021e-01,-1.318371761590242386e-02,1.071789860725402832e+00,-6.035465002059936523e-01,9.249460697174072266e-02,-7.771978527307510376e-02,-1.225822791457176208e-01,1.892704218626022339e-01,-9.189201891422271729e-02,2.813098728656768799e-01,-3.054613173007965088e-01,1.199925065040588379e+00,1.545985937118530273e-01,1.718590967357158661e-02,-9.354251623153686523e-02,-1.912763714790344238e-01,-2.889491319656372070e-01,3.367817103862762451e-01,1.160675287246704102e+00,-1.760361599735915661e-03,3.127187117934226990e-02,1.368066668510437012e-01
3.533788025379180908e-02,6.025765091180801392e-03,7.038909196853637695e-01,2.417379245162010193e-02,-9.938231669366359711e-03,-2.873230874538421631e-01,9.574770331382751465e-01,-3.096894174814224243e-02,-1.857715696096420288e-01,-4.907269030809402466e-02,4.322620630264282227e-01,-5.725114941596984863e-01,2.172347754240036011e-01,-5.915808677673339844e-01,-1.737360954284667969e-01,-2.995742298662662506e-02,1.015459060668945312e+00,-5.890135169029235840e-01,9.728612005710601807e-02,-8.172000199556350708e-02,-9.562394767999649048e-02,1.938700228929519653e-01,-9.510503709316253662e-02,2.792057693004608154e-01,-2.995561659336090088e-01,1.209056258201599121e+00,1.573212146759033203e-01,2.048885636031627655e-02,-8.786522597074508667e-02,-2.019060403108596802e-01,-2.910837233066558838e-01,3.298768699169158936e-01,1.164299011230468750e+00,4.012102435808628798e-04,3.223069757223129272e-02,1.313829720020294189e-01
3.902570158243179321e-02,4.814690444618463516e-03,7.029667496681213379e-01,2.204097434878349304e-02,-1.612865366041660309e-02,-2.868660092353820801e-01,9.575812816619873047e-01,-2.688082307577133179e-02,-1.859855204820632935e-01,-4.360764101147651672e-02,4.634999036788940430e-01,-5.913309454917907715e-01,2.137412577867507935e-01,-6.265038847923278809e-01,-1.827675998210906982e-01,-2.906884998083114624e-02,9.972501397132873535e-01,-5.894573330879211426e-01,1.089062616229057312e-01,-8.924625068902969360e-02,-1.014521121978759766e-01,2.102372497320175171e-01,-7.802902162075042725e-02,2.731781601905822754e-01,-3.030565083026885986e-01,1.214429140090942383e+00,1.617687940597534180e-01,2.085794880986213684e-02,-8.210264891386032104e-02,-1.921802461147308350e-01,-2.853660285472869873e-01,3.261353969573974609e-01,1.164227366447448730e+00,3.422001609578728676e-03,3.223881125450134277e-02,1.240226626396179199e-01
4.623276740312576294e-02,1.626974320970475674e-03,7.057853341102600098e-01,9.131299331784248352e-03,-3.536980831995606422e-03,-2.910446822643280029e-01,9.566593170166015625e-01,-8.187218569219112396e-03,-1.494334489107131958e-01,-4.833763092756271362e-02,4.232952892780303955e-01,-5.931085944175720215e-01,2.066429406404495239e-01,-6.503459811210632324e-01,-1.526014357805252075e-01,-5.291623622179031372e-02,9.083377718925476074e-01,-5.686151385307312012e-01,1.141410022974014282e-01,-8.987294137477874756e-02,-7.075598090887069702e-02,2.118355035781860352e-01,-7.254101336002349854e-02,2.728871405124664307e-01,-2.979560792446136475e-01,1.220195055007934570e+00,1.640067696571350098e-01,1.821025460958480835e-02,-7.770210504531860352e-02,-1.993089467287063599e-01,-2.803937196731567383e-01,3.196031749248504639e-01,1.156665444374084473e+00,4.532269667834043503e-03,3.352146968245506287e-02,1.181525439023971558e-01
5.068679526448249817e-02,-7.258310797624289989e-04,7.044956684112548828e-01,7.626484613865613937e-03,-8.235224522650241852e-03,-2.915245592594146729e-01,9.564974904060363770e-01,-6.714238319545984268e-03,-1.484905183315277100e-01,-4.096652567386627197e-02,4.570030570030212402e-01,-6.133604645729064941e-01,2.007102668285369873e-01,-6.785933375358581543e-01,-1.603264510631561279e-01,-5.079091712832450867e-02,8.735350966453552246e-01,-5.736656785011291504e-01,1.235226690769195557e-01,-9.396339952945709229e-02,-7.465768605470657349e-02,2.244669646024703979e-01,-5.646883696317672729e-02,2.719056904315948486e-01,-3.013197779655456543e-01,1.226371407508850098e+00,1.657893210649490356e-01,1.697329431772232056e-02,-7.173152267932891846e-02,-1.923063099384307861e-01,-2.709968984127044678e-01,3.164882361888885498e-01,1.149122714996337891e+00,6.002764683216810226e-03,3.131898120045661926e-02,1.105804890394210815e-01
5.854666605591773987e-02,-5.437015090137720108e-03,7.071986794471740723e-01,-3.209589049220085144e-03,6.449159234762191772e-03,-2.948314249515533447e-01,9.555221199989318848e-01,4.215758759528398514e-03,-1.136913150548934937e-01,-4.353371635079383850e-02,4.240758419036865234e-01,-6.179235577583312988e-01,1.905694156885147095e-01,-6.792266964912414551e-01,-1.330911070108413696e-01,-7.829983532428741455e-02,7.555348873138427734e-01,-5.488948225975036621e-01,1.249494254589080811e-01,-9.176885336637496948e-02,-4.604812338948249817e-02,2.196966111660003662e-01,-6.778720766305923462e-02,2.883793413639068604e-01,-3.000647425651550293e-01,1.234564423561096191e+00,1.638614088296890259e-01,1.264824438840150833e-02,-7.038383930921554565e-02,-1.945555210113525391e-01,-2.705897986888885498e-01,3.094437420368194580e-01,1.144045352935791016e+00,9.114633314311504364e-03,3.278932720422744751e-02,1.047341749072074890e-01
6.348735839128494263e-02,-9.683724492788314819e-03,7.048050165176391602e-01,-2.018627477809786797e-03,2.894290490075945854e-03,-2.963850498199462891e-01,9.550620317459106445e-01,4.101906903088092804e-03,-1.157687827944755554e-01,-3.600570559501647949e-02,4.578309357166290283e-01,-6.402808427810668945e-01,1.824357807636260986e-01,-7.016422152519226074e-01,-1.429340541362762451e-01,-7.804672420024871826e-02,7.337898612022399902e-01,-5.518373250961303711e-01,1.319941282272338867e-01,-9.249340742826461792e-02,-4.953091964125633240e-02,2.279244810342788696e-01,-6.474109739065170288e-02,2.902406752109527588e-01,-3.040328323841094971e-01,1.232795119285583496e+00,1.647239327430725098e-01,1.031874213367700577e-02,-6.603274494409561157e-02,-1.827827095985412598e-01,-2.693504691123962402e-01,3.080599308013916016e-01,1.143043398857116699e+00,9.057016111910343170e-03,3.290268778800964355e-02,9.633869677782058716e-02
6.974675506353378296e-02,-1.553151756525039673e-02,7.030654549598693848e-01,-2.543575130403041840e-03,4.688766784965991974e-03,-2.961424291133880615e-01,9.551289081573486328e-01,3.230661153793334961e-03,-1.110646277666091919e-01,-3.429695218801498413e-02,4.826172292232513428e-01,-6.638574600219726562e-01,1.766843050718307495e-01,-7.166771292686462402e-01,-1.469940096139907837e-01,-8.472529798746109009e-02,6.972122788429260254e-01,-5.493639707565307617e-01,1.372305005788803101e-01,-9.347563236951828003e-02,-4.643935710191726685e-02,2.298501133918762207e-01,-6.470146030187606812e-02,2.923600971698760986e-01,-3.068244755268096924e-01,1.230143666267395020e+00,1.644389182329177856e-01,7.189286407083272934e-03,-6.452285498380661011e-02,-1.757922023534774780e-01,-2.691692411899566650e-01,3.042389154434204102e-01,1.141795992851257324e+00,8.775122463703155518e-03,3.365794941782951355e-02,9.040465950965881348e-02
7.630962878465652466e-02,-2.253772690892219543e-02,7.010940313339233398e-01,-3.123491769656538963e-03,7.976546883583068848e-03,-2.952591776847839355e-01,9.553787708282470703e-01,3.462677123025059700e-03,-1.044900342822074890e-01,-3.635085001587867737e-02,5.019591450691223145e-01,-6.875865459442138672e-01,1.706799864768981934e-01,-7.248214483261108398e-01,-1.484196931123733521e-01,-9.289851784706115723e-02,6.622006893157958984e-01,-5.395928025245666504e-01,1.405062973499298096e-01,-9.542612731456756592e-02,-3.992426022887229919e-02,2.300269603729248047e-01,-6.677242368459701538e-02,2.946857511997222900e-01,-3.113306164741516113e-01,1.227525949478149414e+00,1.620293855667114258e-01,4.582079593092203140e-03,-6.230758130550384521e-02,-1.704087704420089722e-01,-2.696291208267211914e-01,2.999204993247985840e-01,1.137890815734863281e+00,7.758115883916616440e-03,3.404736518859863281e-02,8.345025032758712769e-02
8.305589109659194946e-02,-3.065254911780357361e-02,6.988079547882080078e-01,-3.130679717287421227e-03,1.085004489868879318e-02,-2.931617200374603271e-01,9.559961557388305664e-01,5.909218918532133102e-03,-9.827815741300582886e-02,-4.036288335919380188e-02,5.201146602630615234e-01,-7.104246616363525391e-01,1.655264198780059814e-01,-7.296498417854309082e-01,-1.503832340240478516e-01,-1.014913022518157959e-01,6.352965235710144043e-01,-5.226578116416931152e-01,1.440438330173492432e-01,-9.779221564531326294e-02,-3.184324875473976135e-02,2.287959754467010498e-01,-7.066715508699417114e-02,2.962680160999298096e-01,-3.160806596279144287e-01,1.224354267120361328e+00,1.587439626455307007e-01,1.539668999612331390e-03,-6.099715456366539001e-02,-1.652239263057708740e-01,-2.712273895740509033e-01,2.955578565597534180e-01,1.134465217590332031e+00,7.988015189766883850e-03,3.452571481466293335e-02,7.775862514972686768e-02
9.013448655605316162e-02,-3.990716487169265747e-02,6.961150765419006348e-01,-1.919539994560182095e-03,1.311786472797393799e-02,-2.898720800876617432e-01,9.569735527038574219e-01,1.076134387403726578e-02,-9.424883872270584106e-02,-4.722121357917785645e-02,5.367646217346191406e-01,-7.308252453804016113e-01,1.609794795513153076e-01,-7.305115461349487305e-01,-1.534930467605590820e-01,-1.075523793697357178e-01,6.216351985931396484e-01,-5.029973387718200684e-01,1.451501101255416870e-01,-1.006253138184547424e-01,-2.375195920467376709e-02,2.280337214469909668e-01,-7.771766185760498047e-02,2.967210114002227783e-01,-3.221809864044189453e-01,1.219714760780334473e+00,1.549534350633621216e-01,-2.639000536873936653e-03,-6.032464653253555298e-02,-1.595241129398345947e-01,-2.739204168319702148e-01,2.919121384620666504e-01,1.128399610519409180e+00,8.242067880928516388e-03,3.466014564037322998e-02,7.185281068086624146e-02
9.758220613002777100e-02,-5.008982494473457336e-02,6.931537389755249023e-01,-1.012842869386076927e-03,1.441105920821428299e-02,-2.847773432731628418e-01,9.584848284721374512e-01,1.835559681057929993e-02,-8.876059204339981079e-02,-5.481997132301330566e-02,5.545523166656494141e-01,-7.506343722343444824e-01,1.549794524908065796e-01,-7.300396561622619629e-01,-1.583007574081420898e-01,-1.107713654637336731e-01,6.162260174751281738e-01,-4.844993650913238525e-01,1.485025733709335327e-01,-1.059989854693412781e-01,-1.661737635731697083e-02,2.274762392044067383e-01,-8.800378441810607910e-02,2.971954941749572754e-01,-3.309754133224487305e-01,1.213404536247253418e+00,1.493188887834548950e-01,-7.167447824031114578e-03,-5.965181812644004822e-02,-1.546075195074081421e-01,-2.774499952793121338e-01,2.882930338382720947e-01,1.122339606285095215e+00,1.107940077781677246e-02,3.569045290350914001e-02,6.560240685939788818e-02
1.055800095200538635e-01,-6.133754923939704895e-02,6.902827620506286621e-01,-2.476784866303205490e-04,1.476521603763103485e-02,-2.782332599163055420e-01,9.603999853134155273e-01,2.811031416058540344e-02,-8.172009140253067017e-02,-6.301935017108917236e-02,5.746380090713500977e-01,-7.652177214622497559e-01,1.468957364559173584e-01,-7.285789847373962402e-01,-1.636779755353927612e-01,-1.151779070496559143e-01,6.222289204597473145e-01,-4.648876786231994629e-01,1.517206579446792603e-01,-1.130614951252937317e-01,-9.315555915236473083e-03,2.276017665863037109e-01,-1.030242964625358582e-01,2.964834868907928467e-01,-3.386901021003723145e-01,1.205283045768737793e+00,1.430809646844863892e-01,-1.282778568565845490e-02,-5.810625478625297546e-02,-1.487484872341156006e-01,-2.815465927124023438e-01,2.847006618976593018e-01,1.115115404129028320e+00,1.562340743839740753e-02,3.652038052678108215e-02,5.925259739160537720e-02
1.142331212759017944e-01,-7.366081327199935913e-02,6.868721246719360352e-01,2.173970453441143036e-03,1.612896844744682312e-02,-2.713899016380310059e-01,9.623318910598754883e-01,3.961057588458061218e-02,-7.619199156761169434e-02,-7.235962152481079102e-02,5.866420269012451172e-01,-7.773346900939941406e-01,1.382618993520736694e-01,-7.290612459182739258e-01,-1.705783605575561523e-01,-1.196610033512115479e-01,6.385678052902221680e-01,-4.436424374580383301e-01,1.545334309339523315e-01,-1.212515160441398621e-01,-2.728865249082446098e-03,2.291083037853240967e-01,-1.220022216439247131e-01,2.950862944126129150e-01,-3.469558656215667725e-01,1.194192409515380859e+00,1.336990743875503540e-01,-1.841446571052074432e-02,-5.467637255787849426e-02,-1.425935626029968262e-01,-2.863723337650299072e-01,2.806974351406097412e-01,1.105360031127929688e+00,2.285835705697536469e-02,3.805496171116828918e-02,5.248945578932762146e-02
1.256063878536224365e-01,-8.777195960283279419e-02,6.865996122360229492e-01,4.535051994025707245e-03,1.705641113221645355e-02,-2.591171264648437500e-01,9.656846523284912109e-01,8.529445528984069824e-02,-6.770348548889160156e-02,-8.619458973407745361e-02,5.395214557647705078e-01,-7.602910995483398438e-01,1.288328468799591064e-01,-6.996225118637084961e-01,-1.811805814504623413e-01,-1.326496452093124390e-01,6.241369247436523438e-01,-4.126341640949249268e-01,1.586371958255767822e-01,-1.392049938440322876e-01,7.249190006405115128e-03,2.434015423059463501e-01,-1.593760102987289429e-01,2.947933077812194824e-01,-3.537582457065582275e-01,1.180439591407775879e+00,1.189499273896217346e-01,-2.479092963039875031e-02,-5.115101486444473267e-02,-1.426438093185424805e-01,-3.010600209236145020e-01,2.704682648181915283e-01,1.084825158119201660e+00,3.493643552064895630e-02,4.341144487261772156e-02,4.507305473089218140e-02
1.354504674673080444e-01,-1.012304201722145081e-01,6.823794841766357422e-01,8.386692963540554047e-03,1.833674684166908264e-02,-2.507960796356201172e-01,9.678299427032470703e-01,8.981718122959136963e-02,-5.457181856036186218e-02,-6.038094311952590942e-02,5.649515390396118164e-01,-7.653191685676574707e-01,1.152710765600204468e-01,-7.169634103775024414e-01,-1.931613534688949585e-01,-1.314529031515121460e-01,6.807637810707092285e-01,-3.933500349521636963e-01,1.614234745502471924e-01,-1.505098193883895874e-01,9.758594445884227753e-03,2.450643926858901978e-01,-1.780046671628952026e-01,2.935336828231811523e-01,-3.592619001865386963e-01,1.160730957984924316e+00,1.059671267867088318e-01,-3.436848148703575134e-02,-4.029498249292373657e-02,-1.311640590429306030e-01,-3.037098646163940430e-01,2.671766579151153564e-01,1.072339653968811035e+00,4.409358277916908264e-02,4.084176197648048401e-02,3.590944409370422363e-02
1.467559933662414551e-01,-1.166512295603752136e-01,6.791847348213195801e-01,1.192482281476259232e-02,2.418638952076435089e-02,-2.437659949064254761e-01,9.694591164588928223e-01,9.375826269388198853e-02,-4.174088314175605774e-02,-5.825800448656082153e-02,5.856202244758605957e-01,-7.581730484962463379e-01,1.023005247116088867e-01,-7.315062880516052246e-01,-1.985828578472137451e-01,-1.319453269243240356e-01,7.304408550262451172e-01,-3.728641271591186523e-01,1.629222482442855835e-01,-1.647538095712661743e-01,1.521237287670373917e-02,2.447205036878585815e-01,-2.031667977571487427e-01,2.943024635314941406e-01,-3.646637797355651855e-01,1.134673476219177246e+00,8.324758708477020264e-02,-4.635018482804298401e-02,-2.909575402736663818e-02,-1.224974617362022400e-01,-3.103638291358947754e-01,2.595686316490173340e-01,1.054286956787109375e+00,6.151988729834556580e-02,3.789158165454864502e-02,2.346121892333030701e-02
1.599209755659103394e-01,-1.341216862201690674e-01,6.787062883377075195e-01,1.528810709714889526e-02,3.366165980696678162e-02,-2.360278069972991943e-01,9.710427522659301758e-01,1.179072633385658264e-01,-2.923437580466270447e-02,-8.043418079614639282e-02,5.565309524536132812e-01,-7.184788584709167480e-01,8.685946464538574219e-02,-7.218645811080932617e-01,-1.914716660976409912e-01,-1.390590369701385498e-01,7.365153431892395020e-01,-3.502264022827148438e-01,1.600565463304519653e-01,-1.845874041318893433e-01,3.183928877115249634e-02,2.519154250621795654e-01,-2.415805011987686157e-01,3.021230995655059814e-01,-3.723086714744567871e-01,1.098441123962402344e+00,4.095203056931495667e-02,-5.337025970220565796e-02,-2.022120915353298187e-02,-1.181024536490440369e-01,-3.295088410377502441e-01,2.514461874961853027e-01,1.014818429946899414e+00,8.892807364463806152e-02,4.081352055072784424e-02,9.581908583641052246e-03
1.704222708940505981e-01,-1.505670398473739624e-01,6.768239736557006836e-01,1.835191622376441956e-02,3.783636167645454407e-02,-2.342667579650878906e-01,9.712624549865722656e-01,1.112077161669731140e-01,-1.891186460852622986e-02,-7.734484970569610596e-02,6.092321872711181641e-01,-6.839857101440429688e-01,6.441351026296615601e-02,-7.290223836898803711e-01,-1.824359297752380371e-01,-1.336578428745269775e-01,7.777389287948608398e-01,-3.505092859268188477e-01,1.494705975055694580e-01,-1.955592781305313110e-01,3.515977412462234497e-02,2.537809312343597412e-01,-2.563817799091339111e-01,3.075296580791473389e-01,-3.760815262794494629e-01,1.067843198776245117e+00,1.054435409605503082e-02,-6.213905662298202515e-02,-7.780996616929769516e-03,-1.045237854123115540e-01,-3.349643349647521973e-01,2.466637790203094482e-01,9.907399415969848633e-01,1.053288057446479797e-01,3.480210527777671814e-02,4.441283526830375195e-04
1.820370852947235107e-01,-1.686417311429977417e-01,6.820339560508728027e-01,1.236439961940050125e-02,5.020235106348991394e-02,-2.346582263708114624e-01,9.707019925117492676e-01,1.063544154167175293e-01,5.130153615027666092e-03,-9.817703813314437866e-02,6.605268716812133789e-01,-6.126379370689392090e-01,2.087186463177204132e-02,-7.076432704925537109e-01,-1.464877575635910034e-01,-1.529772579669952393e-01,7.590432167053222656e-01,-3.400716781616210938e-01,1.363137811422348022e-01,-2.103832662105560303e-01,6.029255315661430359e-02,2.594588994979858398e-01,-2.797596454620361328e-01,3.273152112960815430e-01,-3.802735805511474609e-01,1.022096991539001465e+00,-4.766057059168815613e-02,-6.018265709280967712e-02,-5.917715025134384632e-04,-9.088225662708282471e-02,-3.507945537567138672e-01,2.397863268852233887e-01,9.393523931503295898e-01,1.468335539102554321e-01,3.575623780488967896e-02,-1.283398456871509552e-02
1.914118826389312744e-01,-1.844699978828430176e-01,6.857731938362121582e-01,1.448792219161987305e-02,5.581406131386756897e-02,-2.390245944261550903e-01,9.692997932434082031e-01,9.764007478952407837e-02,1.733010821044445038e-02,-8.752212673425674438e-02,7.792501449584960938e-01,-5.499953627586364746e-01,-1.694596558809280396e-02,-7.107558250427246094e-01,-1.273430287837982178e-01,-1.517579704523086548e-01,7.882715463638305664e-01,-3.475785851478576660e-01,1.194051504135131836e-01,-2.191919982433319092e-01,6.726860255002975464e-02,2.598590254783630371e-01,-2.861224412918090820e-01,3.392961025238037109e-01,-3.744283914566040039e-01,9.945057034492492676e-01,-8.118218183517456055e-02,-6.410162895917892456e-02,6.286080460995435715e-03,-7.314775139093399048e-02,-3.558804988861083984e-01,2.297577410936355591e-01,9.114343523979187012e-01,1.624706089496612549e-01,3.065991215407848358e-02,-1.661022007465362549e-02
2.001788765192031860e-01,-1.999388933181762695e-01,6.878399252891540527e-01,1.299317087978124619e-02,6.039515137672424316e-02,-2.426287084817886353e-01,9.681502580642700195e-01,8.246779441833496094e-02,4.609460383653640747e-02,-6.237538903951644897e-02,9.295678734779357910e-01,-4.938789010047912598e-01,-3.771882876753807068e-02,-7.061669230461120605e-01,-1.022576242685317993e-01,-1.561098992824554443e-01,8.122811317443847656e-01,-3.606468439102172852e-01,9.908374398946762085e-02,-2.333136051893234253e-01,7.626307010650634766e-02,2.588913440704345703e-01,-2.876115739345550537e-01,3.602505922317504883e-01,-3.710088133811950684e-01,9.688280820846557617e-01,-1.188863515853881836e-01,-6.646186113357543945e-02,8.818333037197589874e-03,-5.483130738139152527e-02,-3.639334738254547119e-01,2.202648371458053589e-01,8.775460124015808105e-01,1.883423477411270142e-01,2.604303881525993347e-02,-2.219749242067337036e-02
2.081933617591857910e-01,-2.145990878343582153e-01,6.878568530082702637e-01,9.775221347808837891e-03,6.143399327993392944e-02,-2.477564066648483276e-01,9.668231606483459473e-01,6.879282742738723755e-02,7.914383709430694580e-02,-3.952206298708915710e-02,1.107277512550354004e+00,-4.511488676071166992e-01,-4.604301229119300842e-02,-6.998774409294128418e-01,-7.397468388080596924e-02,-1.592735797166824341e-01,8.468463420867919922e-01,-3.943528831005096436e-01,6.504438817501068115e-02,-2.460982650518417358e-01,8.663535118103027344e-02,2.553767859935760498e-01,-2.788404822349548340e-01,3.801403939723968506e-01,-3.640247285366058350e-01,9.470584988594055176e-01,-1.435758620500564575e-01,-6.021373346447944641e-02,5.359250586479902267e-03,-3.824221342802047729e-02,-3.708767890930175781e-01,2.161303162574768066e-01,8.459409475326538086e-01,2.092535942792892456e-01,2.338555082678794861e-02,-2.598891220986843109e-02
2.164447605609893799e-01,-2.287996411323547363e-01,6.847796440124511719e-01,6.232743151485919952e-03,6.107413768768310547e-02,-2.558648288249969482e-01,9.647612571716308594e-01,6.791042536497116089e-02,1.011055037379264832e-01,-1.941384561359882355e-02,1.267697572708129883e+00,-4.329863786697387695e-01,-3.765474632382392883e-02,-7.056059241294860840e-01,-4.421856626868247986e-02,-1.549195200204849243e-01,9.059837460517883301e-01,-4.444772005081176758e-01,2.670171111822128296e-02,-2.497700005769729614e-01,9.123532474040985107e-02,2.451148033142089844e-01,-2.573261857032775879e-01,3.859925270080566406e-01,-3.565000891685485840e-01,9.405665397644042969e-01,-1.527267992496490479e-01,-5.480737984180450439e-02,9.279103949666023254e-03,-2.069426514208316803e-02,-3.722475767135620117e-01,2.131904810667037964e-01,8.264339566230773926e-01,2.225334495306015015e-01,1.699200272560119629e-02,-3.110470809042453766e-02
2.238421738147735596e-01,-2.421492338180541992e-01,6.815687417984008789e-01,4.639206919819116592e-03,5.865596979856491089e-02,-2.619819939136505127e-01,9.632773995399475098e-01,5.680201947689056396e-02,1.168042197823524475e-01,-9.801556356251239777e-03,1.430555939674377441e+00,-4.200200140476226807e-01,-1.890455931425094604e-02,-6.922609806060791016e-01,-1.662065275013446808e-02,-1.501248329877853394e-01,9.367986917495727539e-01,-5.016145706176757812e-01,-1.077266968786716461e-02,-2.611935138702392578e-01,8.838050067424774170e-02,2.433842122554779053e-01,-2.459011673927307129e-01,4.076710641384124756e-01,-3.417570888996124268e-01,9.429754614830017090e-01,-1.610672026872634888e-01,-3.706766664981842041e-02,-3.299105446785688400e-03,-1.734945178031921387e-02,-3.865802884101867676e-01,2.091120779514312744e-01,8.083602190017700195e-01,2.383559942245483398e-01,1.870574243366718292e-02,-2.264715172350406647e-02
2.307803928852081299e-01,-2.542991042137145996e-01,6.773941516876220703e-01,3.383056726306676865e-03,5.030927434563636780e-02,-2.694945037364959717e-01,9.616809487342834473e-01,4.429100453853607178e-02,1.182141676545143127e-01,-6.960882456041872501e-04,1.560175061225891113e+00,-4.285015165805816650e-01,1.033465843647718430e-02,-6.694558262825012207e-01,6.366927176713943481e-03,-1.399266868829727173e-01,9.680916070938110352e-01,-5.585474967956542969e-01,-3.961955010890960693e-02,-2.682311534881591797e-01,7.593004405498504639e-02,2.455009967088699341e-01,-2.405443936586380005e-01,4.196512997150421143e-01,-3.275678157806396484e-01,9.733011722564697266e-01,-1.518613696098327637e-01,-2.163226343691349030e-02,-1.360269542783498764e-02,-2.569746412336826324e-02,-3.989443182945251465e-01,2.059323340654373169e-01,8.091489672660827637e-01,2.311815321445465088e-01,2.463048137724399567e-02,-1.143540348857641220e-02
2.371725887060165405e-01,-2.650905251502990723e-01,6.738378405570983887e-01,1.146135036833584309e-03,4.086479917168617249e-02,-2.787607312202453613e-01,9.594900608062744141e-01,1.578655466437339783e-02,1.099810451269149780e-01,4.990906454622745514e-03,1.652248144149780273e+00,-4.518794417381286621e-01,3.917137533426284790e-02,-6.434586644172668457e-01,3.231998160481452942e-02,-1.254746019840240479e-01,9.940323829650878906e-01,-6.047386527061462402e-01,-5.974024534225463867e-02,-2.635781466960906982e-01,6.048593297600746155e-02,2.499493956565856934e-01,-2.327439934015274048e-01,4.146881699562072754e-01,-3.080339431762695312e-01,1.023176550865173340e+00,-1.271857619285583496e-01,-9.920857846736907959e-03,-2.081441506743431091e-02,-3.615749627351760864e-02,-4.049324393272399902e-01,2.102754116058349609e-01,8.261093497276306152e-01,2.041497379541397095e-01,2.534347772598266602e-02,-2.918031532317399979e-03
2.428879588842391968e-01,-2.746371626853942871e-01,6.716341376304626465e-01,-3.542596008628606796e-03,3.338392451405525208e-02,-2.912002503871917725e-01,9.560729265213012695e-01,-4.045762866735458374e-02,1.107712388038635254e-01,1.010381523519754410e-02,1.699571132659912109e+00,-4.964829683303833008e-01,7.240839302539825439e-02,-6.168819069862365723e-01,6.630619615316390991e-02,-1.108301132917404175e-01,1.005871534347534180e+00,-6.316395401954650879e-01,-6.951398402452468872e-02,-2.463086843490600586e-01,5.139778926968574524e-02,2.539206445217132568e-01,-2.192541360855102539e-01,4.024453759193420410e-01,-2.931641042232513428e-01,1.080955386161804199e+00,-9.632489085197448730e-02,-2.832924248650670052e-03,-1.338671799749135971e-02,-4.112272337079048157e-02,-4.075618684291839600e-01,2.162190675735473633e-01,8.407474160194396973e-01,1.808432340621948242e-01,2.347863465547561646e-02,1.506894477643072605e-03
2.478815764188766479e-01,-2.831546962261199951e-01,6.716445684432983398e-01,-5.876230075955390930e-03,2.262471802532672882e-02,-3.052911758422851562e-01,9.519721269607543945e-01,-1.290624886751174927e-01,1.142011955380439758e-01,1.479779090732336044e-02,1.690913081169128418e+00,-5.572051405906677246e-01,1.085624098777770996e-01,-5.793741345405578613e-01,9.241323173046112061e-02,-9.290981292724609375e-02,1.004226088523864746e+00,-6.485391259193420410e-01,-7.251692563295364380e-02,-2.221238315105438232e-01,4.297881945967674255e-02,2.579893767833709717e-01,-2.058325111865997314e-01,3.838590085506439209e-01,-2.741079330444335938e-01,1.139689087867736816e+00,-7.289823889732360840e-02,2.801098162308335304e-03,-1.212389022111892700e-02,-4.973362013697624207e-02,-4.076800048351287842e-01,2.281573563814163208e-01,8.630180358886718750e-01,1.599866151809692383e-01,2.320444583892822266e-02,1.114005316048860550e-02
2.524325549602508545e-01,-2.910239398479461670e-01,6.746364235877990723e-01,-6.152043584734201431e-03,1.374697592109441757e-02,-3.207776546478271484e-01,9.470347762107849121e-01,-2.372675389051437378e-01,1.166809648275375366e-01,1.715113222599029541e-02,1.620690345764160156e+00,-6.255656480789184570e-01,1.483844518661499023e-01,-5.374208688735961914e-01,1.155746281147003174e-01,-6.981157511472702026e-02,9.815762639045715332e-01,-6.508021354675292969e-01,-6.330282986164093018e-02,-1.917913854122161865e-01,3.498151525855064392e-02,2.651703953742980957e-01,-1.895196735858917236e-01,3.677951991558074951e-01,-2.578588426113128662e-01,1.188937783241271973e+00,-4.899687692523002625e-02,4.688716959208250046e-03,-8.180703036487102509e-03,-6.138769537210464478e-02,-4.052632749080657959e-01,2.405242025852203369e-01,8.850712180137634277e-01,1.440674662590026855e-01,2.414717152714729309e-02,1.717662997543811798e-02
2.566217780113220215e-01,-2.987162470817565918e-01,6.787472367286682129e-01,-4.557935986667871475e-03,4.609289462678134441e-04,-3.356840610504150391e-01,9.419634938240051270e-01,-3.440822362899780273e-01,1.093754693865776062e-01,1.800358854234218597e-02,1.480495810508728027e+00,-6.879687309265136719e-01,1.784249544143676758e-01,-4.849733114242553711e-01,1.293618977069854736e-01,-4.197319969534873962e-02,9.550527930259704590e-01,-6.489614248275756836e-01,-4.735542088747024536e-02,-1.538653224706649780e-01,2.664720825850963593e-02,2.715896666049957275e-01,-1.689006388187408447e-01,3.494732379913330078e-01,-2.438054531812667847e-01,1.226689577102661133e+00,-4.679080843925476074e-02,1.524644205346703529e-03,-2.120054792612791061e-03,-6.996291875839233398e-02,-4.051267504692077637e-01,2.559165656566619873e-01,9.059451222419738770e-01,1.412161886692047119e-01,2.218206413090229034e-02,2.845984324812889099e-02
2.601613402366638184e-01,-3.064737915992736816e-01,6.844569444656372070e-01,9.093231637962162495e-04,-1.562240906059741974e-02,-3.464878797531127930e-01,9.379239082336425781e-01,-4.464778304100036621e-01,7.932930439710617065e-02,5.951397120952606201e-03,1.284532070159912109e+00,-7.222924232482910156e-01,1.930931657552719116e-01,-4.277268052101135254e-01,1.288277804851531982e-01,-1.014607120305299759e-02,9.274068474769592285e-01,-6.427701711654663086e-01,-2.792824618518352509e-02,-1.205605491995811462e-01,9.452269412577152252e-03,2.831949591636657715e-01,-1.490123271942138672e-01,3.359774649143218994e-01,-2.222276628017425537e-01,1.255933403968811035e+00,-5.589418113231658936e-02,-3.422717796638607979e-03,8.224244811572134495e-04,-8.324748277664184570e-02,-4.050188362598419189e-01,2.688350379467010498e-01,9.273492097854614258e-01,1.411196589469909668e-01,2.026160061359405518e-02,5.058880522847175598e-02
2.622459828853607178e-01,-3.137653768062591553e-01,6.910350322723388672e-01,9.636241011321544647e-03,-3.106058388948440552e-02,-3.527484834194183350e-01,9.351528882980346680e-01,-5.366485118865966797e-01,1.960096880793571472e-02,-1.849167048931121826e-02,1.059147357940673828e+00,-6.984571814537048340e-01,1.802562177181243896e-01,-3.760455250740051270e-01,1.149135380983352661e-01,1.779483817517757416e-02,9.002501964569091797e-01,-6.346851587295532227e-01,-3.693383419886231422e-03,-9.784369915723800659e-02,-1.710839755833148956e-02,2.982402741909027100e-01,-1.335522234439849854e-01,3.255713880062103271e-01,-2.130316942930221558e-01,1.276793241500854492e+00,-6.034806370735168457e-02,-1.023792941123247147e-02,-3.572505374904721975e-04,-1.015070900321006775e-01,-4.060129821300506592e-01,2.833207547664642334e-01,9.483672976493835449e-01,1.471446901559829712e-01,1.591681502759456635e-02,7.051769644021987915e-02
2.625753581523895264e-01,-3.204417228698730469e-01,6.999352574348449707e-01,3.221890702843666077e-02,-3.268893435597419739e-02,-3.477835953235626221e-01,9.364507198333740234e-01,-6.412101387977600098e-01,-3.028507903218269348e-02,-1.679619774222373962e-02,8.339602351188659668e-01,-6.244753599166870117e-01,1.519715934991836548e-01,-3.580245971679687500e-01,7.016337662935256958e-02,3.471535816788673401e-02,8.606830835342407227e-01,-6.319555044174194336e-01,1.069788541644811630e-02,-8.464016765356063843e-02,-4.917638003826141357e-02,3.030892610549926758e-01,-1.212437748908996582e-01,3.280502259731292725e-01,-2.171377241611480713e-01,1.288115143775939941e+00,-5.650229007005691528e-02,-1.712778955698013306e-02,-3.107345430180430412e-03,-1.214450076222419739e-01,-4.099375009536743164e-01,3.045090138912200928e-01,9.575556516647338867e-01,1.438145488500595093e-01,1.461883261799812317e-02,8.164430409669876099e-02
2.613418996334075928e-01,-3.251183331012725830e-01,7.053321003913879395e-01,4.729713127017021179e-02,-3.782289475202560425e-02,-3.435264825820922852e-01,9.371883273124694824e-01,-7.549719810485839844e-01,-6.893447041511535645e-02,-1.544282585382461548e-02,6.448494791984558105e-01,-5.543662905693054199e-01,1.186500266194343567e-01,-3.391112387180328369e-01,3.566547483205795288e-02,4.208111763000488281e-02,8.342360854148864746e-01,-6.316850781440734863e-01,2.497181855142116547e-02,-7.001622021198272705e-02,-7.120306789875030518e-02,3.102159500122070312e-01,-1.060711890459060669e-01,3.263612389564514160e-01,-2.128480821847915649e-01,1.293214082717895508e+00,-5.103874579071998596e-02,-2.088028937578201294e-02,-1.150519214570522308e-02,-1.408313959836959839e-01,-4.130768775939941406e-01,3.274886310100555420e-01,9.675404429435729980e-01,1.363475769758224487e-01,8.600687608122825623e-03,7.971878349781036377e-02
2.604100406169891357e-01,-3.288234770298004150e-01,7.094872593879699707e-01,5.580138415098190308e-02,-4.184757545590400696e-02,-3.462700843811035156e-01,9.355383515357971191e-01,-8.446482419967651367e-01,-8.476692438125610352e-02,-1.028740871697664261e-02,5.032121539115905762e-01,-4.955648481845855713e-01,9.728997200727462769e-02,-3.187849223613739014e-01,2.011553570628166199e-02,5.268109962344169617e-02,8.052911162376403809e-01,-6.224554181098937988e-01,4.289149120450019836e-02,-4.531478881835937500e-02,-8.549560606479644775e-02,3.198132514953613281e-01,-8.697286248207092285e-02,3.255089819431304932e-01,-2.109096795320510864e-01,1.300375461578369141e+00,-3.739187121391296387e-02,-2.127071097493171692e-02,-1.575876958668231964e-02,-1.584527492523193359e-01,-4.134238362312316895e-01,3.456859886646270752e-01,9.664366841316223145e-01,1.140754446387290955e-01,4.069204907864332199e-03,7.185563445091247559e-02
2.599075734615325928e-01,-3.320347368717193604e-01,7.091805338859558105e-01,6.236986815929412842e-02,-5.744969844818115234e-02,-3.507795035839080811e-01,9.326109886169433594e-01,-9.585026502609252930e-01,-8.747228980064392090e-02,-6.249430123716592789e-03,4.916062057018280029e-01,-4.723017811775207520e-01,7.704126834869384766e-02,-2.928495705127716064e-01,-8.770136628299951553e-04,6.198689341545104980e-02,8.166719675064086914e-01,-6.391147375106811523e-01,5.410820990800857544e-02,-2.031385898590087891e-02,-8.937418460845947266e-02,3.352959454059600830e-01,-6.263096630573272705e-02,3.206944167613983154e-01,-2.184452712535858154e-01,1.304003953933715820e+00,-2.165540121495723724e-02,-2.580412104725837708e-02,-1.437757257372140884e-02,-1.753043383359909058e-01,-4.167444407939910889e-01,3.656413257122039795e-01,9.544827342033386230e-01,9.441231936216354370e-02,2.086254389723762870e-04,5.921196937561035156e-02
2.604962587356567383e-01,-3.350021839141845703e-01,7.093319892883300781e-01,6.751218438148498535e-02,-7.057972997426986694e-02,-3.580860197544097900e-01,9.285660982131958008e-01,-1.045618653297424316e+00,-8.611590415239334106e-02,-3.001890378072857857e-03,4.969535470008850098e-01,-4.558615982532501221e-01,6.631489098072052002e-02,-2.667922675609588623e-01,-1.563373766839504242e-02,7.622716575860977173e-02,8.212869763374328613e-01,-6.489745378494262695e-01,6.533654034137725830e-02,4.705091472715139389e-03,-9.616540372371673584e-02,3.501195609569549561e-01,-4.738736525177955627e-02,3.200712800025939941e-01,-2.184584438800811768e-01,1.308456182479858398e+00,-8.753609843552112579e-03,-3.093277849256992340e-02,-1.666694693267345428e-02,-1.997292488813400269e-01,-4.171327054500579834e-01,3.821555972099304199e-01,9.384647607803344727e-01,7.873228192329406738e-02,-3.355829278007149696e-03,4.326482117176055908e-02
2.616042494773864746e-01,-3.375229835510253906e-01,7.091184258460998535e-01,7.103298604488372803e-02,-8.554095029830932617e-02,-3.657329380512237549e-01,9.240543842315673828e-01,-1.123482227325439453e+00,-7.777529209852218628e-02,2.201107097789645195e-03,5.409626960754394531e-01,-4.343367516994476318e-01,5.698604509234428406e-02,-2.369166314601898193e-01,-3.004505671560764313e-02,9.010581672191619873e-02,8.277664780616760254e-01,-6.602253913879394531e-01,7.531394809484481812e-02,2.808327227830886841e-02,-1.034860163927078247e-01,3.656730055809020996e-01,-3.625329211354255676e-02,3.202181458473205566e-01,-2.204421311616897583e-01,1.315534710884094238e+00,2.220260648755356669e-04,-3.041911683976650238e-02,-1.813603751361370087e-02,-2.225868105888366699e-01,-4.167612791061401367e-01,4.024741649627685547e-01,9.221418499946594238e-01,6.642686575651168823e-02,-2.752653323113918304e-03,3.087519481778144836e-02
2.630219757556915283e-01,-3.392723798751831055e-01,7.079744338989257812e-01,7.423403859138488770e-02,-9.848593175411224365e-02,-3.708743155002593994e-01,9.204575419425964355e-01,-1.184590697288513184e+00,-7.167559117078781128e-02,9.322034195065498352e-03,5.890229940414428711e-01,-4.208550155162811279e-01,5.199609324336051941e-02,-2.195595055818557739e-01,-4.540554806590080261e-02,9.898979216814041138e-02,8.485494852066040039e-01,-6.738267540931701660e-01,8.357098698616027832e-02,3.989138826727867126e-02,-1.087979152798652649e-01,3.735996782779693604e-01,-2.171562053263187408e-02,3.183016777038574219e-01,-2.241342961788177490e-01,1.324804663658142090e+00,3.651854349300265312e-03,-2.956026792526245117e-02,-1.651236787438392639e-02,-2.383521348237991333e-01,-4.135818183422088623e-01,4.211098551750183105e-01,9.084952473640441895e-01,5.300096422433853149e-02,-6.178732495754957199e-03,2.383926697075366974e-02
2.651737034320831299e-01,-3.409256935119628906e-01,7.099651694297790527e-01,7.341235131025314331e-02,-1.155102029442787170e-01,-3.823830187320709229e-01,9.138113856315612793e-01,-1.191043019294738770e+00,-5.370581895112991333e-02,1.744647137820720673e-02,6.284349560737609863e-01,-4.253020286560058594e-01,5.027934536337852478e-02,-1.653734296560287476e-01,-5.418608710169792175e-02,1.179381236433982849e-01,8.237289786338806152e-01,-6.730924844741821289e-01,9.122776985168457031e-02,6.158510968089103699e-02,-1.167698949575424194e-01,3.989278972148895264e-01,-2.063399553298950195e-02,3.285389244556427002e-01,-2.218198776245117188e-01,1.334084630012512207e+00,4.781529307365417480e-03,-3.061012364923954010e-02,-1.649172231554985046e-02,-2.677176296710968018e-01,-4.109725356101989746e-01,4.397149682044982910e-01,8.964092731475830078e-01,4.122550040483474731e-02,-8.393737487494945526e-03,1.995575428009033203e-02
2.674835324287414551e-01,-3.414437174797058105e-01,7.074787616729736328e-01,7.401980459690093994e-02,-1.246232315897941589e-01,-3.833755850791931152e-01,9.121476411819458008e-01,-1.213224053382873535e+00,-5.352399125695228577e-02,2.508075162768363953e-02,6.707549691200256348e-01,-4.188801944255828857e-01,4.905491694808006287e-02,-1.597414612770080566e-01,-6.572420150041580200e-02,1.186656579375267029e-01,8.552971482276916504e-01,-6.921465396881103516e-01,9.278352558612823486e-02,5.891402438282966614e-02,-1.206066831946372986e-01,3.932918608188629150e-01,-2.147317118942737579e-02,3.310534358024597168e-01,-2.292397916316986084e-01,1.333248138427734375e+00,6.812931504100561142e-03,-3.185021132230758667e-02,-1.054459437727928162e-02,-2.778292000293731689e-01,-4.068566858768463135e-01,4.603725671768188477e-01,8.860799670219421387e-01,2.606561034917831421e-02,-1.331458613276481628e-02,1.722267456352710724e-02
2.699725925922393799e-01,-3.416931331157684326e-01,7.093103528022766113e-01,7.321786880493164062e-02,-1.341432332992553711e-01,-3.895053267478942871e-01,9.082567691802978516e-01,-1.175845146179199219e+00,-4.527372866868972778e-02,3.532865643501281738e-02,6.691818833351135254e-01,-4.197996556758880615e-01,4.899206757545471191e-02,-1.240819543600082397e-01,-7.303252816200256348e-02,1.315081566572189331e-01,8.329206109046936035e-01,-6.914981603622436523e-01,9.628980606794357300e-02,6.719503551721572876e-02,-1.286854147911071777e-01,4.004914760589599609e-01,-4.111395776271820068e-02,3.422188758850097656e-01,-2.302058488130569458e-01,1.325535416603088379e+00,7.061772979795932770e-03,-3.189101442694664001e-02,-8.996916934847831726e-03,-3.004892170429229736e-01,-4.028726518154144287e-01,4.778639674186706543e-01,8.783373236656188965e-01,9.316666051745414734e-03,-1.595271378755569458e-02,2.464815042912960052e-02
2.736986279487609863e-01,-3.414805829524993896e-01,7.063850760459899902e-01,7.184262573719024658e-02,-1.363008022308349609e-01,-3.870580494403839111e-01,9.090911746025085449e-01,-1.163810849189758301e+00,-5.084080249071121216e-02,4.012193530797958374e-02,7.023175954818725586e-01,-4.294382929801940918e-01,4.925002530217170715e-02,-1.297952830791473389e-01,-7.822033017873764038e-02,1.249901875853538513e-01,8.634121417999267578e-01,-7.105954289436340332e-01,9.562995284795761108e-02,5.577108636498451233e-02,-1.289470642805099487e-01,3.833315670490264893e-01,-5.285347253084182739e-02,3.436450362205505371e-01,-2.355294078588485718e-01,1.312428474426269531e+00,4.988620989024639130e-03,-3.525863215327262878e-02,3.580996708478778601e-04,-3.035396933555603027e-01,-3.953844308853149414e-01,4.947802722454071045e-01,8.732107281684875488e-01,-6.172060500830411911e-03,-1.963793486356735229e-02,2.676496654748916626e-02
2.772213816642761230e-01,-3.410070538520812988e-01,7.092050313949584961e-01,6.938315927982330322e-02,-1.368091404438018799e-01,-3.903921842575073242e-01,9.077792763710021973e-01,-1.084288477897644043e+00,-4.453181475400924683e-02,4.767819866538047791e-02,6.716545820236206055e-01,-4.363313019275665283e-01,5.169377103447914124e-02,-1.076341718435287476e-01,-7.806231826543807983e-02,1.298085004091262817e-01,8.324964046478271484e-01,-7.017719745635986328e-01,9.402382373809814453e-02,5.809868499636650085e-02,-1.286472380161285400e-01,3.786690533161163330e-01,-8.060334622859954834e-02,3.547595739364624023e-01,-2.382594645023345947e-01,1.290259599685668945e+00,3.437751205638051033e-03,-3.634983301162719727e-02,4.736416507512331009e-03,-3.217853307723999023e-01,-3.925057351589202881e-01,5.077908635139465332e-01,8.744282722473144531e-01,-1.777810044586658478e-02,-2.227628603577613831e-02,3.713194653391838074e-02
2.827489376068115234e-01,-3.403176069259643555e-01,7.065916657447814941e-01,6.629686057567596436e-02,-1.296878308057785034e-01,-3.834265470504760742e-01,9.120141863822937012e-01,-1.047365903854370117e+00,-5.194061994552612305e-02,5.357449129223823547e-02,7.035884857177734375e-01,-4.593147337436676025e-01,5.774511769413948059e-02,-1.267658025026321411e-01,-7.576303184032440186e-02,1.159271076321601868e-01,8.582524061203002930e-01,-7.152401804924011230e-01,9.185893833637237549e-02,3.917470201849937439e-02,-1.243938654661178589e-01,3.523506522178649902e-01,-9.863431751728057861e-02,3.550244271755218506e-01,-2.474778592586517334e-01,1.267655372619628906e+00,6.131097208708524704e-03,-4.368269816040992737e-02,1.384796295315027237e-02,-3.172948360443115234e-01,-3.832482397556304932e-01,5.185371041297912598e-01,8.752718567848205566e-01,-2.851801738142967224e-02,-2.536382339894771576e-02,4.454531148076057434e-02
2.882094979286193848e-01,-3.397151529788970947e-01,7.107722163200378418e-01,5.874777212738990784e-02,-1.209532096982002258e-01,-3.848197162151336670e-01,9.131444692611694336e-01,-9.394257068634033203e-01,-3.934108093380928040e-02,5.120041966438293457e-02,6.677477955818176270e-01,-4.711332619190216064e-01,6.120044365525245667e-02,-1.068224757909774780e-01,-5.837028846144676208e-02,1.168596670031547546e-01,8.049641847610473633e-01,-6.940649747848510742e-01,8.805086463689804077e-02,4.199895262718200684e-02,-1.106906086206436157e-01,3.390148580074310303e-01,-1.280098259449005127e-01,3.640291094779968262e-01,-2.552469670772552490e-01,1.235926866531372070e+00,1.211174391210079193e-02,-4.436258971691131592e-02,1.542475447058677673e-02,-3.285461664199829102e-01,-3.789235651493072510e-01,5.224615335464477539e-01,8.833146095275878906e-01,-3.648588433861732483e-02,-2.720911614596843719e-02,6.121340021491050720e-02
2.951261699199676514e-01,-3.383011817932128906e-01,7.076585292816162109e-01,5.585945397615432739e-02,-1.127821952104568481e-01,-3.758988976478576660e-01,9.180740118026733398e-01,-8.923490643501281738e-01,-4.395619034767150879e-02,5.422823131084442139e-02,7.175313234329223633e-01,-4.955297410488128662e-01,6.696142256259918213e-02,-1.281541883945465088e-01,-5.848808214068412781e-02,1.017212718725204468e-01,8.332799673080444336e-01,-7.116349935531616211e-01,8.128596842288970947e-02,2.003102563321590424e-02,-1.053750589489936829e-01,3.100645542144775391e-01,-1.457379758358001709e-01,3.607832491397857666e-01,-2.652786076068878174e-01,1.210225462913513184e+00,1.518897805362939835e-02,-5.326684191823005676e-02,2.222330681979656219e-02,-3.211613297462463379e-01,-3.647565245628356934e-01,5.309398174285888672e-01,8.913909196853637695e-01,-4.775881767272949219e-02,-2.625904232263565063e-02,6.670972704887390137e-02
3.025727570056915283e-01,-3.373853564262390137e-01,7.109140157699584961e-01,4.480095952749252319e-02,-1.052676364779472351e-01,-3.772947192192077637e-01,9.189996123313903809e-01,-7.801109552383422852e-01,-2.491503953933715820e-02,5.004302039742469788e-02,7.078882455825805664e-01,-5.056633353233337402e-01,7.041852921247482300e-02,-1.032157912850379944e-01,-3.608513996005058289e-02,1.026270464062690735e-01,7.845959663391113281e-01,-6.916344165802001953e-01,7.411722093820571899e-02,2.093305438756942749e-02,-8.786405622959136963e-02,2.989969551563262939e-01,-1.726520210504531860e-01,3.660078346729278564e-01,-2.718892395496368408e-01,1.178408741950988770e+00,2.790588885545730591e-02,-5.480966717004776001e-02,2.178931236267089844e-02,-3.309128284454345703e-01,-3.525722920894622803e-01,5.305813550949096680e-01,9.101317524909973145e-01,-5.429649353027343750e-02,-2.850195951759815216e-02,8.405689150094985962e-02
3.101267814636230469e-01,-3.349215090274810791e-01,7.076448798179626465e-01,3.910392895340919495e-02,-9.607946872711181641e-02,-3.681681752204895020e-01,9.239544272422790527e-01,-7.221576571464538574e-01,-2.469575405120849609e-02,5.262118205428123474e-02,7.702569365501403809e-01,-5.251691937446594238e-01,7.943259924650192261e-02,-1.222567036747932434e-01,-2.910222671926021576e-02,9.147423505783081055e-02,8.080878257751464844e-01,-7.050037384033203125e-01,7.401578128337860107e-02,8.246733923442661762e-04,-8.404667675495147705e-02,2.734621167182922363e-01,-1.860645562410354614e-01,3.569177389144897461e-01,-2.867222130298614502e-01,1.152365922927856445e+00,3.906567767262458801e-02,-6.151593849062919617e-02,2.450696006417274475e-02,-3.178954720497131348e-01,-3.361222147941589355e-01,5.334435701370239258e-01,9.253939390182495117e-01,-5.961463972926139832e-02,-2.487656660377979279e-02,9.276790916919708252e-02
3.186150193214416504e-01,-3.334039449691772461e-01,7.106208801269531250e-01,2.424990944564342499e-02,-8.932901918888092041e-02,-3.692361414432525635e-01,9.247145056724548340e-01,-6.133200526237487793e-01,9.746406227350234985e-03,5.127224326133728027e-02,7.834479212760925293e-01,-5.407280325889587402e-01,8.191540092229843140e-02,-8.519738167524337769e-02,-1.948320190422236919e-03,9.037143737077713013e-02,7.441740036010742188e-01,-6.813266873359680176e-01,6.783952564001083374e-02,5.320373922586441040e-03,-6.197800859808921814e-02,2.657353281974792480e-01,-2.075661271810531616e-01,3.545328378677368164e-01,-2.996956706047058105e-01,1.126827716827392578e+00,5.261033400893211365e-02,-5.840910598635673523e-02,1.660804450511932373e-02,-3.180853724479675293e-01,-3.236070275306701660e-01,5.233587622642517090e-01,9.518198966979980469e-01,-6.227180361747741699e-02,-2.265932969748973846e-02,1.107721999287605286e-01
3.254252374172210693e-01,-3.298315703868865967e-01,7.075818181037902832e-01,1.707501709461212158e-02,-8.248325437307357788e-02,-3.619044721126556396e-01,9.284018874168395996e-01,-5.555878281593322754e-01,2.571819722652435303e-02,5.487100407481193542e-02,8.489013314247131348e-01,-5.576138496398925781e-01,8.876700699329376221e-02,-9.783992171287536621e-02,5.159127991646528244e-03,7.822095602750778198e-02,7.619479298591613770e-01,-6.912255287170410156e-01,6.789674609899520874e-02,-1.319551095366477966e-02,-5.728894844651222229e-02,2.468501925468444824e-01,-2.143603414297103882e-01,3.391288816928863525e-01,-3.166545331478118896e-01,1.108998060226440430e+00,6.628789007663726807e-02,-6.246821582317352295e-02,1.302423886954784393e-02,-2.992470264434814453e-01,-3.094708621501922607e-01,5.179866552352905273e-01,9.692927002906799316e-01,-6.220940127968788147e-02,-1.745834201574325562e-02,1.172658205032348633e-01
3.335346281528472900e-01,-3.276256918907165527e-01,7.102493643760681152e-01,3.905752673745155334e-04,-7.622457295656204224e-02,-3.608539104461669922e-01,9.295020699501037598e-01,-4.570295214653015137e-01,7.062469422817230225e-02,5.057380348443984985e-02,8.608379960060119629e-01,-5.742465257644653320e-01,9.051091223955154419e-02,-5.400840193033218384e-02,3.300230577588081360e-02,7.129669189453125000e-02,6.860394477844238281e-01,-6.612449884414672852e-01,6.039347127079963684e-02,-1.021628640592098236e-02,-3.106757439672946930e-02,2.408241629600524902e-01,-2.278585731983184814e-01,3.272311687469482422e-01,-3.345899879932403564e-01,1.087631464004516602e+00,7.963655143976211548e-02,-6.019532680511474609e-02,1.643252617213875055e-04,-2.892214655876159668e-01,-3.026181161403656006e-01,4.993446469306945801e-01,9.962026476860046387e-01,-6.543276458978652954e-02,-1.270088274031877518e-02,1.320351213216781616e-01
3.390949666500091553e-01,-3.233016729354858398e-01,7.081885933876037598e-01,-5.799096077680587769e-03,-7.077341526746749878e-02,-3.517393171787261963e-01,9.334007501602172852e-01,-4.088636934757232666e-01,9.821498394012451172e-02,5.225776880979537964e-02,9.036023616790771484e-01,-5.942691564559936523e-01,9.278567135334014893e-02,-6.336906552314758301e-02,3.365357220172882080e-02,5.051340907812118530e-02,6.981093883514404297e-01,-6.667709946632385254e-01,5.724938586354255676e-02,-2.857708930969238281e-02,-2.424990013241767883e-02,2.260925769805908203e-01,-2.300156354904174805e-01,3.083096742630004883e-01,-3.539106845855712891e-01,1.072979807853698730e+00,9.283508360385894775e-02,-6.355470418930053711e-02,-6.962853018194437027e-03,-2.657979130744934082e-01,-2.914681434631347656e-01,4.899664223194122314e-01,1.018207430839538574e+00,-6.456182152032852173e-02,-4.072107840329408646e-03,1.348052024841308594e-01
3.466522991657257080e-01,-3.207032680511474609e-01,7.115007638931274414e-01,-1.473821327090263367e-02,-6.010013446211814880e-02,-3.429972827434539795e-01,9.372959136962890625e-01,-3.329489529132843018e-01,1.320237070322036743e-01,5.369191616773605347e-02,8.711065649986267090e-01,-6.013436317443847656e-01,8.825302124023437500e-02,-3.288326784968376160e-02,4.331199452280998230e-02,2.995099686086177826e-02,6.192162036895751953e-01,-6.348250508308410645e-01,5.161706730723381042e-02,-3.398098424077033997e-02,-5.582049489021301270e-03,2.090265005826950073e-01,-2.417758703231811523e-01,2.908075749874114990e-01,-3.800185322761535645e-01,1.058133840560913086e+00,1.098383963108062744e-01,-5.989907309412956238e-02,-2.604357711970806122e-02,-2.504653334617614746e-01,-2.876883745193481445e-01,4.661417603492736816e-01,1.052544116973876953e+00,-6.110083684325218201e-02,4.398792516440153122e-03,1.435127556324005127e-01
3.529945909976959229e-01,-3.168223202228546143e-01,7.124078273773193359e-01,-1.912078075110912323e-02,-5.286977440118789673e-02,-3.292117714881896973e-01,9.425809383392333984e-01,-2.805270254611968994e-01,1.515726745128631592e-01,5.918357893824577332e-02,8.424870371818542480e-01,-6.091081500053405762e-01,8.446097373962402344e-02,-2.575963176786899567e-02,3.899528458714485168e-02,2.880385145545005798e-03,5.940926074981689453e-01,-6.232536435127258301e-01,4.910622164607048035e-02,-4.597862809896469116e-02,1.637277076952159405e-03,1.937241405248641968e-01,-2.481847107410430908e-01,2.692183554172515869e-01,-4.067450165748596191e-01,1.048071742057800293e+00,1.321709603071212769e-01,-6.019324064254760742e-02,-4.233624041080474854e-02,-2.280078530311584473e-01,-2.826545238494873047e-01,4.494096934795379639e-01,1.083997726440429688e+00,-5.700421333312988281e-02,1.618795469403266907e-02,1.503627896308898926e-01
3.596434891223907471e-01,-3.126800060272216797e-01,7.138432264328002930e-01,-1.843013055622577667e-02,-4.397254437208175659e-02,-3.134681284427642822e-01,9.484010338783264160e-01,-2.394051998853683472e-01,1.575437337160110474e-01,7.106244564056396484e-02,7.903108000755310059e-01,-6.066772341728210449e-01,7.805671542882919312e-02,-2.567803673446178436e-02,2.361052483320236206e-02,-2.482051216065883636e-02,5.721123814582824707e-01,-6.150051355361938477e-01,4.996200278401374817e-02,-5.687756091356277466e-02,1.551684457808732986e-03,1.761473864316940308e-01,-2.544785737991333008e-01,2.492104172706604004e-01,-4.376278221607208252e-01,1.039338827133178711e+00,1.576757133007049561e-01,-6.173174083232879639e-02,-6.150555610656738281e-02,-2.048906385898590088e-01,-2.788305580615997314e-01,4.308426976203918457e-01,1.117507576942443848e+00,-5.293316766619682312e-02,2.762290462851524353e-02,1.581591367721557617e-01
3.666351139545440674e-01,-3.082055151462554932e-01,7.156359553337097168e-01,-1.469045225530862808e-02,-3.592616692185401917e-02,-2.948730587959289551e-01,9.547477960586547852e-01,-2.052549719810485840e-01,1.505431979894638062e-01,8.633416891098022461e-02,7.238352894783020020e-01,-5.958629250526428223e-01,7.151205092668533325e-02,-2.581170573830604553e-02,-1.241941819898784161e-03,-5.675989016890525818e-02,5.550711750984191895e-01,-6.089780330657958984e-01,5.163128674030303955e-02,-6.731239706277847290e-02,-3.593162633478641510e-03,1.585665941238403320e-01,-2.607480287551879883e-01,2.288545817136764526e-01,-4.671478569507598877e-01,1.033231139183044434e+00,1.847317069768905640e-01,-6.227952614426612854e-02,-8.174842596054077148e-02,-1.811430007219314575e-01,-2.737248539924621582e-01,4.098274707794189453e-01,1.152699112892150879e+00,-4.477673023939132690e-02,3.852270171046257019e-02,1.679646968841552734e-01
3.741421103477478027e-01,-3.034024536609649658e-01,7.172057628631591797e-01,-8.272404782474040985e-03,-2.595872804522514343e-02,-2.747815847396850586e-01,9.611206054687500000e-01,-1.750180870294570923e-01,1.255066245794296265e-01,9.669870138168334961e-02,6.415510773658752441e-01,-5.761967897415161133e-01,6.838410347700119019e-02,-3.124115988612174988e-02,-3.022921271622180939e-02,-8.399023860692977905e-02,5.416125059127807617e-01,-6.078341603279113770e-01,5.523011460900306702e-02,-7.432418316602706909e-02,-1.587594486773014069e-02,1.402375400066375732e-01,-2.658725082874298096e-01,2.104766964912414551e-01,-4.962517619132995605e-01,1.023951768875122070e+00,2.153706848621368408e-01,-6.655533611774444580e-02,-1.024083197116851807e-01,-1.594436764717102051e-01,-2.671789526939392090e-01,3.906580507755279541e-01,1.192349672317504883e+00,-4.464624077081680298e-02,4.712698981165885925e-02,1.795835196971893311e-01
3.796436488628387451e-01,-2.969109416007995605e-01,7.155573964118957520e-01,-1.017402298748493195e-02,-2.409037388861179352e-02,-2.585218846797943115e-01,9.656513929367065430e-01,-1.743800491094589233e-01,1.141295358538627625e-01,8.929193019866943359e-02,6.385192871093750000e-01,-5.970212817192077637e-01,6.175163015723228455e-02,-3.702752664685249329e-02,-4.568502306938171387e-02,-1.023188456892967224e-01,5.648415684700012207e-01,-6.173927783966064453e-01,5.538602545857429504e-02,-7.563956081867218018e-02,-1.770722493529319763e-02,1.423051804304122925e-01,-2.643140554428100586e-01,1.935225427150726318e-01,-5.196928977966308594e-01,1.016493916511535645e+00,2.415876537561416626e-01,-7.214048504829406738e-02,-1.177757754921913147e-01,-1.344130933284759521e-01,-2.565886974334716797e-01,3.831837475299835205e-01,1.221041798591613770e+00,-4.292459040880203247e-02,5.873327329754829407e-02,1.888007521629333496e-01
3.889304101467132568e-01,-2.929933369159698486e-01,7.194213271141052246e-01,1.151839084923267365e-02,-6.341177970170974731e-03,-2.349550276994705200e-01,9.719173312187194824e-01,-1.351463198661804199e-01,3.964066877961158752e-02,8.315790444612503052e-02,4.547238647937774658e-01,-5.318787097930908203e-01,7.051987200975418091e-02,-5.975455045700073242e-02,-1.024124175310134888e-01,-1.190326586365699768e-01,5.509697198867797852e-01,-6.195343732833862305e-01,6.027218326926231384e-02,-7.956781983375549316e-02,-5.045711994171142578e-02,1.009631678462028503e-01,-2.714019715785980225e-01,1.809899508953094482e-01,-5.496982336044311523e-01,1.012684941291809082e+00,2.713962495326995850e-01,-7.364235818386077881e-02,-1.450551450252532959e-01,-1.199733689427375793e-01,-2.524980902671813965e-01,3.620384037494659424e-01,1.258577704429626465e+00,-4.508741572499275208e-02,6.840902566909790039e-02,2.054712921380996704e-01
3.938161134719848633e-01,-2.864170968532562256e-01,7.179204821586608887e-01,1.300138793885707855e-02,-8.447100408375263214e-03,-2.181703895330429077e-01,9.757875204086303711e-01,-1.366894245147705078e-01,1.648697629570960999e-02,7.229609787464141846e-02,4.541678428649902344e-01,-5.401487946510314941e-01,6.981232017278671265e-02,-6.370801478624343872e-02,-1.265977621078491211e-01,-1.260184496641159058e-01,5.869691371917724609e-01,-6.289440393447875977e-01,5.913949757814407349e-02,-7.635620981454849243e-02,-5.900112912058830261e-02,1.052649915218353271e-01,-2.660017311573028564e-01,1.709259748458862305e-01,-5.656217336654663086e-01,1.013835668563842773e+00,2.918409705162048340e-01,-7.513537257909774780e-02,-1.552526503801345825e-01,-9.783068299293518066e-02,-2.435329258441925049e-01,3.591755330562591553e-01,1.279477953910827637e+00,-4.698037728667259216e-02,7.744711637496948242e-02,2.113658636808395386e-01
3.993768095970153809e-01,-2.809573709964752197e-01,7.167857885360717773e-01,1.778759062290191650e-02,-7.274936884641647339e-03,-2.010492682456970215e-01,9.793925881385803223e-01,-1.329761892557144165e-01,-1.533651351928710938e-02,5.626961588859558105e-02,4.322922527790069580e-01,-5.394378304481506348e-01,7.542031258344650269e-02,-7.362853735685348511e-02,-1.533306539058685303e-01,-1.289308816194534302e-01,6.253544688224792480e-01,-6.396296024322509766e-01,5.650056898593902588e-02,-7.361260056495666504e-02,-6.980157643556594849e-02,1.011958420276641846e-01,-2.614811658859252930e-01,1.655884981155395508e-01,-5.789475440979003906e-01,1.023865222930908203e+00,3.040874004364013672e-01,-7.440478354692459106e-02,-1.657406389713287354e-01,-8.421585708856582642e-02,-2.359623908996582031e-01,3.550949692726135254e-01,1.294930577278137207e+00,-5.322936922311782837e-02,8.655551075935363770e-02,2.163493633270263672e-01
4.039593040943145752e-01,-2.760785818099975586e-01,7.157418131828308105e-01,2.434746921062469482e-02,-8.251090534031391144e-03,-1.811493784189224243e-01,9.831195473670959473e-01,-1.231236308813095093e-01,-5.169165879487991333e-02,3.838404268026351929e-02,4.036780595779418945e-01,-5.276690125465393066e-01,8.108715713024139404e-02,-8.513829857110977173e-02,-1.849630177021026611e-01,-1.312621235847473145e-01,6.769217252731323242e-01,-6.468829512596130371e-01,5.031272396445274353e-02,-7.053357362747192383e-02,-8.375002443790435791e-02,9.541594982147216797e-02,-2.545635998249053955e-01,1.635163873434066772e-01,-5.823033452033996582e-01,1.039321660995483398e+00,3.153766095638275146e-01,-7.216230779886245728e-02,-1.720778644084930420e-01,-7.246196269989013672e-02,-2.290607541799545288e-01,3.490982651710510254e-01,1.301326632499694824e+00,-5.035807564854621887e-02,8.650932461023330688e-02,2.196382582187652588e-01
4.074120223522186279e-01,-2.716129422187805176e-01,7.144129276275634766e-01,3.326887637376785278e-02,-1.186458021402359009e-02,-1.647238433361053467e-01,9.857071042060852051e-01,-1.071967855095863342e-01,-9.236516058444976807e-02,1.873780414462089539e-02,3.734284341335296631e-01,-5.139558315277099609e-01,9.006265550851821899e-02,-1.034426689147949219e-01,-2.202849686145782471e-01,-1.160851269960403442e-01,7.391856908798217773e-01,-6.442905068397521973e-01,4.656903818249702454e-02,-7.239327579736709595e-02,-1.006862148642539978e-01,9.256221354007720947e-02,-2.457912266254425049e-01,1.652472466230392456e-01,-5.799344778060913086e-01,1.063258767127990723e+00,3.195148706436157227e-01,-6.543076783418655396e-02,-1.731511354446411133e-01,-6.449259072542190552e-02,-2.249804884195327759e-01,3.464071750640869141e-01,1.301215887069702148e+00,-4.775581136345863342e-02,8.474769443273544312e-02,2.191856205463409424e-01
4.096574783325195312e-01,-2.678060829639434814e-01,7.130619287490844727e-01,4.209367185831069946e-02,-1.871903054416179657e-02,-1.533242762088775635e-01,9.871014952659606934e-01,-8.569295704364776611e-02,-1.288243681192398071e-01,6.923106033354997635e-03,3.477032482624053955e-01,-5.016909241676330566e-01,1.044037863612174988e-01,-1.235994771122932434e-01,-2.577491104602813721e-01,-1.051087826490402222e-01,7.956481575965881348e-01,-6.298330426216125488e-01,5.243636295199394226e-02,-7.320643961429595947e-02,-1.208269670605659485e-01,9.076917916536331177e-02,-2.385934889316558838e-01,1.703961193561553955e-01,-5.684012770652770996e-01,1.091204524040222168e+00,3.186290264129638672e-01,-5.607869476079940796e-02,-1.672133803367614746e-01,-6.119065359234809875e-02,-2.235389202833175659e-01,3.438751697540283203e-01,1.293229699134826660e+00,-4.351964592933654785e-02,8.180420100688934326e-02,2.155566513538360596e-01
