1.888633123598992825e-03,-4.111788235604763031e-03,7.234485745429992676e-01,-2.771028317511081696e-03,-5.495113134384155273e-02,-2.812982201576232910e-01,9.580417871475219727e-01,1.587298959493637085e-01,-9.752783924341201782e-02,-3.831557929515838623e-02,1.514770388603210449e-01,-2.998676300048828125e-01,4.286252334713935852e-02,2.977846749126911163e-02,-3.570063412189483643e-02,-5.149875208735466003e-02,3.845742344856262207e-01,-3.806672394275665283e-01,1.370567232370376587e-01,4.796678572893142700e-02,-4.710317775607109070e-02,4.784384742379188538e-02,-1.798095107078552246e-01,4.145164787769317627e-01,-7.951764464378356934e-01,4.282751679420471191e-01,1.193855479359626770e-01,-1.986734420061111450e-01,-3.793867230415344238e-01,-1.268255710601806641e-01,-2.269761115312576294e-01,6.594735383987426758e-01,1.043595552444458008e+00,-1.189800351858139038e-01,6.164482608437538147e-02,3.676032721996307373e-01
9.224328212440013885e-03,-8.864744566380977631e-03,7.200756072998046875e-01,2.709427149966359138e-03,-4.918959736824035645e-02,-2.796595692634582520e-01,9.588344693183898926e-01,1.589270830154418945e-01,-1.095608174800872803e-01,-4.688117280602455139e-02,1.790816336870193481e-01,-3.563827574253082275e-01,4.408141598105430603e-02,1.803102903068065643e-02,-4.351140558719635010e-02,-4.854372516274452209e-02,4.364039599895477295e-01,-4.480051398277282715e-01,1.404300034046173096e-01,4.578397423028945923e-02,-5.764400586485862732e-02,5.321490392088890076e-02,-2.213120162487030029e-01,4.428500235080718994e-01,-7.872425317764282227e-01,4.363816380500793457e-01,1.161942332983016968e-01,-2.146197557449340820e-01,-3.799230158329010010e-01,-1.603807806968688965e-01,-2.423320710659027100e-01,6.532739400863647461e-01,1.061671853065490723e+00,-1.176471337676048279e-01,4.229926690459251404e-02,3.695486783981323242e-01
9.510471485555171967e-03,-9.203291498124599457e-03,7.185236215591430664e-01,5.539354868233203888e-03,-5.251489207148551941e-02,-2.787339687347412109e-01,9.589154720306396484e-01,1.507852226495742798e-01,-1.194013059139251709e-01,-4.739939793944358826e-02,2.113407552242279053e-01,-3.760325610637664795e-01,4.559043049812316895e-02,4.691015928983688354e-03,-5.329564958810806274e-02,-4.750347137451171875e-02,4.817335009574890137e-01,-4.751821458339691162e-01,1.421187520027160645e-01,4.462791234254837036e-02,-6.669660657644271851e-02,6.795930862426757812e-02,-2.365204095840454102e-01,4.488277435302734375e-01,-7.862065434455871582e-01,4.404930472373962402e-01,1.119544804096221924e-01,-2.211431860923767090e-01,-3.831578195095062256e-01,-1.763365417718887329e-01,-2.401727437973022461e-01,6.494035720825195312e-01,1.071799278259277344e+00,-1.137798950076103210e-01,3.297857940196990967e-02,3.735638260841369629e-01
9.169452823698520660e-03,-9.077017195522785187e-03,7.172960638999938965e-01,8.367804810404777527e-03,-5.554973706603050232e-02,-2.779695987701416016e-01,9.589458107948303223e-01,1.405320763587951660e-01,-1.288383454084396362e-01,-4.699055105447769165e-02,2.411137223243713379e-01,-3.901205360889434814e-01,4.786892235279083252e-02,-7.518291473388671875e-03,-6.266279518604278564e-02,-4.543253406882286072e-02,5.179410576820373535e-01,-4.936050176620483398e-01,1.430743038654327393e-01,4.423055052757263184e-02,-7.516332715749740601e-02,7.698726654052734375e-02,-2.449197322130203247e-01,4.510821998119354248e-01,-7.868720293045043945e-01,4.437769949436187744e-01,1.102213561534881592e-01,-2.241834998130798340e-01,-3.854025304317474365e-01,-1.849568039178848267e-01,-2.374823838472366333e-01,6.476352214813232422e-01,1.078060388565063477e+00,-1.112001091241836548e-01,2.808447368443012238e-02,3.750010430812835693e-01
8.888471871614456177e-03,-8.946432732045650482e-03,7.162671685218811035e-01,1.115758717060089111e-02,-5.729099363088607788e-02,-2.775802612304687500e-01,9.589277505874633789e-01,1.291595846414566040e-01,-1.372319310903549194e-01,-4.594727605581283569e-02,2.672418355941772461e-01,-4.014842212200164795e-01,4.878365993499755859e-02,-1.882513612508773804e-02,-7.092196494340896606e-02,-4.350016638636589050e-02,5.458495616912841797e-01,-5.075472593307495117e-01,1.447118818759918213e-01,4.363014921545982361e-02,-8.249800652265548706e-02,8.138128370046615601e-02,-2.502944171428680420e-01,4.524858593940734863e-01,-7.881743311882019043e-01,4.469262361526489258e-01,1.105595976114273071e-01,-2.254152148962020874e-01,-3.867235183715820312e-01,-1.898169070482254028e-01,-2.351666986942291260e-01,6.469562053680419922e-01,1.081843614578247070e+00,-1.083004623651504517e-01,2.565561421215534210e-02,3.758119046688079834e-01
8.699676953256130219e-03,-8.866346441209316254e-03,7.154260277748107910e-01,1.354859210550785065e-02,-5.800345167517662048e-02,-2.771570384502410889e-01,9.589765667915344238e-01,1.175996437668800354e-01,-1.438896805047988892e-01,-4.492896050214767456e-02,2.898547649383544922e-01,-4.110396802425384521e-01,5.060721933841705322e-02,-2.893351763486862183e-02,-7.750604301691055298e-02,-4.204483330249786377e-02,5.672130584716796875e-01,-5.177485346794128418e-01,1.466564983129501343e-01,4.282866045832633972e-02,-8.897581696510314941e-02,8.223715424537658691e-02,-2.534531652927398682e-01,4.530409276485443115e-01,-7.893050909042358398e-01,4.498780071735382080e-01,1.122346520423889160e-01,-2.264555543661117554e-01,-3.869698643684387207e-01,-1.922721415758132935e-01,-2.331454455852508545e-01,6.457340121269226074e-01,1.084001183509826660e+00,-1.059498786926269531e-01,2.412056922912597656e-02,3.755146563053131104e-01
8.611935190856456757e-03,-8.787568658590316772e-03,7.147421836853027344e-01,1.559773180633783340e-02,-5.792196094989776611e-02,-2.767643928527832031e-01,9.590637087821960449e-01,1.060532107949256897e-01,-1.493003219366073608e-01,-4.425997287034988403e-02,3.095183074474334717e-01,-4.188542664051055908e-01,5.171013250946998596e-02,-3.818952664732933044e-02,-8.255469799041748047e-02,-4.027350991964340210e-02,5.835793614387512207e-01,-5.255259871482849121e-01,1.478827595710754395e-01,4.183273762464523315e-02,-9.420087933540344238e-02,8.113804459571838379e-02,-2.554926872253417969e-01,4.533034861087799072e-01,-7.907489538192749023e-01,4.527692496776580811e-01,1.144612580537796021e-01,-2.269941568374633789e-01,-3.868466913700103760e-01,-1.933395862579345703e-01,-2.312041223049163818e-01,6.452029347419738770e-01,1.085654020309448242e+00,-1.039285436272621155e-01,2.350138314068317413e-02,3.760299682617187500e-01
8.600214496254920959e-03,-8.737092837691307068e-03,7.141998410224914551e-01,1.728359051048755646e-02,-5.711274594068527222e-02,-2.763635516166687012e-01,9.591989517211914062e-01,9.479501098394393921e-02,-1.534529328346252441e-01,-4.441832378506660461e-02,3.261201977729797363e-01,-4.255726039409637451e-01,5.263629555702209473e-02,-4.659953340888023376e-02,-8.630110323429107666e-02,-3.930134698748588562e-02,5.955907702445983887e-01,-5.313474535942077637e-01,1.488568931818008423e-01,4.058018699288368225e-02,-9.831801801919937134e-02,7.868002355098724365e-02,-2.569569945335388184e-01,4.533130824565887451e-01,-7.924607992172241211e-01,4.555539190769195557e-01,1.165288612246513367e-01,-2.273249030113220215e-01,-3.867500126361846924e-01,-1.939356625080108643e-01,-2.295849621295928955e-01,6.451148986816406250e-01,1.087025523185729980e+00,-1.019748225808143616e-01,2.317669242620468140e-02,3.753470182418823242e-01
8.674187585711479187e-03,-8.667385205626487732e-03,7.137735486030578613e-01,1.869051717221736908e-02,-5.577736347913742065e-02,-2.762057185173034668e-01,9.592965841293334961e-01,8.426908403635025024e-02,-1.565930992364883423e-01,-4.444116726517677307e-02,3.395759463310241699e-01,-4.310703873634338379e-01,5.237988382577896118e-02,-5.443973466753959656e-02,-8.892619609832763672e-02,-3.811027109622955322e-02,6.042781472206115723e-01,-5.356647968292236328e-01,1.496031284332275391e-01,3.966543078422546387e-02,-1.015405803918838501e-01,7.530172914266586304e-02,-2.579081952571868896e-01,4.531020224094390869e-01,-7.928791642189025879e-01,4.579548239707946777e-01,1.197012737393379211e-01,-2.286462038755416870e-01,-3.846047818660736084e-01,-1.938305050134658813e-01,-2.280065715312957764e-01,6.434485316276550293e-01,1.088220119476318359e+00,-9.878730773925781250e-02,2.260240353643894196e-02,3.738215863704681396e-01
8.790018968284130096e-03,-8.572560735046863556e-03,7.134323120117187500e-01,1.974738389253616333e-02,-5.404531583189964294e-02,-2.761456370353698730e-01,9.593918323516845703e-01,7.448385655879974365e-02,-1.585810631513595581e-01,-4.421599209308624268e-02,3.504142463207244873e-01,-4.360869824886322021e-01,5.279515683650970459e-02,-6.175343319773674011e-02,-9.048420935869216919e-02,-3.720660135149955750e-02,6.104218959808349609e-01,-5.387691259384155273e-01,1.504679024219512939e-01,3.863029181957244873e-02,-1.042389273643493652e-01,7.166196405887603760e-02,-2.580777406692504883e-01,4.519667923450469971e-01,-7.936882972717285156e-01,4.606882929801940918e-01,1.209749504923820496e-01,-2.288542389869689941e-01,-3.826798796653747559e-01,-1.938898116350173950e-01,-2.262506783008575439e-01,6.418626904487609863e-01,1.090000867843627930e+00,-9.488990902900695801e-02,2.282406389713287354e-02,3.718780279159545898e-01
8.928147144615650177e-03,-8.415501564741134644e-03,7.131821513175964355e-01,2.046711742877960205e-02,-5.229561030864715576e-02,-2.760091423988342285e-01,9.595130085945129395e-01,6.554750353097915649e-02,-1.598420292139053345e-01,-4.402077943086624146e-02,3.599112629890441895e-01,-4.402516484260559082e-01,5.412227660417556763e-02,-6.821261346340179443e-02,-9.123928099870681763e-02,-3.623076155781745911e-02,6.150201559066772461e-01,-5.407226681709289551e-01,1.504739969968795776e-01,3.775443881750106812e-02,-1.063134446740150452e-01,6.787957251071929932e-02,-2.592339217662811279e-01,4.512252509593963623e-01,-7.946192026138305664e-01,4.632668197154998779e-01,1.231990829110145569e-01,-2.292007058858871460e-01,-3.811895847320556641e-01,-1.940677016973495483e-01,-2.249810844659805298e-01,6.407524943351745605e-01,1.091976284980773926e+00,-9.174405783414840698e-02,2.291469462215900421e-02,3.687385320663452148e-01
9.039209224283695221e-03,-8.169737644493579865e-03,7.129684686660766602e-01,2.089030668139457703e-02,-5.059343203902244568e-02,-2.760615944862365723e-01,9.595800638198852539e-01,5.738828331232070923e-02,-1.605385392904281616e-01,-4.392278939485549927e-02,3.682051301002502441e-01,-4.442909061908721924e-01,5.485542491078376770e-02,-7.420562952756881714e-02,-9.141951799392700195e-02,-3.541467338800430298e-02,6.187951564788818359e-01,-5.416406989097595215e-01,1.511161774396896362e-01,3.680804744362831116e-02,-1.076164692640304565e-01,6.447654217481613159e-02,-2.594969570636749268e-01,4.497456550598144531e-01,-7.952555418014526367e-01,4.659713804721832275e-01,1.243058890104293823e-01,-2.281661778688430786e-01,-3.802783787250518799e-01,-1.945018023252487183e-01,-2.236891835927963257e-01,6.398810744285583496e-01,1.094091653823852539e+00,-8.779752999544143677e-02,2.306642197072505951e-02,3.663183152675628662e-01
9.129435755312442780e-03,-7.840732112526893616e-03,7.127979993820190430e-01,2.104984223842620850e-02,-4.891774058341979980e-02,-2.760196030139923096e-01,9.596755504608154297e-01,5.028913915157318115e-02,-1.606197059154510498e-01,-4.354017600417137146e-02,3.747469782829284668e-01,-4.478485584259033203e-01,5.593874305486679077e-02,-7.966274768114089966e-02,-9.097125381231307983e-02,-3.433176875114440918e-02,6.216695904731750488e-01,-5.418040752410888672e-01,1.520960181951522827e-01,3.610583394765853882e-02,-1.087550297379493713e-01,6.140196323394775391e-02,-2.601910829544067383e-01,4.482282996177673340e-01,-7.952734827995300293e-01,4.677302539348602295e-01,1.248092353343963623e-01,-2.276884466409683228e-01,-3.796526789665222168e-01,-1.946292817592620850e-01,-2.226222902536392212e-01,6.380519270896911621e-01,1.096316218376159668e+00,-8.353137224912643433e-02,2.356673963367938995e-02,3.642446100711822510e-01
9.184687398374080658e-03,-7.414570543915033340e-03,7.126820087432861328e-01,2.114031836390495300e-02,-4.737757146358489990e-02,-2.764119207859039307e-01,9.596378803253173828e-01,4.377858340740203857e-02,-1.606149524450302124e-01,-4.271918162703514099e-02,3.806461393833160400e-01,-4.502738416194915771e-01,5.649848282337188721e-02,-8.483437448740005493e-02,-9.053625911474227905e-02,-3.327045589685440063e-02,6.240142583847045898e-01,-5.416926741600036621e-01,1.521113365888595581e-01,3.533071652054786682e-02,-1.094547957181930542e-01,5.865339189767837524e-02,-2.603192925453186035e-01,4.463546574115753174e-01,-7.951014637947082520e-01,4.695387780666351318e-01,1.240594163537025452e-01,-2.262408584356307983e-01,-3.786940276622772217e-01,-1.954608261585235596e-01,-2.217481434345245361e-01,6.358317732810974121e-01,1.098363518714904785e+00,-7.887372374534606934e-02,2.438064850866794586e-02,3.621310889720916748e-01
9.163957089185714722e-03,-6.901047658175230026e-03,7.125786542892456055e-01,2.115148864686489105e-02,-4.592590406537055969e-02,-2.772062420845031738e-01,9.594790935516357422e-01,3.778382390737533569e-02,-1.605691462755203247e-01,-4.209426417946815491e-02,3.856685459613800049e-01,-4.528187513351440430e-01,5.755389854311943054e-02,-8.961668610572814941e-02,-8.995991200208663940e-02,-3.225624933838844299e-02,6.254010200500488281e-01,-5.412016510963439941e-01,1.530616134405136108e-01,3.438052535057067871e-02,-1.097622364759445190e-01,5.609299987554550171e-02,-2.604011893272399902e-01,4.446098804473876953e-01,-7.948880791664123535e-01,4.715009927749633789e-01,1.240030005574226379e-01,-2.243580669164657593e-01,-3.796597421169281006e-01,-1.965989470481872559e-01,-2.210407257080078125e-01,6.330586075782775879e-01,1.100031256675720215e+00,-7.481329888105392456e-02,2.521746419370174408e-02,3.601329922676086426e-01
9.106541983783245087e-03,-6.258765701204538345e-03,7.124897837638854980e-01,2.108474448323249817e-02,-4.476968944072723389e-02,-2.779270112514495850e-01,9.593266844749450684e-01,3.212739899754524231e-02,-1.606687605381011963e-01,-4.146746173501014709e-02,3.909904062747955322e-01,-4.547727704048156738e-01,5.880048871040344238e-02,-9.389450401067733765e-02,-8.948173373937606812e-02,-3.095684386789798737e-02,6.267639398574829102e-01,-5.408564805984497070e-01,1.523643881082534790e-01,3.336019441485404968e-02,-1.097130104899406433e-01,5.374176800251007080e-02,-2.610183954238891602e-01,4.427253007888793945e-01,-7.953971028327941895e-01,4.730874001979827881e-01,1.242883130908012390e-01,-2.229731380939483643e-01,-3.809972703456878662e-01,-1.980592012405395508e-01,-2.209083735942840576e-01,6.313273310661315918e-01,1.101276040077209473e+00,-7.180324941873550415e-02,2.565989457070827484e-02,3.581296503543853760e-01
9.049493819475173950e-03,-5.529148969799280167e-03,7.124108672142028809e-01,2.104511298239231110e-02,-4.356283694505691528e-02,-2.788181900978088379e-01,9.591245055198669434e-01,2.659179456532001495e-02,-1.608879268169403076e-01,-4.067094251513481140e-02,3.957406282424926758e-01,-4.564539194107055664e-01,5.934498831629753113e-02,-9.833279252052307129e-02,-8.910675346851348877e-02,-2.972213923931121826e-02,6.279595494270324707e-01,-5.401474833488464355e-01,1.529223471879959106e-01,3.205484151840209961e-02,-1.094190329313278198e-01,5.211349949240684509e-02,-2.613619863986968994e-01,4.405261278152465820e-01,-7.950230836868286133e-01,4.747948050498962402e-01,1.240950450301170349e-01,-2.212159484624862671e-01,-3.829446434974670410e-01,-1.998279541730880737e-01,-2.210645526647567749e-01,6.285950541496276855e-01,1.102393150329589844e+00,-6.859008222818374634e-02,2.617910318076610565e-02,3.555566966533660889e-01
9.004476480185985565e-03,-4.656180273741483688e-03,7.122751474380493164e-01,2.077306061983108521e-02,-4.241121932864189148e-02,-2.796368002891540527e-01,9.589437246322631836e-01,2.120298333466053009e-02,-1.608032584190368652e-01,-3.970343247056007385e-02,4.005334675312042236e-01,-4.593823552131652832e-01,6.106877326965332031e-02,-1.026187688112258911e-01,-8.820522576570510864e-02,-2.772212401032447815e-02,6.290972828865051270e-01,-5.394526720046997070e-01,1.536737382411956787e-01,3.063687495887279510e-02,-1.092634722590446472e-01,5.106220766901969910e-02,-2.627847492694854736e-01,4.381291568279266357e-01,-7.951384186744689941e-01,4.766631424427032471e-01,1.245308741927146912e-01,-2.191635519266128540e-01,-3.839826881885528564e-01,-2.019413411617279053e-01,-2.215098589658737183e-01,6.265977025032043457e-01,1.103790640830993652e+00,-6.532012671232223511e-02,2.717450261116027832e-02,3.534315228462219238e-01
9.031592868268489838e-03,-3.656724700704216957e-03,7.120708823204040527e-01,2.021885290741920471e-02,-4.133936390280723572e-02,-2.805263698101043701e-01,9.587424993515014648e-01,1.595409214496612549e-02,-1.603172570466995239e-01,-3.830317780375480652e-02,4.058192670345306396e-01,-4.634693264961242676e-01,6.421343982219696045e-02,-1.070946976542472839e-01,-8.668778836727142334e-02,-2.490625344216823578e-02,6.311555504798889160e-01,-5.385395884513854980e-01,1.546294540166854858e-01,2.890137396752834320e-02,-1.090626642107963562e-01,5.047509074211120605e-02,-2.641497552394866943e-01,4.351082444190979004e-01,-7.950716614723205566e-01,4.785193800926208496e-01,1.239375919103622437e-01,-2.172138988971710205e-01,-3.845643997192382812e-01,-2.046450078487396240e-01,-2.219635695219039917e-01,6.239671111106872559e-01,1.105471491813659668e+00,-6.107462942600250244e-02,2.794397063553333282e-02,3.505504131317138672e-01
9.184878319501876831e-03,-2.564313355833292007e-03,7.118634581565856934e-01,1.959433592855930328e-02,-4.011742025613784790e-02,-2.815072238445281982e-01,9.585198760032653809e-01,1.015493366867303848e-02,-1.598345190286636353e-01,-3.672463819384574890e-02,4.120401144027709961e-01,-4.677259325981140137e-01,6.637229025363922119e-02,-1.118570044636726379e-01,-8.529641479253768921e-02,-2.271478995680809021e-02,6.334453821182250977e-01,-5.374304056167602539e-01,1.558533310890197754e-01,2.693255431950092316e-02,-1.083249002695083618e-01,5.083436518907546997e-02,-2.656593322753906250e-01,4.315588176250457764e-01,-7.949525713920593262e-01,4.814524948596954346e-01,1.241429597139358521e-01,-2.138478755950927734e-01,-3.858454525470733643e-01,-2.079580128192901611e-01,-2.228357195854187012e-01,6.218200922012329102e-01,1.106994867324829102e+00,-5.679953098297119141e-02,2.870968170464038849e-02,3.465367257595062256e-01
9.451160207390785217e-03,-1.361206173896789551e-03,7.116091847419738770e-01,1.897701621055603027e-02,-3.850727155804634094e-02,-2.827372848987579346e-01,9.582362174987792969e-01,3.499857615679502487e-03,-1.592721492052078247e-01,-3.480191528797149658e-02,4.184778928756713867e-01,-4.729307889938354492e-01,6.950381398200988770e-02,-1.172908768057823181e-01,-8.358154445886611938e-02,-1.964095234870910645e-02,6.352355480194091797e-01,-5.371588468551635742e-01,1.563919186592102051e-01,2.474766410887241364e-02,-1.076799109578132629e-01,5.207575485110282898e-02,-2.666378915309906006e-01,4.259071052074432373e-01,-7.928370833396911621e-01,4.850842952728271484e-01,1.222055628895759583e-01,-2.101592868566513062e-01,-3.855707943439483643e-01,-2.118450850248336792e-01,-2.235954403877258301e-01,6.185089945793151855e-01,1.108956217765808105e+00,-5.248659849166870117e-02,3.009214811027050018e-02,3.421476185321807861e-01
9.875774383544921875e-03,-6.952835974516347051e-05,7.113050818443298340e-01,1.824129186570644379e-02,-3.687017410993576050e-02,-2.839877009391784668e-01,9.579451084136962891e-01,-3.793873358517885208e-03,-1.587110906839370728e-01,-3.269833698868751526e-02,4.264463782310485840e-01,-4.785186946392059326e-01,7.226344197988510132e-02,-1.232039779424667358e-01,-8.164198696613311768e-02,-1.608907803893089294e-02,6.381602883338928223e-01,-5.364243984222412109e-01,1.573233008384704590e-01,2.252302318811416626e-02,-1.068229600787162781e-01,5.361721292138099670e-02,-2.677013278007507324e-01,4.184768795967102051e-01,-7.893280982971191406e-01,4.904601275920867920e-01,1.200201958417892456e-01,-2.065893411636352539e-01,-3.841406702995300293e-01,-2.165717631578445435e-01,-2.245272994041442871e-01,6.155010461807250977e-01,1.111301898956298828e+00,-4.824761673808097839e-02,3.052075766026973724e-02,3.361130356788635254e-01
1.046500261873006821e-02,1.305400393903255463e-03,7.109992504119873047e-01,1.758103631436824799e-02,-3.488176688551902771e-02,-2.852725386619567871e-01,9.576501250267028809e-01,-1.189180184155702591e-02,-1.583009362220764160e-01,-3.055540472269058228e-02,4.347566962242126465e-01,-4.841035008430480957e-01,7.609717547893524170e-02,-1.295629590749740601e-01,-7.977106422185897827e-02,-1.206937246024608612e-02,6.406380534172058105e-01,-5.360171794891357422e-01,1.577782332897186279e-01,2.031221427023410797e-02,-1.060044988989830017e-01,5.591461807489395142e-02,-2.680445611476898193e-01,4.089329242706298828e-01,-7.841500639915466309e-01,4.984122514724731445e-01,1.185611560940742493e-01,-2.035991549491882324e-01,-3.808971047401428223e-01,-2.216729670763015747e-01,-2.257827818393707275e-01,6.119354367256164551e-01,1.113730192184448242e+00,-4.553892090916633606e-02,2.976482547819614410e-02,3.278292715549468994e-01
1.122438255697488785e-02,2.778472378849983215e-03,7.106482982635498047e-01,1.693967916071414948e-02,-3.252626210451126099e-02,-2.866042256355285645e-01,9.573469161987304688e-01,-2.095156162977218628e-02,-1.578717529773712158e-01,-2.770789340138435364e-02,4.436475932598114014e-01,-4.903407692909240723e-01,8.073005825281143188e-02,-1.370188444852828979e-01,-7.790669053792953491e-02,-7.963949814438819885e-03,6.439613699913024902e-01,-5.355733633041381836e-01,1.578670889139175415e-01,1.758640632033348083e-02,-1.051768511533737183e-01,5.965098366141319275e-02,-2.663959860801696777e-01,3.982360064983367920e-01,-7.783150076866149902e-01,5.192269086837768555e-01,1.169338449835777283e-01,-1.963273882865905762e-01,-3.771625161170959473e-01,-2.276834100484848022e-01,-2.271919697523117065e-01,6.077297925949096680e-01,1.116679191589355469e+00,-4.219638928771018982e-02,2.929201908409595490e-02,3.180766403675079346e-01
1.208570413291454315e-02,4.358354024589061737e-03,7.102179527282714844e-01,1.640168763697147369e-02,-2.997943758964538574e-02,-2.877942025661468506e-01,9.570823907852172852e-01,-3.088268823921680450e-02,-1.577672213315963745e-01,-2.465951070189476013e-02,4.533416330814361572e-01,-4.968079030513763428e-01,8.599904924631118774e-02,-1.458310335874557495e-01,-7.634326815605163574e-02,-3.770984010770916939e-03,6.491821408271789551e-01,-5.359190106391906738e-01,1.577851623296737671e-01,1.534681860357522964e-02,-1.038454696536064148e-01,6.435523927211761475e-02,-2.602932453155517578e-01,3.919508159160614014e-01,-7.683536410331726074e-01,5.527768135070800781e-01,1.167568787932395935e-01,-1.881931275129318237e-01,-3.699328899383544922e-01,-2.341250628232955933e-01,-2.297293990850448608e-01,6.015856862068176270e-01,1.119855880737304688e+00,-3.861505910754203796e-02,2.907537296414375305e-02,3.071015775203704834e-01
1.296853646636009216e-02,6.032737437635660172e-03,7.096149921417236328e-01,1.582719571888446808e-02,-2.727571874856948853e-02,-2.888603210449218750e-01,9.568517208099365234e-01,-4.176951199769973755e-02,-1.576469391584396362e-01,-2.140608429908752441e-02,4.642057418823242188e-01,-5.049845576286315918e-01,9.389480203390121460e-02,-1.559479534626007080e-01,-7.467401027679443359e-02,6.232139421626925468e-04,6.563382148742675781e-01,-5.375446081161499023e-01,1.583103686571121216e-01,1.299782376736402512e-02,-1.030155345797538757e-01,6.944490969181060791e-02,-2.524143457412719727e-01,3.881337046623229980e-01,-7.547975778579711914e-01,5.854009985923767090e-01,1.190491169691085815e-01,-1.826256066560745239e-01,-3.571999371051788330e-01,-2.404301315546035767e-01,-2.325595468282699585e-01,5.941463708877563477e-01,1.121726989746093750e+00,-3.663926199078559875e-02,2.773343585431575775e-02,2.951186299324035645e-01
1.388510875403881073e-02,7.781354244798421860e-03,7.089006900787353516e-01,1.571426354348659515e-02,-2.414771541953086853e-02,-2.901914119720458984e-01,9.565348625183105469e-01,-5.390120670199394226e-02,-1.586108207702636719e-01,-1.844085380434989929e-02,4.751923084259033203e-01,-5.133195519447326660e-01,1.021803990006446838e-01,-1.684897840023040771e-01,-7.361787557601928711e-02,5.690309219062328339e-03,6.657926440238952637e-01,-5.411621928215026855e-01,1.569763571023941040e-01,1.097469311207532883e-02,-1.028340905904769897e-01,7.608401030302047729e-02,-2.406839877367019653e-01,3.859959840774536133e-01,-7.365251779556274414e-01,6.197648644447326660e-01,1.226264014840126038e-01,-1.769869476556777954e-01,-3.419362306594848633e-01,-2.474004030227661133e-01,-2.353391200304031372e-01,5.862245559692382812e-01,1.121621966361999512e+00,-3.790631145238876343e-02,2.590214833617210388e-02,2.810948491096496582e-01
1.474824268370866776e-02,9.566775523126125336e-03,7.081108093261718750e-01,1.592177338898181915e-02,-2.104195952415466309e-02,-2.917745709419250488e-01,9.561230540275573730e-01,-6.676398962736129761e-02,-1.601392477750778198e-01,-1.460511796176433563e-02,4.871080219745635986e-01,-5.209321379661560059e-01,1.100898012518882751e-01,-1.829227060079574585e-01,-7.307883352041244507e-02,1.123444270342588425e-02,6.783218383789062500e-01,-5.452481508255004883e-01,1.564795523881912231e-01,8.268492296338081360e-03,-1.037267744541168213e-01,8.365125954151153564e-02,-2.265896499156951904e-01,3.851114511489868164e-01,-7.141449451446533203e-01,6.558256149291992188e-01,1.295122653245925903e-01,-1.707080751657485962e-01,-3.215503394603729248e-01,-2.527433335781097412e-01,-2.367267906665802002e-01,5.778723359107971191e-01,1.118405103683471680e+00,-4.235743731260299683e-02,2.371159195899963379e-02,2.661933898925781250e-01
1.542654447257518768e-02,1.142342295497655869e-02,7.071650624275207520e-01,1.665144227445125580e-02,-1.843460090458393097e-02,-2.934623956680297852e-01,9.556477665901184082e-01,-8.014024794101715088e-02,-1.630408763885498047e-01,-1.039264351129531860e-02,5.004745125770568848e-01,-5.280236005783081055e-01,1.177285611629486084e-01,-1.998127698898315430e-01,-7.384643703699111938e-02,1.733137294650077820e-02,6.964435577392578125e-01,-5.507235527038574219e-01,1.543952226638793945e-01,5.212989170104265213e-03,-1.053399145603179932e-01,9.269519150257110596e-02,-2.092409878969192505e-01,3.857652246952056885e-01,-6.875517368316650391e-01,6.998620033264160156e-01,1.389273107051849365e-01,-1.610167324542999268e-01,-2.975876033306121826e-01,-2.539714276790618896e-01,-2.370350807905197144e-01,5.705071091651916504e-01,1.114465832710266113e+00,-5.096498876810073853e-02,2.148874476552009583e-02,2.492042630910873413e-01
1.588581316173076630e-02,1.329086627811193466e-02,7.059829235076904297e-01,1.788789965212345123e-02,-1.627670414745807648e-02,-2.946454584598541260e-01,9.553005695343017578e-01,-9.341328591108322144e-02,-1.670183092355728149e-01,-5.392438266426324844e-03,5.140855908393859863e-01,-5.354933142662048340e-01,1.251051574945449829e-01,-2.201528996229171753e-01,-7.610851526260375977e-02,2.291605807840824127e-02,7.226007580757141113e-01,-5.575543642044067383e-01,1.524832099676132202e-01,9.198764455504715443e-04,-1.089978963136672974e-01,1.033284366130828857e-01,-1.883471459150314331e-01,3.865457475185394287e-01,-6.549035310745239258e-01,7.557418346405029297e-01,1.502790004014968872e-01,-1.485521644353866577e-01,-2.689425051212310791e-01,-2.498111575841903687e-01,-2.382768988609313965e-01,5.627013444900512695e-01,1.113444924354553223e+00,-6.076399981975555420e-02,1.858473941683769226e-02,2.311652600765228271e-01
1.619793660938739777e-02,1.511851698160171509e-02,7.045685648918151855e-01,2.014281414449214935e-02,-1.461366564035415649e-02,-2.960354387760162354e-01,9.548527002334594727e-01,-1.062683910131454468e-01,-1.736925691366195679e-01,-1.136827748268842697e-03,5.269293189048767090e-01,-5.421858429908752441e-01,1.311504989862442017e-01,-2.448008060455322266e-01,-8.100552111864089966e-02,2.836752124130725861e-02,7.578807473182678223e-01,-5.655710697174072266e-01,1.504537314176559448e-01,-4.514559637755155563e-03,-1.140222847461700439e-01,1.152051314711570740e-01,-1.659862697124481201e-01,3.869288861751556396e-01,-6.186730861663818359e-01,8.232355713844299316e-01,1.635965704917907715e-01,-1.330289244651794434e-01,-2.360318303108215332e-01,-2.434910386800765991e-01,-2.419579178094863892e-01,5.548728108406066895e-01,1.115777254104614258e+00,-7.131718099117279053e-02,1.469266787171363831e-02,2.127154618501663208e-01
1.645173318684101105e-02,1.688285171985626221e-02,7.028368115425109863e-01,2.314081788063049316e-02,-1.356594637036323547e-02,-2.969622015953063965e-01,9.545124173164367676e-01,-1.179115921258926392e-01,-1.818602383136749268e-01,5.183528643101453781e-03,5.387528538703918457e-01,-5.495323538780212402e-01,1.384594291448593140e-01,-2.745837867259979248e-01,-8.847071975469589233e-02,3.318932279944419861e-02,8.055236935615539551e-01,-5.719509124755859375e-01,1.502627730369567871e-01,-1.170724537223577499e-02,-1.211523711681365967e-01,1.279467642307281494e-01,-1.435030996799468994e-01,3.852852880954742432e-01,-5.805746912956237793e-01,9.028605222702026367e-01,1.751707643270492554e-01,-1.153218001127243042e-01,-2.028309851884841919e-01,-2.381102889776229858e-01,-2.464356571435928345e-01,5.478823184967041016e-01,1.122851729393005371e+00,-8.102209866046905518e-02,9.795523248612880707e-03,1.946877688169479370e-01
1.675379462540149689e-02,1.859900541603565216e-02,7.006341218948364258e-01,2.593897096812725067e-02,-1.593323796987533569e-02,-2.986101806163787842e-01,9.538895487785339355e-01,-1.229005753993988037e-01,-1.910129040479660034e-01,1.496234536170959473e-02,5.518674850463867188e-01,-5.581033229827880859e-01,1.458562314510345459e-01,-3.082626760005950928e-01,-1.019711270928382874e-01,3.116197511553764343e-02,8.695106506347656250e-01,-5.642792582511901855e-01,1.507929414510726929e-01,-2.107422426342964172e-02,-1.299057900905609131e-01,1.408197283744812012e-01,-1.222460791468620300e-01,3.853157758712768555e-01,-5.390673279762268066e-01,9.983022212982177734e-01,1.825887262821197510e-01,-9.457446634769439697e-02,-1.687492430210113525e-01,-2.328088879585266113e-01,-2.512552142143249512e-01,5.411227345466613770e-01,1.134792685508728027e+00,-9.066849946975708008e-02,3.067560493946075439e-03,1.809891909360885620e-01
1.732740923762321472e-02,2.011474221944808960e-02,6.985970139503479004e-01,2.891600318253040314e-02,-1.759345643222332001e-02,-3.007518053054809570e-01,9.531016349792480469e-01,-1.266297698020935059e-01,-1.997812390327453613e-01,2.482250891625881195e-02,5.609022378921508789e-01,-5.663403868675231934e-01,1.510198265314102173e-01,-3.483664691448211670e-01,-1.208137944340705872e-01,1.950512081384658813e-02,9.346104860305786133e-01,-5.478627681732177734e-01,1.481615900993347168e-01,-2.953420579433441162e-02,-1.378816068172454834e-01,1.570684164762496948e-01,-1.031426936388015747e-01,3.862228095531463623e-01,-4.962469339370727539e-01,1.091519713401794434e+00,1.910233795642852783e-01,-7.676287740468978882e-02,-1.425661742687225342e-01,-2.294046282768249512e-01,-2.545807659626007080e-01,5.336807966232299805e-01,1.148687601089477539e+00,-9.585472196340560913e-02,-1.935946405865252018e-03,1.736197769641876221e-01
1.797528192400932312e-02,2.150707319378852844e-02,6.970818042755126953e-01,3.112959675490856171e-02,-1.939056999981403351e-02,-3.010542094707489014e-01,9.529015421867370605e-01,-1.293659508228302002e-01,-2.077635228633880615e-01,3.134034574031829834e-02,5.692247748374938965e-01,-5.702759623527526855e-01,1.547434926033020020e-01,-3.909902870655059814e-01,-1.287934184074401855e-01,2.199555747210979462e-02,9.862273335456848145e-01,-5.781273841857910156e-01,1.420542299747467041e-01,-3.868793696165084839e-02,-1.431646347045898438e-01,1.709750145673751831e-01,-8.666243404150009155e-02,3.901946544647216797e-01,-4.539961516857147217e-01,1.174497008323669434e+00,1.944206207990646362e-01,-6.242066994309425354e-02,-1.217715069651603699e-01,-2.276294380426406860e-01,-2.573782503604888916e-01,5.215491652488708496e-01,1.162383198738098145e+00,-9.450038522481918335e-02,-2.164479345083236694e-03,1.675339788198471069e-01
2.169653214514255524e-02,2.103792317211627960e-02,6.989158391952514648e-01,3.751619532704353333e-02,-2.075930126011371613e-03,-3.019899725914001465e-01,9.525703787803649902e-01,-1.215061843395233154e-01,-2.150962203741073608e-01,2.412754483520984650e-02,4.842098057270050049e-01,-5.391696691513061523e-01,1.580742746591567993e-01,-4.549787044525146484e-01,-1.301844716072082520e-01,2.900038287043571472e-02,1.009653568267822266e+00,-5.837791562080383301e-01,1.376901268959045410e-01,-5.407127737998962402e-02,-1.438285559415817261e-01,1.580439507961273193e-01,-8.447999507188796997e-02,3.952651023864746094e-01,-3.993849456310272217e-01,1.260348558425903320e+00,1.975376009941101074e-01,-7.003274559974670410e-02,-1.000854149460792542e-01,-2.457316219806671143e-01,-2.614195942878723145e-01,5.142845511436462402e-01,1.182309269905090332e+00,-9.132926166057586670e-02,-2.284610178321599960e-03,1.669254004955291748e-01
2.214717864990234375e-02,2.224668860435485840e-02,6.972897648811340332e-01,3.786242008209228516e-02,-1.071393396705389023e-02,-3.037966191768646240e-01,9.519239664077758789e-01,-1.249986290931701660e-01,-2.214546501636505127e-01,3.479402512311935425e-02,5.214561223983764648e-01,-5.540742278099060059e-01,1.636382043361663818e-01,-4.788058102130889893e-01,-1.446732580661773682e-01,3.499853983521461487e-02,1.041615724563598633e+00,-5.901018381118774414e-01,1.393721103668212891e-01,-5.784333869814872742e-02,-1.522824317216873169e-01,1.765526533126831055e-01,-5.645472928881645203e-02,4.037317931652069092e-01,-3.718529939651489258e-01,1.289532661437988281e+00,1.898966729640960693e-01,-5.796059966087341309e-02,-8.954191207885742188e-02,-2.354715019464492798e-01,-2.629851698875427246e-01,4.955929219722747803e-01,1.193693995475769043e+00,-8.985079079866409302e-02,2.295437501743435860e-03,1.632074862718582153e-01
2.460240200161933899e-02,2.210931666195392609e-02,6.959861516952514648e-01,3.627933934330940247e-02,-1.091112289577722549e-02,-3.054760098457336426e-01,9.514458179473876953e-01,-1.290744096040725708e-01,-2.207782715559005737e-01,3.643403202295303345e-02,5.414475202560424805e-01,-5.737636685371398926e-01,1.660186797380447388e-01,-5.063751339912414551e-01,-1.486625224351882935e-01,3.672271594405174255e-02,1.064257264137268066e+00,-5.854902863502502441e-01,1.413858234882354736e-01,-6.062750145792961121e-02,-1.528117209672927856e-01,1.897935122251510620e-01,-3.107286617159843445e-02,4.145998358726501465e-01,-3.438028097152709961e-01,1.309003472328186035e+00,1.828833371400833130e-01,-5.089965090155601501e-02,-7.876909524202346802e-02,-2.336927205324172974e-01,-2.628702223300933838e-01,4.819692671298980713e-01,1.202844619750976562e+00,-8.661634474992752075e-02,6.811901461333036423e-03,1.604797989130020142e-01
2.975681796669960022e-02,2.022963389754295349e-02,6.994137763977050781e-01,2.491861954331398010e-02,1.319417729973793030e-03,-3.139903545379638672e-01,9.490981698036193848e-01,-1.085568070411682129e-01,-1.882354915142059326e-01,3.466826304793357849e-02,4.929774403572082520e-01,-5.665038228034973145e-01,1.631400436162948608e-01,-5.350465774536132812e-01,-1.152149289846420288e-01,2.521819621324539185e-02,1.015254139900207520e+00,-5.673952102661132812e-01,1.383317410945892334e-01,-5.793701484799385071e-02,-1.243886128067970276e-01,1.861280053853988647e-01,-1.802897825837135315e-02,4.283396005630493164e-01,-3.122486174106597900e-01,1.317241549491882324e+00,1.748863160610198975e-01,-4.816495254635810852e-02,-7.171332836151123047e-02,-2.478888630867004395e-01,-2.630404829978942871e-01,4.685759246349334717e-01,1.213303208351135254e+00,-8.225905150175094604e-02,1.340291555970907211e-02,1.598125100135803223e-01
3.088263794779777527e-02,1.945952326059341431e-02,6.979797482490539551e-01,2.498755790293216705e-02,-6.877879612147808075e-03,-3.152683377265930176e-01,9.486486315727233887e-01,-1.105895936489105225e-01,-1.913133561611175537e-01,4.316173866391181946e-02,5.321033596992492676e-01,-5.839766263961791992e-01,1.615662276744842529e-01,-5.622019171714782715e-01,-1.229302436113357544e-01,3.172360733151435852e-02,1.013376593589782715e+00,-5.672213435173034668e-01,1.461425572633743286e-01,-6.188113242387771606e-02,-1.310470253229141235e-01,2.010926604270935059e-01,-1.505648135207593441e-03,4.216565191745758057e-01,-3.023549318313598633e-01,1.320699572563171387e+00,1.704157143831253052e-01,-4.654058441519737244e-02,-6.554108113050460815e-02,-2.372051328420639038e-01,-2.606713473796844482e-01,4.570631086826324463e-01,1.218836903572082520e+00,-7.451659440994262695e-02,1.678736694157123566e-02,1.520283818244934082e-01
3.676939383149147034e-02,1.613695919513702393e-02,7.016077041625976562e-01,1.285568810999393463e-02,7.315617986023426056e-03,-3.225593566894531250e-01,9.464336633682250977e-01,-9.173495322465896606e-02,-1.550953686237335205e-01,4.093983769416809082e-02,4.854959249496459961e-01,-5.839765071868896484e-01,1.579542905092239380e-01,-5.839401483535766602e-01,-8.865060657262802124e-02,1.536810304969549179e-02,9.319241046905517578e-01,-5.390954613685607910e-01,1.484152972698211670e-01,-5.633678659796714783e-02,-9.989505261182785034e-02,1.951161921024322510e-01,6.728621199727058411e-03,4.235998988151550293e-01,-2.914755940437316895e-01,1.318810582160949707e+00,1.672078371047973633e-01,-4.666316881775856018e-02,-6.240390613675117493e-02,-2.433427870273590088e-01,-2.623967528343200684e-01,4.462556242942810059e-01,1.224709749221801758e+00,-6.145943701267242432e-02,2.018883638083934784e-02,1.456631869077682495e-01
3.795518726110458374e-02,1.376833766698837280e-02,7.001085877418518066e-01,1.467160135507583618e-02,4.892918514087796211e-04,-3.252204656600952148e-01,9.455242753028869629e-01,-9.312126040458679199e-02,-1.580712497234344482e-01,5.117017403244972229e-02,5.188460350036621094e-01,-6.005916595458984375e-01,1.522923856973648071e-01,-6.130257844924926758e-01,-9.723760932683944702e-02,1.775223016738891602e-02,9.150456190109252930e-01,-5.402881503105163574e-01,1.570353806018829346e-01,-5.855799466371536255e-02,-1.070337817072868347e-01,2.071387171745300293e-01,2.114942483603954315e-02,4.193927645683288574e-01,-2.891586124897003174e-01,1.319390535354614258e+00,1.665719002485275269e-01,-4.679086059331893921e-02,-5.612057447433471680e-02,-2.373277992010116577e-01,-2.607840895652770996e-01,4.416610300540924072e-01,1.222890734672546387e+00,-5.537682399153709412e-02,1.958644017577171326e-02,1.389116942882537842e-01
4.423595219850540161e-02,8.485454134643077850e-03,7.042166590690612793e-01,6.553303450345993042e-03,1.490878220647573471e-02,-3.309893608093261719e-01,9.434939622879028320e-01,-6.912568211555480957e-02,-1.297798156738281250e-01,4.728300124406814575e-02,4.577759206295013428e-01,-5.894770622253417969e-01,1.463413238525390625e-01,-6.217923164367675781e-01,-6.929587572813034058e-02,-1.487990492023527622e-03,8.171200752258300781e-01,-5.052263140678405762e-01,1.589961349964141846e-01,-5.350169911980628967e-02,-8.094459772109985352e-02,1.921065300703048706e-01,1.249926164746284485e-02,4.197466075420379639e-01,-2.912704944610595703e-01,1.305980920791625977e+00,1.693927943706512451e-01,-4.897932335734367371e-02,-5.348762124776840210e-02,-2.468842715024948120e-01,-2.621366977691650391e-01,4.392374455928802490e-01,1.216299295425415039e+00,-4.606691375374794006e-02,2.056529372930526733e-02,1.347812861204147339e-01
4.536326602101325989e-02,4.360296763479709625e-03,7.022736668586730957e-01,8.948490954935550690e-03,6.659907288849353790e-03,-3.322109580039978027e-01,9.431391358375549316e-01,-6.743185967206954956e-02,-1.332153528928756714e-01,5.507873743772506714e-02,4.935974776744842529e-01,-6.053325533866882324e-01,1.389830559492111206e-01,-6.453275084495544434e-01,-7.829070836305618286e-02,1.335825654678046703e-03,8.150027394294738770e-01,-5.069481134414672852e-01,1.643070727586746216e-01,-5.742880702018737793e-02,-9.094976633787155151e-02,1.988639235496520996e-01,1.101265754550695419e-02,4.073380827903747559e-01,-3.020990192890167236e-01,1.296586871147155762e+00,1.726609617471694946e-01,-5.340786650776863098e-02,-5.010858550667762756e-02,-2.426066398620605469e-01,-2.575134336948394775e-01,4.441258013248443604e-01,1.209200024604797363e+00,-4.578763246536254883e-02,1.884052343666553497e-02,1.288414001464843750e-01
4.854920506477355957e-02,-1.538417651318013668e-03,7.008672952651977539e-01,1.111393421888351440e-02,4.688499495387077332e-03,-3.327978253364562988e-01,9.429210424423217773e-01,-6.328401714563369751e-02,-1.349490284919738770e-01,5.431820824742317200e-02,5.118530988693237305e-01,-6.213372349739074707e-01,1.322359442710876465e-01,-6.620316505432128906e-01,-8.059841394424438477e-02,-4.207141697406768799e-03,7.995167374610900879e-01,-5.029063224792480469e-01,1.694586277008056641e-01,-6.144507974386215210e-02,-9.286718815565109253e-02,1.967001408338546753e-01,-5.750840064138174057e-04,3.969619870185852051e-01,-3.165232539176940918e-01,1.283736944198608398e+00,1.774576306343078613e-01,-5.848049744963645935e-02,-4.696827754378318787e-02,-2.429853677749633789e-01,-2.544363737106323242e-01,4.505375623703002930e-01,1.196660995483398438e+00,-4.824208468198776245e-02,1.612402312457561493e-02,1.239146292209625244e-01
5.537233501672744751e-02,-9.622463956475257874e-03,7.051715254783630371e-01,7.390845101326704025e-03,1.551888324320316315e-02,-3.330679237842559814e-01,9.427461624145507812e-01,-1.830111816525459290e-02,-1.199527457356452942e-01,3.896992653608322144e-02,4.206760227680206299e-01,-5.964770317077636719e-01,1.287965625524520874e-01,-6.405214071273803711e-01,-6.505083292722702026e-02,-2.772203274071216583e-02,6.902748942375183105e-01,-4.624124169349670410e-01,1.706140786409378052e-01,-6.232368201017379761e-02,-7.105056196451187134e-02,1.814356595277786255e-01,-3.155989944934844971e-02,3.829897940158843994e-01,-3.398040831089019775e-01,1.268297672271728516e+00,1.798180192708969116e-01,-6.312858313322067261e-02,-4.874813556671142578e-02,-2.506248056888580322e-01,-2.634854018688201904e-01,4.505755603313446045e-01,1.177797675132751465e+00,-4.789659008383750916e-02,1.769558899104595184e-02,1.224218979477882385e-01
5.710329860448837280e-02,-1.613835245370864868e-02,7.022323608398437500e-01,1.125526521354913712e-02,5.879902746528387070e-03,-3.330241143703460693e-01,9.428327679634094238e-01,-9.095605462789535522e-03,-1.260670423507690430e-01,4.368786513805389404e-02,4.511843621730804443e-01,-6.127322912216186523e-01,1.219799965620040894e-01,-6.556583046913146973e-01,-7.625401020050048828e-02,-2.795303054153919220e-02,7.118800282478332520e-01,-4.598459601402282715e-01,1.733542382717132568e-01,-6.576865911483764648e-02,-8.087760955095291138e-02,1.829502880573272705e-01,-4.663199186325073242e-02,3.647686541080474854e-01,-3.608066737651824951e-01,1.246266245841979980e+00,1.836070716381072998e-01,-7.376464456319808960e-02,-4.709881544113159180e-02,-2.464232146739959717e-01,-2.595368921756744385e-01,4.607862532138824463e-01,1.165602326393127441e+00,-5.114540085196495056e-02,1.322151720523834229e-02,1.191666498780250549e-01
6.120028346776962280e-02,-2.421030215919017792e-02,6.996700167655944824e-01,1.421043463051319122e-02,9.969702223315834999e-04,-3.307017683982849121e-01,9.436277747154235840e-01,3.478006925433874130e-03,-1.307062357664108276e-01,3.873315826058387756e-02,4.702214896678924561e-01,-6.321977376937866211e-01,1.208153590559959412e-01,-6.626296639442443848e-01,-8.631084114313125610e-02,-3.363700956106185913e-02,7.231282591819763184e-01,-4.574199914932250977e-01,1.749629378318786621e-01,-7.163915783166885376e-02,-8.484488725662231445e-02,1.785879135131835938e-01,-7.178419828414916992e-02,3.483985066413879395e-01,-3.842103779315948486e-01,1.217457056045532227e+00,1.851136237382888794e-01,-8.522207289934158325e-02,-4.635021090507507324e-02,-2.453696429729461670e-01,-2.593389451503753662e-01,4.647835791110992432e-01,1.149237036705017090e+00,-5.029765516519546509e-02,9.478547610342502594e-03,1.154652088880538940e-01
6.614711880683898926e-02,-3.297078981995582581e-02,6.973504424095153809e-01,1.645936816930770874e-02,-2.972401212900876999e-03,-3.264247775077819824e-01,9.450752139091491699e-01,1.944428496062755585e-02,-1.339356452226638794e-01,2.876334823668003082e-02,4.826990664005279541e-01,-6.480238437652587891e-01,1.183176636695861816e-01,-6.634451746940612793e-01,-9.474638104438781738e-02,-4.005363956093788147e-02,7.337539196014404297e-01,-4.524028301239013672e-01,1.754378378391265869e-01,-7.898245751857757568e-02,-8.491455763578414917e-02,1.736491024494171143e-01,-1.023951843380928040e-01,3.322015106678009033e-01,-4.112780988216400146e-01,1.183124423027038574e+00,1.814496666193008423e-01,-9.806447476148605347e-02,-4.830728098750114441e-02,-2.446518242359161377e-01,-2.621977627277374268e-01,4.677716195583343506e-01,1.130300641059875488e+00,-4.878037422895431519e-02,7.484770845621824265e-03,1.110430806875228882e-01
7.191456854343414307e-02,-4.241070896387100220e-02,6.950242519378662109e-01,1.774239353835582733e-02,-6.985217332839965820e-03,-3.213473856449127197e-01,9.467694163322448730e-01,3.955560550093650818e-02,-1.349261403083801270e-01,1.689297333359718323e-02,4.919666945934295654e-01,-6.625552177429199219e-01,1.148776412010192871e-01,-6.601018905639648438e-01,-1.038320735096931458e-01,-4.948453232645988464e-02,7.497535943984985352e-01,-4.455012679100036621e-01,1.760132461786270142e-01,-8.756018429994583130e-02,-8.219254761934280396e-02,1.688440144062042236e-01,-1.353327631950378418e-01,3.156406581401824951e-01,-4.363501965999603271e-01,1.143336176872253418e+00,1.736388653516769409e-01,-1.115884929895401001e-01,-5.192182958126068115e-02,-2.438678741455078125e-01,-2.677374184131622314e-01,4.669710993766784668e-01,1.111434936523437500e+00,-4.590922966599464417e-02,7.319872267544269562e-03,1.058632284402847290e-01
7.850486040115356445e-02,-5.256102979183197021e-02,6.925609111785888672e-01,1.842540875077247620e-02,-1.148053444921970367e-02,-3.160034418106079102e-01,9.485096335411071777e-01,6.355552375316619873e-02,-1.347493678331375122e-01,2.616435755044221878e-03,4.999032914638519287e-01,-6.750234961509704590e-01,1.105839684605598450e-01,-6.530575752258300781e-01,-1.113879531621932983e-01,-5.866317451000213623e-02,7.712078690528869629e-01,-4.427553713321685791e-01,1.749296188354492188e-01,-9.817042946815490723e-02,-7.693675160408020020e-02,1.668022572994232178e-01,-1.712225526571273804e-01,3.000055253505706787e-01,-4.616666436195373535e-01,1.097519636154174805e+00,1.633180975914001465e-01,-1.263968497514724731e-01,-5.615277588367462158e-02,-2.430707067251205444e-01,-2.734138369560241699e-01,4.633409976959228516e-01,1.090901374816894531e+00,-4.009272158145904541e-02,8.748301304876804352e-03,1.020639836788177490e-01
8.599837124347686768e-02,-6.334438920021057129e-02,6.901552081108093262e-01,1.705200597643852234e-02,-1.634032092988491058e-02,-3.104101419448852539e-01,9.503092765808105469e-01,9.027019888162612915e-02,-1.292883157730102539e-01,-9.873271919786930084e-03,5.113027095794677734e-01,-6.873896121978759766e-01,1.060332730412483215e-01,-6.450363993644714355e-01,-1.185463890433311462e-01,-6.765561550855636597e-02,8.001606464385986328e-01,-4.399265646934509277e-01,1.731060892343521118e-01,-1.101147904992103577e-01,-7.154946029186248779e-02,1.683638840913772583e-01,-2.075140774250030518e-01,2.850485444068908691e-01,-4.872730970382690430e-01,1.049780964851379395e+00,1.552737504243850708e-01,-1.424959599971771240e-01,-6.096154823899269104e-02,-2.429375648498535156e-01,-2.800705730915069580e-01,4.605518281459808350e-01,1.072410464286804199e+00,-3.326816856861114502e-02,1.174238882958889008e-02,9.928660094738006592e-02
9.426420927047729492e-02,-7.490236312150955200e-02,6.875125765800476074e-01,1.516719534993171692e-02,-2.036449685692787170e-02,-3.064125478267669678e-01,9.515600800514221191e-01,1.165414899587631226e-01,-1.215705648064613342e-01,-2.113822847604751587e-02,5.247741937637329102e-01,-6.983253359794616699e-01,1.018971726298332214e-01,-6.339223384857177734e-01,-1.217544898390769958e-01,-7.588292658329010010e-02,8.330546617507934570e-01,-4.419324696063995361e-01,1.701067835092544556e-01,-1.213468238711357117e-01,-6.466393172740936279e-02,1.736149489879608154e-01,-2.437776923179626465e-01,2.715605497360229492e-01,-5.099013447761535645e-01,1.000394940376281738e+00,1.444357782602310181e-01,-1.584506183862686157e-01,-6.580936908721923828e-02,-2.432860136032104492e-01,-2.871388196945190430e-01,4.585582315921783447e-01,1.054070115089416504e+00,-2.756652608513832092e-02,1.536469440907239914e-02,9.942986816167831421e-02
1.030487492680549622e-01,-8.708389103412628174e-02,6.847918629646301270e-01,1.254608388990163803e-02,-2.461837977170944214e-02,-3.028538823127746582e-01,9.526363611221313477e-01,1.414795219898223877e-01,-1.107684373855590820e-01,-2.766433358192443848e-02,5.444946289062500000e-01,-7.055699825286865234e-01,9.727510809898376465e-02,-6.202865839004516602e-01,-1.208676546812057495e-01,-8.243614435195922852e-02,8.699594736099243164e-01,-4.477593600749969482e-01,1.641478985548019409e-01,-1.316505074501037598e-01,-5.603424459695816040e-02,1.815386116504669189e-01,-2.779066860675811768e-01,2.612178623676300049e-01,-5.288608670234680176e-01,9.495792388916015625e-01,1.326440125703811646e-01,-1.743837893009185791e-01,-7.046777009963989258e-02,-2.453361749649047852e-01,-2.945600152015686035e-01,4.568516910076141357e-01,1.036052703857421875e+00,-2.322696894407272339e-02,1.979463919997215271e-02,1.028276681900024414e-01
1.117941141128540039e-01,-9.984015673398971558e-02,6.822764277458190918e-01,8.111669681966304779e-03,-2.858502045273780823e-02,-3.026112318038940430e-01,9.526507854461669922e-01,1.619254499673843384e-01,-9.723340719938278198e-02,-3.695268183946609497e-02,5.810459852218627930e-01,-7.101376056671142578e-01,8.895456790924072266e-02,-6.040858030319213867e-01,-1.120411455631256104e-01,-8.980319648981094360e-02,9.065746068954467773e-01,-4.628525376319885254e-01,1.542122364044189453e-01,-1.384440362453460693e-01,-4.593042656779289246e-02,1.933356076478958130e-01,-3.056526184082031250e-01,2.542034387588500977e-01,-5.423437952995300293e-01,9.129236936569213867e-01,1.192095205187797546e-01,-1.831390261650085449e-01,-7.137519866228103638e-02,-2.460472732782363892e-01,-3.028386533260345459e-01,4.601959586143493652e-01,1.021362662315368652e+00,-2.184013091027736664e-02,2.297538146376609802e-02,1.069896221160888672e-01
1.199712380766868591e-01,-1.130216047167778015e-01,6.798688173294067383e-01,1.296071801334619522e-03,-3.222844377160072327e-02,-3.058624267578125000e-01,9.515292048454284668e-01,1.724384129047393799e-01,-8.218826353549957275e-02,-5.567481741309165955e-02,6.437412500381469727e-01,-7.099617123603820801e-01,7.669825106859207153e-02,-5.851099491119384766e-01,-8.927663415670394897e-02,-9.466833621263504028e-02,9.410628080368041992e-01,-4.922990500926971436e-01,1.353214830160140991e-01,-1.418190151453018188e-01,-3.035528212785720825e-02,2.070027738809585571e-01,-3.241013586521148682e-01,2.509825229644775391e-01,-5.510470271110534668e-01,8.899355530738830566e-01,1.043455824255943298e-01,-1.867749541997909546e-01,-6.947882473468780518e-02,-2.469484955072402954e-01,-3.110556304454803467e-01,4.666873812675476074e-01,1.011734127998352051e+00,-2.460788935422897339e-02,2.667774632573127747e-02,1.094478964805603027e-01
1.272215992212295532e-01,-1.260320246219635010e-01,6.788176298141479492e-01,-9.496538899838924408e-03,-3.517104685306549072e-02,-3.124606907367706299e-01,9.492318630218505859e-01,1.649392694234848022e-01,-6.537690758705139160e-02,-8.064664900302886963e-02,7.468000650405883789e-01,-6.955491900444030762e-01,5.053416639566421509e-02,-5.625774264335632324e-01,-5.244661122560501099e-02,-1.018329337239265442e-01,9.688552618026733398e-01,-5.166965723037719727e-01,1.125723719596862793e-01,-1.412296593189239502e-01,-7.529253605753183365e-03,2.237576395273208618e-01,-3.292177319526672363e-01,2.513838112354278564e-01,-5.543506145477294922e-01,8.891270756721496582e-01,8.570919185876846313e-02,-1.815243363380432129e-01,-6.414849311113357544e-02,-2.461099326610565186e-01,-3.181168735027313232e-01,4.753545224666595459e-01,1.007938027381896973e+00,-2.900088764727115631e-02,2.999639697372913361e-02,1.110532954335212708e-01
1.333169639110565186e-01,-1.381834596395492554e-01,6.769182085990905762e-01,-2.224079146981239319e-02,-3.709292784333229065e-02,-3.205897212028503418e-01,9.462302327156066895e-01,1.359958648681640625e-01,-3.571755811572074890e-02,-9.077119082212448120e-02,8.957372307777404785e-01,-6.766526699066162109e-01,2.230182476341724396e-02,-5.421432852745056152e-01,-8.993498049676418304e-03,-1.105624511837959290e-01,9.926697015762329102e-01,-5.394046902656555176e-01,8.407856523990631104e-02,-1.366476267576217651e-01,2.058824710547924042e-02,2.409973293542861938e-01,-3.225488662719726562e-01,2.507641613483428955e-01,-5.484457015991210938e-01,9.074128270149230957e-01,6.508192420005798340e-02,-1.714687645435333252e-01,-5.565128847956657410e-02,-2.437311857938766479e-01,-3.247670233249664307e-01,4.860768020153045654e-01,1.009626746177673340e+00,-3.384567052125930786e-02,2.977493591606616974e-02,1.125646457076072693e-01
1.381770223379135132e-01,-1.493695080280303955e-01,6.741483211517333984e-01,-4.132820293307304382e-02,-3.328768536448478699e-02,-3.298882544040679932e-01,9.425272941589355469e-01,6.775791943073272705e-02,2.294378913938999176e-02,-8.329831063747406006e-02,1.090637803077697754e+00,-6.243389844894409180e-01,-1.260884478688240051e-02,-5.244922041893005371e-01,5.371347069740295410e-02,-1.255813688039779663e-01,9.978356957435607910e-01,-5.546787381172180176e-01,5.252385884523391724e-02,-1.299831122159957886e-01,6.293129920959472656e-02,2.553318142890930176e-01,-3.097185492515563965e-01,2.481561601161956787e-01,-5.346449017524719238e-01,9.405972361564636230e-01,4.964485764503479004e-02,-1.613505780696868896e-01,-4.740678519010543823e-02,-2.485084831714630127e-01,-3.329885601997375488e-01,4.989145994186401367e-01,1.019579887390136719e+00,-4.310303553938865662e-02,2.793216519057750702e-02,1.175413578748703003e-01
1.422498226165771484e-01,-1.601829975843429565e-01,6.737098693847656250e-01,-5.614028498530387878e-02,-2.231983281672000885e-02,-3.405119180679321289e-01,9.382972717285156250e-01,-3.868564590811729431e-02,8.271256089210510254e-02,-8.107101917266845703e-02,1.278473854064941406e+00,-5.666834115982055664e-01,-3.708333149552345276e-02,-5.178902745246887207e-01,1.176309585571289062e-01,-1.324961334466934204e-01,9.801546335220336914e-01,-5.582718849182128906e-01,2.645159699022769928e-02,-1.133663207292556763e-01,1.059669926762580872e-01,2.520093917846679688e-01,-2.915868461132049561e-01,2.427775412797927856e-01,-5.142325162887573242e-01,9.890810847282409668e-01,5.255902558565139771e-02,-1.510446369647979736e-01,-4.423960298299789429e-02,-2.513648271560668945e-01,-3.428468704223632812e-01,5.098748207092285156e-01,1.027445077896118164e+00,-5.614790692925453186e-02,2.288054116070270538e-02,1.252748519182205200e-01
1.457910984754562378e-01,-1.712607741355895996e-01,6.737950444221496582e-01,-5.891170352697372437e-02,-2.230810374021530151e-02,-3.512134253978729248e-01,9.341738820075988770e-01,-1.500812172889709473e-01,1.147414520382881165e-01,-7.910951972007751465e-02,1.421545743942260742e+00,-5.378754138946533203e-01,-3.088720701634883881e-02,-5.003323554992675781e-01,1.516638696193695068e-01,-1.210546493530273438e-01,9.742548465728759766e-01,-5.776756405830383301e-01,9.785844944417476654e-03,-9.314191341400146484e-02,1.174897775053977966e-01,2.513322830200195312e-01,-2.661839723587036133e-01,2.428876608610153198e-01,-4.919537305831909180e-01,1.037613987922668457e+00,6.193376705050468445e-02,-1.375102251768112183e-01,-3.310408815741539001e-02,-2.531606554985046387e-01,-3.453001379966735840e-01,5.109533071517944336e-01,1.043698906898498535e+00,-5.855558812618255615e-02,2.015357278287410736e-02,1.221650540828704834e-01
1.485244035720825195e-01,-1.823279708623886108e-01,6.760883331298828125e-01,-5.409966781735420227e-02,-2.586811222136020660e-02,-3.601512312889099121e-01,9.309646487236022949e-01,-2.661266624927520752e-01,1.306321620941162109e-01,-7.953039556741714478e-02,1.506725072860717773e+00,-5.529657602310180664e-01,-1.904479926452040672e-03,-4.779212772846221924e-01,1.686994433403015137e-01,-9.861014038324356079e-02,9.668288230895996094e-01,-5.926375985145568848e-01,-1.920599373988807201e-03,-6.669228523969650269e-02,1.130061298608779907e-01,2.522763013839721680e-01,-2.413710355758666992e-01,2.450898438692092896e-01,-4.645989835262298584e-01,1.091297984123229980e+00,6.151947006583213806e-02,-1.244013011455535889e-01,-1.925257220864295959e-02,-2.548023760318756104e-01,-3.504037857055664062e-01,5.145460367202758789e-01,1.052986979484558105e+00,-6.531273573637008667e-02,1.148585975170135498e-02,1.171442270278930664e-01
1.504260450601577759e-01,-1.931566596031188965e-01,6.785708665847778320e-01,-4.517586529254913330e-02,-3.801355883479118347e-02,-3.676360249519348145e-01,9.280936717987060547e-01,-3.863497972488403320e-01,1.391651183366775513e-01,-8.017694205045700073e-02,1.534325480461120605e+00,-5.883324742317199707e-01,3.934957832098007202e-02,-4.396685063838958740e-01,1.687289029359817505e-01,-7.142802327871322632e-02,9.604423642158508301e-01,-6.154109239578247070e-01,-9.600517340004444122e-03,-4.239939898252487183e-02,9.897191822528839111e-02,2.563424706459045410e-01,-2.130058109760284424e-01,2.506968975067138672e-01,-4.401474297046661377e-01,1.142583966255187988e+00,5.481253191828727722e-02,-1.119119301438331604e-01,-2.847555791959166527e-03,-2.578414678573608398e-01,-3.503951728343963623e-01,5.223622918128967285e-01,1.066632032394409180e+00,-6.698571145534515381e-02,2.945186803117394447e-03,1.132348924875259399e-01
1.518964022397994995e-01,-2.035012543201446533e-01,6.805501580238342285e-01,-3.919756785035133362e-02,-5.619116127490997314e-02,-3.722950518131256104e-01,9.255822300910949707e-01,-4.966893196105957031e-01,1.228656917810440063e-01,-8.703098446130752563e-02,1.490843057632446289e+00,-6.227602362632751465e-01,7.726693898439407349e-02,-3.881046175956726074e-01,1.659487634897232056e-01,-4.561389982700347900e-02,9.560160040855407715e-01,-6.337845921516418457e-01,-3.502203151583671570e-03,-2.214995212852954865e-02,7.785255461931228638e-02,2.687809765338897705e-01,-1.894295066595077515e-01,2.585894167423248291e-01,-4.107764959335327148e-01,1.192067861557006836e+00,4.366942122578620911e-02,-1.039844676852226257e-01,1.551965065300464630e-02,-2.600609064102172852e-01,-3.525593280792236328e-01,5.255882143974304199e-01,1.080283164978027344e+00,-6.430645287036895752e-02,-1.717965700663626194e-03,1.203693151473999023e-01
1.529628187417984009e-01,-2.134428322315216064e-01,6.843788623809814453e-01,-2.976276725530624390e-02,-7.341521978378295898e-02,-3.749281466007232666e-01,9.236629605293273926e-01,-5.960528850555419922e-01,1.021138504147529602e-01,-7.893224060535430908e-02,1.408002018928527832e+00,-6.457256078720092773e-01,1.058944016695022583e-01,-3.373842835426330566e-01,1.532651633024215698e-01,-1.890400424599647522e-02,9.443955421447753906e-01,-6.447010636329650879e-01,5.597829353064298630e-03,-5.206307396292686462e-03,5.605630204081535339e-02,2.868933379650115967e-01,-1.678960025310516357e-01,2.722134590148925781e-01,-3.845385015010833740e-01,1.223630428314208984e+00,3.848489746451377869e-02,-1.010076850652694702e-01,2.490181289613246918e-02,-2.645193934440612793e-01,-3.580850660800933838e-01,5.299935936927795410e-01,1.093781232833862305e+00,-6.349492818117141724e-02,-5.658074747771024704e-03,1.202700138092041016e-01
1.537990719079971313e-01,-2.228724956512451172e-01,6.908685564994812012e-01,-1.938506029546260834e-02,-7.753062248229980469e-02,-3.707260191440582275e-01,9.252974987030029297e-01,-6.788920164108276367e-01,8.467914909124374390e-02,-4.844268411397933960e-02,1.286685943603515625e+00,-6.633436083793640137e-01,1.167910769581794739e-01,-3.028195798397064209e-01,1.405038684606552124e-01,-2.882455242797732353e-03,9.079154133796691895e-01,-6.396574974060058594e-01,2.543170936405658722e-02,1.159011479467153549e-02,3.460150212049484253e-02,2.996735274791717529e-01,-1.425864249467849731e-01,2.857190668582916260e-01,-3.620149791240692139e-01,1.239377975463867188e+00,4.599679261445999146e-02,-1.048215329647064209e-01,3.288498893380165100e-02,-2.686378955841064453e-01,-3.641939461231231689e-01,5.303147435188293457e-01,1.099125504493713379e+00,-6.787154823541641235e-02,-3.920230548828840256e-03,1.342556774616241455e-01
1.531861424446105957e-01,-2.312258929014205933e-01,6.965133547782897949e-01,-1.210135174915194511e-03,-8.976751565933227539e-02,-3.654223382472991943e-01,9.265024662017822266e-01,-7.599427103996276855e-01,5.184336006641387939e-02,-2.789406850934028625e-02,1.130605459213256836e+00,-6.621586084365844727e-01,1.027271896600723267e-01,-2.667158842086791992e-01,9.647835046052932739e-02,4.376295488327741623e-03,8.882291913032531738e-01,-6.516815423965454102e-01,3.978484123945236206e-02,2.020556665956974030e-02,1.141165383160114288e-02,3.060888648033142090e-01,-1.187049672007560730e-01,2.965133488178253174e-01,-3.309635221958160400e-01,1.246001601219177246e+00,4.920971021056175232e-02,-1.091994345188140869e-01,3.713063150644302368e-02,-2.670713961124420166e-01,-3.674343526363372803e-01,5.279765129089355469e-01,1.106880903244018555e+00,-7.322181016206741333e-02,-6.092107389122247696e-03,1.463688760995864868e-01
1.507611125707626343e-01,-2.375763803720474243e-01,7.023519873619079590e-01,1.728945598006248474e-02,-1.010409742593765259e-01,-3.580884039402008057e-01,9.280433654785156250e-01,-8.352436423301696777e-01,7.304957136511802673e-03,-2.029360039159655571e-03,9.303336143493652344e-01,-6.494180560111999512e-01,8.435451239347457886e-02,-2.377596646547317505e-01,4.638627916574478149e-02,3.215677570551633835e-03,8.679773807525634766e-01,-6.559740900993347168e-01,6.500615179538726807e-02,2.039204537868499756e-02,-1.460589468479156494e-02,3.052061200141906738e-01,-9.524609148502349854e-02,3.062764406204223633e-01,-3.083384037017822266e-01,1.250216960906982422e+00,5.601583421230316162e-02,-1.167513653635978699e-01,3.770762309432029724e-02,-2.681590616703033447e-01,-3.713605403900146484e-01,5.263950824737548828e-01,1.108031511306762695e+00,-8.208043128252029419e-02,-1.063784305006265640e-02,1.495045125484466553e-01
1.467304676771163940e-01,-2.420235127210617065e-01,7.069951891899108887e-01,3.838599473237991333e-02,-1.088186129927635193e-01,-3.498663306236267090e-01,9.296658635139465332e-01,-9.028540253639221191e-01,-2.740527130663394928e-02,2.844984270632266998e-02,7.290344238281250000e-01,-6.167330145835876465e-01,6.519977748394012451e-02,-2.261096835136413574e-01,-7.849204353988170624e-03,-5.093637737445533276e-04,8.551906943321228027e-01,-6.664389967918395996e-01,8.112390339374542236e-02,1.467534247785806656e-02,-3.548679128289222717e-02,2.948773205280303955e-01,-7.615162432193756104e-02,3.108517825603485107e-01,-2.865324616432189941e-01,1.258004546165466309e+00,5.722235143184661865e-02,-1.249194741249084473e-01,3.557504713535308838e-02,-2.701020240783691406e-01,-3.744097650051116943e-01,5.263595581054687500e-01,1.107693791389465332e+00,-9.915501624345779419e-02,-1.879820600152015686e-02,1.487779021263122559e-01
1.418214887380599976e-01,-2.446988075971603394e-01,7.080179452896118164e-01,5.555900558829307556e-02,-1.183931380510330200e-01,-3.435119390487670898e-01,9.299977421760559082e-01,-9.724671244621276855e-01,-5.791192129254341125e-02,3.718217462301254272e-02,5.557613968849182129e-01,-5.744881629943847656e-01,5.895705148577690125e-02,-2.257731705904006958e-01,-5.315763503313064575e-02,-9.112676489166915417e-04,8.690614104270935059e-01,-6.809218525886535645e-01,9.329133480787277222e-02,1.104149315506219864e-02,-4.949976876378059387e-02,2.853548526763916016e-01,-6.299577653408050537e-02,3.118570446968078613e-01,-2.703069746494293213e-01,1.262531757354736328e+00,4.849757999181747437e-02,-1.335402727127075195e-01,2.846083231270313263e-02,-2.714447379112243652e-01,-3.770711421966552734e-01,5.187329053878784180e-01,1.103833436965942383e+00,-1.063206568360328674e-01,-2.528991550207138062e-02,1.440542042255401611e-01
1.391143649816513062e-01,-2.465287446975708008e-01,7.049745917320251465e-01,5.810021609067916870e-02,-1.297112405300140381e-01,-3.412394523620605469e-01,9.291689991950988770e-01,-1.048635840415954590e+00,-5.918265134096145630e-02,6.873015314340591431e-02,5.333746671676635742e-01,-5.582308173179626465e-01,3.406526520848274231e-02,-2.181674242019653320e-01,-7.180745154619216919e-02,-1.331264898180961609e-02,8.954703211784362793e-01,-6.981485486030578613e-01,1.083304360508918762e-01,9.961592964828014374e-03,-4.821030050516128540e-02,2.894211113452911377e-01,-4.224580898880958557e-02,3.106042742729187012e-01,-2.610532045364379883e-01,1.266356468200683594e+00,5.563585087656974792e-02,-1.364646404981613159e-01,3.243778273463249207e-02,-2.695910334587097168e-01,-3.724005818367004395e-01,5.218744874000549316e-01,1.099937200546264648e+00,-1.140495091676712036e-01,-2.898864634335041046e-02,1.374589949846267700e-01
1.358150988817214966e-01,-2.479294091463088989e-01,7.062819600105285645e-01,6.686974316835403442e-02,-1.394392848014831543e-01,-3.447488248348236084e-01,9.258689880371093750e-01,-1.077621102333068848e+00,-6.584379822015762329e-02,6.568564474582672119e-02,3.964657783508300781e-01,-4.993816018104553223e-01,3.938744589686393738e-02,-2.020007818937301636e-01,-9.036482125520706177e-02,9.745000861585140228e-04,8.919907212257385254e-01,-6.991152763366699219e-01,1.174114048480987549e-01,1.886673085391521454e-02,-5.465450137853622437e-02,2.801481485366821289e-01,-2.823123522102832794e-02,3.136969804763793945e-01,-2.453070878982543945e-01,1.264816880226135254e+00,4.343701899051666260e-02,-1.410419344902038574e-01,2.489639446139335632e-02,-2.799185514450073242e-01,-3.717942237854003906e-01,5.227484107017517090e-01,1.098916053771972656e+00,-1.152096837759017944e-01,-3.368198499083518982e-02,1.306954175233840942e-01
1.345399916172027588e-01,-2.486829757690429688e-01,7.017711997032165527e-01,7.008919864892959595e-02,-1.553012430667877197e-01,-3.449399173259735107e-01,9.230306148529052734e-01,-1.147923827171325684e+00,-6.758686900138854980e-02,8.205941319465637207e-02,4.376150369644165039e-01,-4.702142179012298584e-01,3.006062656641006470e-02,-1.937877386808395386e-01,-1.153696104884147644e-01,-5.133626982569694519e-03,9.339331388473510742e-01,-7.210803031921386719e-01,1.220649480819702148e-01,1.683308742940425873e-02,-5.423867702484130859e-02,2.802447676658630371e-01,-1.197461225092411041e-02,3.068619668483734131e-01,-2.395253181457519531e-01,1.273675560951232910e+00,3.847721964120864868e-02,-1.382592469453811646e-01,2.245933562517166138e-02,-2.813601791858673096e-01,-3.670406043529510498e-01,5.317530035972595215e-01,1.101874709129333496e+00,-1.113932803273200989e-01,-3.508157283067703247e-02,1.201616004109382629e-01
1.352981477975845337e-01,-2.498003542423248291e-01,7.001514434814453125e-01,7.241139560937881470e-02,-1.663112491369247437e-01,-3.483113944530487061e-01,9.196609854698181152e-01,-1.195895910263061523e+00,-6.990464776754379272e-02,9.731352329254150391e-02,4.836601912975311279e-01,-4.666114747524261475e-01,3.405712917447090149e-02,-1.826737970113754272e-01,-1.289894133806228638e-01,1.440491178072988987e-03,9.599493145942687988e-01,-7.284907102584838867e-01,1.379829943180084229e-01,1.660536415874958038e-02,-6.028496474027633667e-02,2.795609533786773682e-01,7.483499124646186829e-03,3.031108081340789795e-01,-2.339012026786804199e-01,1.280368804931640625e+00,3.873246535658836365e-02,-1.367949396371841431e-01,1.732020638883113861e-02,-2.876833975315093994e-01,-3.634237349033355713e-01,5.383068919181823730e-01,1.100880146026611328e+00,-1.131267771124839783e-01,-3.831585124135017395e-02,1.134641915559768677e-01
1.368349939584732056e-01,-2.505090832710266113e-01,7.000229954719543457e-01,7.299295067787170410e-02,-1.745849996805191040e-01,-3.506259322166442871e-01,9.171987771987915039e-01,-1.224545598030090332e+00,-7.055526971817016602e-02,1.147188991308212280e-01,5.301038026809692383e-01,-4.733076095581054688e-01,3.852328658103942871e-02,-1.720055639743804932e-01,-1.366637051105499268e-01,1.020733732730150223e-02,9.782817959785461426e-01,-7.242615222930908203e-01,1.637028455734252930e-01,1.863456703722476959e-02,-6.855618208646774292e-02,2.803084552288055420e-01,3.122388571500778198e-02,3.040504157543182373e-01,-2.356947213411331177e-01,1.283411860466003418e+00,5.095502361655235291e-02,-1.373364329338073730e-01,1.628697663545608521e-02,-2.922212183475494385e-01,-3.603444397449493408e-01,5.459355115890502930e-01,1.093234539031982422e+00,-1.322552412748336792e-01,-4.015816003084182739e-02,1.126836463809013367e-01
1.388495415449142456e-01,-2.513045668601989746e-01,7.019183635711669922e-01,7.068383693695068359e-02,-1.950508356094360352e-01,-3.677189052104949951e-01,9.064997434616088867e-01,-1.211985945701599121e+00,-4.806369915604591370e-02,1.211486607789993286e-01,6.057751178741455078e-01,-4.897390007972717285e-01,4.169941693544387817e-02,-1.144309416413307190e-01,-1.392418593168258667e-01,3.477006778120994568e-02,9.605042934417724609e-01,-7.253629565238952637e-01,1.608927547931671143e-01,3.867524117231369019e-02,-6.717062741518020630e-02,3.101131618022918701e-01,5.406010895967483521e-02,3.046472370624542236e-01,-2.203110903501510620e-01,1.283293128013610840e+00,3.487003594636917114e-02,-1.362999677658081055e-01,7.859032601118087769e-03,-3.064147830009460449e-01,-3.543189764022827148e-01,5.551593303680419922e-01,1.102651596069335938e+00,-1.342140287160873413e-01,-4.010634869337081909e-02,1.134736761450767517e-01
1.414944678544998169e-01,-2.518699765205383301e-01,6.981489062309265137e-01,7.215721905231475830e-02,-2.051014900207519531e-01,-3.686075806617736816e-01,9.038003683090209961e-01,-1.239834070205688477e+00,-5.570133030414581299e-02,1.227547079324722290e-01,6.760224103927612305e-01,-4.826523959636688232e-01,4.224799573421478271e-02,-1.104624792933464050e-01,-1.559300124645233154e-01,3.627310693264007568e-02,9.959822297096252441e-01,-7.468718290328979492e-01,1.589440256357192993e-01,3.292202576994895935e-02,-6.653835624456405640e-02,3.071194291114807129e-01,5.637469142675399780e-02,2.970790565013885498e-01,-2.218430042266845703e-01,1.284058570861816406e+00,2.505900152027606964e-02,-1.316481828689575195e-01,1.344737783074378967e-02,-3.041299879550933838e-01,-3.505124449729919434e-01,5.662112236022949219e-01,1.108861923217773438e+00,-1.326660066843032837e-01,-3.855042532086372375e-02,1.048326119780540466e-01
1.442519575357437134e-01,-2.524006366729736328e-01,7.003908753395080566e-01,7.069060206413269043e-02,-2.121139913797378540e-01,-3.783421814441680908e-01,8.982581496238708496e-01,-1.207240104675292969e+00,-4.687644913792610168e-02,1.267888844013214111e-01,7.077010869979858398e-01,-4.893356561660766602e-01,4.083476588129997253e-02,-8.084098994731903076e-02,-1.549052000045776367e-01,5.189564451575279236e-02,9.768635034561157227e-01,-7.457041144371032715e-01,1.631321907043457031e-01,4.620958119630813599e-02,-6.261537224054336548e-02,3.190895318984985352e-01,4.924664646387100220e-02,2.983594536781311035e-01,-2.195304483175277710e-01,1.270599365234375000e+00,1.971732079982757568e-02,-1.286754906177520752e-01,1.067572273313999176e-02,-3.122517168521881104e-01,-3.512719571590423584e-01,5.714071393013000488e-01,1.115269660949707031e+00,-1.429975479841232300e-01,-3.790937736630439758e-02,1.062320172786712646e-01
1.474243700504302979e-01,-2.525222599506378174e-01,7.004761695861816406e-01,6.988162547349929810e-02,-2.165078520774841309e-01,-3.828505277633666992e-01,8.953582644462585449e-01,-1.178781151771545410e+00,-5.087656155228614807e-02,1.296082437038421631e-01,7.336808443069458008e-01,-4.856988787651062012e-01,3.879403695464134216e-02,-6.763679534196853638e-02,-1.591683477163314819e-01,5.827661603689193726e-02,9.758679866790771484e-01,-7.520523667335510254e-01,1.664630174636840820e-01,4.792029783129692078e-02,-5.970128253102302551e-02,3.212512135505676270e-01,4.008401185274124146e-02,2.968622744083404541e-01,-2.203081995248794556e-01,1.260561108589172363e+00,2.347407676279544830e-02,-1.297788023948669434e-01,1.186065189540386200e-02,-3.150503635406494141e-01,-3.511736690998077393e-01,5.772281885147094727e-01,1.121040821075439453e+00,-1.548846364021301270e-01,-3.740193694829940796e-02,1.075226068496704102e-01
1.510818898677825928e-01,-2.523683607578277588e-01,7.009387016296386719e-01,6.949453055858612061e-02,-2.177444100379943848e-01,-3.869682848453521729e-01,8.933159708976745605e-01,-1.141304373741149902e+00,-5.776460468769073486e-02,1.292432546615600586e-01,7.431352734565734863e-01,-4.867497086524963379e-01,3.466689586639404297e-02,-6.049674749374389648e-02,-1.628058701753616333e-01,6.358426064252853394e-02,9.725496172904968262e-01,-7.564887404441833496e-01,1.681814193725585938e-01,4.770364612340927124e-02,-5.411424860358238220e-02,3.169141709804534912e-01,2.861148118972778320e-02,2.945771813392639160e-01,-2.209548354148864746e-01,1.250071406364440918e+00,2.049497142434120178e-02,-1.307160854339599609e-01,1.223521120846271515e-02,-3.172020316123962402e-01,-3.500412106513977051e-01,5.833370685577392578e-01,1.132411360740661621e+00,-1.658180058002471924e-01,-3.755343332886695862e-02,1.126245707273483276e-01
1.553742438554763794e-01,-2.519400417804718018e-01,7.021947503089904785e-01,6.719421595335006714e-02,-2.145294398069381714e-01,-3.900519609451293945e-01,8.929286003112792969e-01,-1.095409035682678223e+00,-6.316778808832168579e-02,1.318445801734924316e-01,7.441330552101135254e-01,-4.884642660617828369e-01,3.174153342843055725e-02,-5.651789531111717224e-02,-1.603556126356124878e-01,6.423082202672958374e-02,9.611480236053466797e-01,-7.557357549667358398e-01,1.699330806732177734e-01,4.494190961122512817e-02,-4.632573947310447693e-02,3.100587725639343262e-01,1.439539343118667603e-02,2.928022444248199463e-01,-2.194960117340087891e-01,1.237464070320129395e+00,2.014841139316558838e-02,-1.311495453119277954e-01,1.254034880548715591e-02,-3.172174990177154541e-01,-3.477140963077545166e-01,5.858708024024963379e-01,1.142880558967590332e+00,-1.776125878095626831e-01,-3.687691316008567810e-02,1.180341243743896484e-01
1.602455228567123413e-01,-2.512429356575012207e-01,7.038035988807678223e-01,6.481745094060897827e-02,-2.105145305395126343e-01,-3.925792574882507324e-01,8.929523229598999023e-01,-1.038537621498107910e+00,-7.199224829673767090e-02,1.321779787540435791e-01,7.327716350555419922e-01,-4.895230531692504883e-01,2.783974073827266693e-02,-5.204285308718681335e-02,-1.571144163608551025e-01,6.684076040983200073e-02,9.459648728370666504e-01,-7.537279129028320312e-01,1.705652773380279541e-01,4.271055757999420166e-02,-3.900469467043876648e-02,3.022140264511108398e-01,1.447256072424352169e-03,2.927318513393402100e-01,-2.239119559526443481e-01,1.221873641014099121e+00,2.367621473968029022e-02,-1.331563144922256470e-01,1.461671944707632065e-02,-3.135831654071807861e-01,-3.436235785484313965e-01,5.870404243469238281e-01,1.151411533355712891e+00,-1.884514987468719482e-01,-3.874450922012329102e-02,1.252736747264862061e-01
1.661026179790496826e-01,-2.505342364311218262e-01,7.059508562088012695e-01,6.015437841415405273e-02,-2.021000832319259644e-01,-3.945655524730682373e-01,8.943461179733276367e-01,-9.796715974807739258e-01,-7.932265102863311768e-02,1.310492008924484253e-01,7.282641530036926270e-01,-4.915553331375122070e-01,2.346104569733142853e-02,-5.183025449514389038e-02,-1.463139802217483521e-01,6.599728018045425415e-02,9.271539449691772461e-01,-7.448776364326477051e-01,1.710078418254852295e-01,3.852319717407226562e-02,-3.037592954933643341e-02,2.923633754253387451e-01,-1.143354736268520355e-02,2.922914922237396240e-01,-2.292624264955520630e-01,1.206688165664672852e+00,3.123966231942176819e-02,-1.356122344732284546e-01,1.408273912966251373e-02,-3.056527078151702881e-01,-3.368313312530517578e-01,5.854065418243408203e-01,1.158480405807495117e+00,-2.008408159017562866e-01,-3.823409974575042725e-02,1.337590068578720093e-01
1.727925240993499756e-01,-2.498787045478820801e-01,7.077260017395019531e-01,5.504762381315231323e-02,-1.942346692085266113e-01,-3.966200947761535645e-01,8.955083489418029785e-01,-9.197020530700683594e-01,-8.516841381788253784e-02,1.255096942186355591e-01,7.353159785270690918e-01,-4.911783039569854736e-01,2.025390602648258209e-02,-4.938429594039916992e-02,-1.355206221342086792e-01,6.610251218080520630e-02,9.090828895568847656e-01,-7.385451793670654297e-01,1.676116883754730225e-01,3.359888866543769836e-02,-2.229475416243076324e-02,2.841103672981262207e-01,-2.301315777003765106e-02,2.924510538578033447e-01,-2.348097562789916992e-01,1.191296935081481934e+00,4.028194397687911987e-02,-1.352625638246536255e-01,1.252990216016769409e-02,-2.945781648159027100e-01,-3.303787112236022949e-01,5.817165970802307129e-01,1.163569927215576172e+00,-2.103524357080459595e-01,-3.640805184841156006e-02,1.404247581958770752e-01
1.803112179040908813e-01,-2.493067085742950439e-01,7.089573144912719727e-01,4.761590063571929932e-02,-1.869014352560043335e-01,-3.986484408378601074e-01,8.965935707092285156e-01,-8.580820560455322266e-01,-8.728014677762985229e-02,1.168147474527359009e-01,7.582995295524597168e-01,-4.904374480247497559e-01,1.820344105362892151e-02,-4.304236918687820435e-02,-1.201495528221130371e-01,6.687072664499282837e-02,8.914952874183654785e-01,-7.321693301200866699e-01,1.642197817564010620e-01,2.879980206489562988e-02,-1.183262374252080917e-02,2.760363221168518066e-01,-3.479721024632453918e-02,2.905163168907165527e-01,-2.436250746250152588e-01,1.180550336837768555e+00,5.515731871128082275e-02,-1.335577368736267090e-01,1.132066827267408371e-02,-2.792507112026214600e-01,-3.258050382137298584e-01,5.780585408210754395e-01,1.170309424400329590e+00,-2.163300812244415283e-01,-3.424140438437461853e-02,1.448691487312316895e-01
1.885640770196914673e-01,-2.488266080617904663e-01,7.096989750862121582e-01,3.965503349900245667e-02,-1.786334812641143799e-01,-4.015812873840332031e-01,8.973572254180908203e-01,-7.942044734954833984e-01,-8.669501543045043945e-02,1.075564622879028320e-01,7.924087047576904297e-01,-4.903172254562377930e-01,1.629277504980564117e-02,-3.865077346563339233e-02,-1.024006679654121399e-01,6.952834129333496094e-02,8.761618733406066895e-01,-7.281161546707153320e-01,1.565173417329788208e-01,2.336862497031688690e-02,-2.308160401298664510e-05,2.700195610523223877e-01,-4.464918375015258789e-02,2.876788377761840820e-01,-2.514798641204833984e-01,1.172352671623229980e+00,6.679845601320266724e-02,-1.322918683290481567e-01,1.019822340458631516e-02,-2.637538015842437744e-01,-3.210235834121704102e-01,5.702905058860778809e-01,1.176862120628356934e+00,-2.163404524326324463e-01,-3.237032890319824219e-02,1.495498269796371460e-01
1.974517405033111572e-01,-2.483659237623214722e-01,7.098833918571472168e-01,3.022302128374576569e-02,-1.692271977663040161e-01,-4.056763648986816406e-01,8.977056145668029785e-01,-7.322660684585571289e-01,-8.175897598266601562e-02,1.009568646550178528e-01,8.368105292320251465e-01,-4.938086867332458496e-01,1.796411536633968353e-02,-3.598967939615249634e-02,-8.014576137065887451e-02,7.397851347923278809e-02,8.628464937210083008e-01,-7.239113450050354004e-01,1.514136344194412231e-01,1.632080785930156708e-02,1.196005009114742279e-02,2.637286782264709473e-01,-5.490772053599357605e-02,2.838187515735626221e-01,-2.636997997760772705e-01,1.170293927192687988e+00,8.365972340106964111e-02,-1.292180269956588745e-01,7.087684236466884613e-03,-2.464326173067092896e-01,-3.161978423595428467e-01,5.629411339759826660e-01,1.184707045555114746e+00,-2.182562500238418579e-01,-2.859021909534931183e-02,1.546217203140258789e-01
2.060254514217376709e-01,-2.472629398107528687e-01,7.062409520149230957e-01,2.318466827273368835e-02,-1.608879417181015015e-01,-4.056436419486999512e-01,8.994613885879516602e-01,-6.865177750587463379e-01,-8.751370757818222046e-02,9.800587594509124756e-02,9.089018106460571289e-01,-4.972772300243377686e-01,2.495833672583103180e-02,-5.632641911506652832e-02,-6.472168117761611938e-02,7.532517611980438232e-02,8.949110507965087891e-01,-7.373954653739929199e-01,1.467375308275222778e-01,-3.335448214784264565e-03,1.350275613367557526e-02,2.554743885993957520e-01,-5.640495195984840393e-02,2.749416828155517578e-01,-2.759828567504882812e-01,1.169366002082824707e+00,9.988699853420257568e-02,-1.257966607809066772e-01,6.081094034016132355e-03,-2.243799716234207153e-01,-3.074988722801208496e-01,5.572528243064880371e-01,1.194175720214843750e+00,-2.176960110664367676e-01,-2.405990846455097198e-02,1.566124260425567627e-01
2.158626616001129150e-01,-2.480084896087646484e-01,7.082008123397827148e-01,6.656700745224952698e-03,-1.462586373090744019e-01,-4.168335199356079102e-01,8.971142172813415527e-01,-6.033154129981994629e-01,-6.000275537371635437e-02,8.050467818975448608e-02,9.572236537933349609e-01,-5.067993402481079102e-01,3.010430186986923218e-02,-3.771191462874412537e-02,-1.724363304674625397e-02,8.882337808609008789e-02,8.427719473838806152e-01,-7.173441648483276367e-01,1.378153860569000244e-01,4.765835124999284744e-03,3.912952542304992676e-02,2.510443627834320068e-01,-6.956449151039123535e-02,2.739286720752716064e-01,-2.913672626018524170e-01,1.174396276473999023e+00,1.176553815603256226e-01,-1.175698265433311462e-01,5.499321268871426582e-04,-2.059813439846038818e-01,-3.086268603801727295e-01,5.419653058052062988e-01,1.197887659072875977e+00,-2.184740006923675537e-01,-1.698849163949489594e-02,1.680911034345626831e-01
2.237726747989654541e-01,-2.473807036876678467e-01,7.038924098014831543e-01,-2.352721989154815674e-03,-1.368135064840316772e-01,-4.177165627479553223e-01,8.982145786285400391e-01,-5.502619147300720215e-01,-5.513276532292366028e-02,7.486043870449066162e-02,1.036159992218017578e+00,-5.158939361572265625e-01,4.260598868131637573e-02,-5.938315764069557190e-02,6.752284243702888489e-03,9.037227183580398560e-02,8.762006163597106934e-01,-7.329305410385131836e-01,1.315494030714035034e-01,-1.455991808325052261e-02,4.276686534285545349e-02,2.440173625946044922e-01,-6.798249483108520508e-02,2.650890648365020752e-01,-3.070529997348785400e-01,1.178147435188293457e+00,1.357818990945816040e-01,-1.147510856389999390e-01,2.990994136780500412e-03,-1.835197210311889648e-01,-3.044800758361816406e-01,5.369329452514648438e-01,1.205927014350891113e+00,-2.199397385120391846e-01,-1.164697669446468353e-02,1.680970340967178345e-01
2.328885793685913086e-01,-2.487664371728897095e-01,7.043309807777404785e-01,-2.091990225017070770e-02,-1.203748732805252075e-01,-4.267252981662750244e-01,8.960902690887451172e-01,-4.760885238647460938e-01,-1.911118067800998688e-02,6.355051696300506592e-02,1.087497591972351074e+00,-5.378983616828918457e-01,5.040381103754043579e-02,-4.449373483657836914e-02,5.833237245678901672e-02,9.694752097129821777e-02,8.275927901268005371e-01,-7.125274538993835449e-01,1.236588880419731140e-01,-1.075289305299520493e-02,7.045481353998184204e-02,2.362830489873886108e-01,-8.039443939924240112e-02,2.621910572052001953e-01,-3.266927599906921387e-01,1.187623143196105957e+00,1.629185974597930908e-01,-1.102687120437622070e-01,-2.980378922075033188e-03,-1.637966036796569824e-01,-3.101749420166015625e-01,5.195221304893493652e-01,1.209800958633422852e+00,-2.222143858671188354e-01,-3.720141248777508736e-03,1.750029921531677246e-01
2.404039055109024048e-01,-2.499033063650131226e-01,7.023854851722717285e-01,-3.497734665870666504e-02,-1.060189753770828247e-01,-4.316307008266448975e-01,8.951153755187988281e-01,-4.143300056457519531e-01,6.789969280362129211e-03,5.810664594173431396e-02,1.137754559516906738e+00,-5.605571866035461426e-01,5.879090353846549988e-02,-4.776062816381454468e-02,9.783447533845901489e-02,9.674877673387527466e-02,8.133490681648254395e-01,-7.088226079940795898e-01,1.144168078899383545e-01,-1.950929313898086548e-02,8.738528937101364136e-02,2.300031930208206177e-01,-8.577559143304824829e-02,2.549316883087158203e-01,-3.463666141033172607e-01,1.193682074546813965e+00,1.871503591537475586e-01,-1.058987751603126526e-01,-3.560249228030443192e-03,-1.427016854286193848e-01,-3.122033774852752686e-01,5.074681043624877930e-01,1.216999053955078125e+00,-2.214516997337341309e-01,3.394676139578223228e-03,1.733429431915283203e-01
2.470708191394805908e-01,-2.516848146915435791e-01,7.006265521049499512e-01,-4.613376408815383911e-02,-9.147127717733383179e-02,-4.348284006118774414e-01,8.946669697761535645e-01,-3.592795133590698242e-01,3.090171702206134796e-02,5.447587743401527405e-02,1.172362446784973145e+00,-5.823504328727722168e-01,6.565323472023010254e-02,-5.292956903576850891e-02,1.307157427072525024e-01,9.271000325679779053e-02,7.977974414825439453e-01,-7.076387405395507812e-01,1.020879447460174561e-01,-2.870219945907592773e-02,1.021807268261909485e-01,2.225469648838043213e-01,-8.997834473848342896e-02,2.492529749870300293e-01,-3.670083880424499512e-01,1.194700598716735840e+00,2.142183631658554077e-01,-1.041240617632865906e-01,-6.513791158795356750e-03,-1.238360330462455750e-01,-3.135458827018737793e-01,4.946310520172119141e-01,1.227163076400756836e+00,-2.151442617177963257e-01,1.150335557758808136e-02,1.659567058086395264e-01
2.529345154762268066e-01,-2.540841698646545410e-01,6.995435357093811035e-01,-5.477238073945045471e-02,-7.724731415510177612e-02,-4.369293451309204102e-01,8.944973945617675781e-01,-3.118951916694641113e-01,5.325369909405708313e-02,5.294243246316909790e-02,1.188277125358581543e+00,-6.042764782905578613e-01,7.002548128366470337e-02,-5.597612634301185608e-02,1.576133519411087036e-01,8.680282533168792725e-02,7.747022509574890137e-01,-7.047793269157409668e-01,9.241072088479995728e-02,-3.801826015114784241e-02,1.136122643947601318e-01,2.122408002614974976e-01,-9.113204479217529297e-02,2.440709024667739868e-01,-3.851053118705749512e-01,1.192562580108642578e+00,2.375503629446029663e-01,-1.011982411146163940e-01,-1.001826021820306778e-02,-1.046282127499580383e-01,-3.166545629501342773e-01,4.807770252227783203e-01,1.226603031158447266e+00,-2.105138748884201050e-01,1.499506458640098572e-02,1.654951274394989014e-01
2.580572068691253662e-01,-2.570527195930480957e-01,6.994909048080444336e-01,-5.892520770430564880e-02,-6.199537217617034912e-02,-4.373267590999603271e-01,8.952260613441467285e-01,-2.723765373229980469e-01,7.253255695104598999e-02,5.296070873737335205e-02,1.181134581565856934e+00,-6.259781718254089355e-01,7.338076829910278320e-02,-6.037219241261482239e-02,1.757697612047195435e-01,7.956755906343460083e-02,7.426168322563171387e-01,-7.012140750885009766e-01,8.289267122745513916e-02,-4.625269025564193726e-02,1.225682199001312256e-01,1.991948783397674561e-01,-9.118346124887466431e-02,2.405329048633575439e-01,-4.020489156246185303e-01,1.188984870910644531e+00,2.525823414325714111e-01,-9.932739287614822388e-02,-1.421115081757307053e-02,-8.894564956426620483e-02,-3.211502730846405029e-01,4.693256020545959473e-01,1.221535801887512207e+00,-2.002488225698471069e-01,1.904734224081039429e-02,1.654808074235916138e-01
2.624146640300750732e-01,-2.602840960025787354e-01,7.001128792762756348e-01,-6.249735504388809204e-02,-4.914229735732078552e-02,-4.364499151706695557e-01,8.962090015411376953e-01,-2.373810112476348877e-01,8.664686232805252075e-02,4.985042288899421692e-02,1.154999613761901855e+00,-6.455315947532653809e-01,7.330667972564697266e-02,-5.683021619915962219e-02,1.904736757278442383e-01,7.172952592372894287e-02,7.028043866157531738e-01,-6.924157738685607910e-01,7.553562521934509277e-02,-5.196185037493705750e-02,1.296913772821426392e-01,1.873048096895217896e-01,-8.943235129117965698e-02,2.388588190078735352e-01,-4.137565493583679199e-01,1.185508966445922852e+00,2.638457119464874268e-01,-9.995381534099578857e-02,-1.837646029889583588e-02,-7.410154491662979126e-02,-3.237021267414093018e-01,4.542816877365112305e-01,1.215612053871154785e+00,-1.903087794780731201e-01,2.025942131876945496e-02,1.597344577312469482e-01
2.659785151481628418e-01,-2.634583115577697754e-01,7.010790109634399414e-01,-6.467812508344650269e-02,-3.875428065657615662e-02,-4.347495436668395996e-01,8.973893523216247559e-01,-2.078476995229721069e-01,9.491845220327377319e-02,4.606685042381286621e-02,1.115951180458068848e+00,-6.659999489784240723e-01,7.358913868665695190e-02,-5.011900886893272400e-02,2.004515677690505981e-01,6.442938745021820068e-02,6.628747582435607910e-01,-6.817383766174316406e-01,7.371136546134948730e-02,-5.621089413762092590e-02,1.329626590013504028e-01,1.779664605855941772e-01,-8.664441108703613281e-02,2.395952194929122925e-01,-4.218604564666748047e-01,1.177237033843994141e+00,2.685360610485076904e-01,-1.004563197493553162e-01,-2.659420855343341827e-02,-6.024057418107986450e-02,-3.244030475616455078e-01,4.403463900089263916e-01,1.207386732101440430e+00,-1.778883934020996094e-01,2.238868735730648041e-02,1.573859006166458130e-01
2.686272859573364258e-01,-2.663224041461944580e-01,7.022304534912109375e-01,-6.406798958778381348e-02,-3.156583383679389954e-02,-4.318585097789764404e-01,8.991090655326843262e-01,-1.884060353040695190e-01,9.739205241203308105e-02,4.145460948348045349e-02,1.076770424842834473e+00,-6.790051460266113281e-01,7.250273227691650391e-02,-4.484983906149864197e-02,2.021554708480834961e-01,5.646972358226776123e-02,6.327700614929199219e-01,-6.739718914031982422e-01,7.056596875190734863e-02,-5.734047293663024902e-02,1.320399791002273560e-01,1.704875379800796509e-01,-8.521908521652221680e-02,2.404313385486602783e-01,-4.281583130359649658e-01,1.168947339057922363e+00,2.671426832675933838e-01,-1.015355810523033142e-01,-3.146744146943092346e-02,-4.823334515094757080e-02,-3.237225413322448730e-01,4.308259785175323486e-01,1.201330900192260742e+00,-1.665815860033035278e-01,2.364305593073368073e-02,1.535442322492599487e-01
2.703837752342224121e-01,-2.686558961868286133e-01,7.033725380897521973e-01,-6.201003864407539368e-02,-2.737656049430370331e-02,-4.289925396442413330e-01,9.007611870765686035e-01,-1.782003194093704224e-01,9.587690979242324829e-02,3.336304798722267151e-02,1.046601891517639160e+00,-6.864951252937316895e-01,6.823842227458953857e-02,-3.865171968936920166e-02,1.981875151395797729e-01,4.797835648059844971e-02,6.083399653434753418e-01,-6.690529584884643555e-01,6.959838420152664185e-02,-5.557490512728691101e-02,1.302557885646820068e-01,1.660755276679992676e-01,-8.532105386257171631e-02,2.404103577136993408e-01,-4.303634464740753174e-01,1.159782767295837402e+00,2.630295455455780029e-01,-1.035533174872398376e-01,-3.879867866635322571e-02,-3.852974623441696167e-02,-3.235181570053100586e-01,4.251646995544433594e-01,1.192553162574768066e+00,-1.597081571817398071e-01,2.618118934333324432e-02,1.521126031875610352e-01
