-3.249760949984192848e-03,-9.119022637605667114e-03,7.190466523170471191e-01,-2.682754211127758026e-02,-2.860511466860771179e-02,-9.188213944435119629e-01,3.927203416824340820e-01,-3.228504955768585205e-01,-5.164061440154910088e-04,-5.953583493828773499e-02,9.239218235015869141e-01,-5.136966705322265625e-01,4.060610011219978333e-02,2.134846299886703491e-01,-3.392000496387481689e-02,-2.562497556209564209e-01,9.474135190248489380e-02,-3.926702439785003662e-01,1.188627704977989197e-01,3.306702151894569397e-02,1.157196536660194397e-01,2.113249152898788452e-01,1.338754594326019287e-01,2.524021267890930176e-01,-2.808945477008819580e-01,1.035639882087707520e+00,1.635954678058624268e-01,-1.527947466820478439e-02,4.901295527815818787e-02,3.671374171972274780e-02,-3.549747467041015625e-01,3.794765472412109375e-01,4.057888686656951904e-01,9.403123706579208374e-02,-7.841295748949050903e-02,-1.690545678138732910e-01
-8.504034951329231262e-03,-1.221636030822992325e-02,7.128634452819824219e-01,-4.054210335016250610e-02,-1.258493773639202118e-02,-9.274086952209472656e-01,3.716329932212829590e-01,-3.596419990062713623e-01,6.380049139261245728e-02,-5.392968654632568359e-02,1.021886467933654785e+00,-5.709929466247558594e-01,1.883560791611671448e-02,2.085448354482650757e-01,1.762501709163188934e-02,-2.053690552711486816e-01,1.594171673059463501e-01,-4.516761004924774170e-01,1.087682396173477173e-01,7.173238694667816162e-02,1.620377302169799805e-01,2.457332164049148560e-01,8.132077008485794067e-02,2.539706230163574219e-01,-2.754996120929718018e-01,1.135346055030822754e+00,1.579609662294387817e-01,-8.838240802288055420e-02,6.582758575677871704e-02,-1.186186540871858597e-02,-3.739271163940429688e-01,4.096749722957611084e-01,4.613091051578521729e-01,1.157008185982704163e-01,-1.159314885735511780e-01,-1.830214709043502808e-01
-1.098889205604791641e-02,-1.449507009238004684e-02,7.100806832313537598e-01,-4.537876322865486145e-02,-2.837084699422121048e-03,-9.308562278747558594e-01,3.625457882881164551e-01,-3.985373079776763916e-01,9.266908466815948486e-02,-4.971796646714210510e-02,1.060908555984497070e+00,-5.858513712882995605e-01,4.339183680713176727e-03,1.934849470853805542e-01,4.226054251194000244e-02,-1.812367737293243408e-01,2.001371979713439941e-01,-4.798438549041748047e-01,1.082476302981376648e-01,9.039743989706039429e-02,1.876966953277587891e-01,2.701145410537719727e-01,5.544792115688323975e-02,2.459442913532257080e-01,-2.792358398437500000e-01,1.180121064186096191e+00,1.566570401191711426e-01,-1.218090727925300598e-01,6.927473843097686768e-02,-4.117834195494651794e-02,-3.785534203052520752e-01,4.300482273101806641e-01,5.022900104522705078e-01,1.209014952182769775e-01,-1.253688782453536987e-01,-1.826232522726058960e-01
-1.406595390290021896e-02,-1.730037666857242584e-02,7.090924978256225586e-01,-4.483435675501823425e-02,2.003783010877668858e-04,-9.327486753463745117e-01,3.577285408973693848e-01,-4.431288242340087891e-01,1.004266813397407532e-01,-5.071870237588882446e-02,1.062296509742736816e+00,-5.922960042953491211e-01,-2.748636296018958092e-03,1.823809593915939331e-01,4.720433056354522705e-02,-1.704760491847991943e-01,2.263269275426864624e-01,-4.962212443351745605e-01,1.119158267974853516e-01,1.035344377160072327e-01,1.975490450859069824e-01,2.815592288970947266e-01,4.362247884273529053e-02,2.431799918413162231e-01,-2.866646051406860352e-01,1.198127388954162598e+00,1.578293889760971069e-01,-1.359268724918365479e-01,7.450079917907714844e-02,-6.216515600681304932e-02,-3.812319040298461914e-01,4.459941685199737549e-01,5.358251929283142090e-01,1.198734939098358154e-01,-1.265607923269271851e-01,-1.829708069562911987e-01
-1.879958249628543854e-02,-2.122738584876060486e-02,7.112560868263244629e-01,-2.185976691544055939e-02,-6.804636679589748383e-03,-9.343390464782714844e-01,3.556493222713470459e-01,-4.998884797096252441e-01,7.806643843650817871e-02,-2.169772982597351074e-02,9.930557012557983398e-01,-5.764874219894409180e-01,-1.367707503959536552e-03,1.496582478284835815e-01,1.235185191035270691e-02,-1.678718626499176025e-01,2.280738800764083862e-01,-4.990202784538269043e-01,1.211491376161575317e-01,1.143370494246482849e-01,1.660839319229125977e-01,2.680615484714508057e-01,1.666918210685253143e-02,2.499021887779235840e-01,-2.929589748382568359e-01,1.211059093475341797e+00,1.500895768404006958e-01,-1.416349858045578003e-01,7.192292809486389160e-02,-1.050184518098831177e-01,-3.814608752727508545e-01,4.577611684799194336e-01,5.874397754669189453e-01,1.177422702312469482e-01,-1.337571740150451660e-01,-1.863437891006469727e-01
-2.223810367286205292e-02,-2.487073838710784912e-02,7.106389999389648438e-01,-2.498299255967140198e-02,-4.489772487431764603e-03,-9.347562193870544434e-01,3.543818593025207520e-01,-5.295433402061462402e-01,8.611380308866500854e-02,-2.373594790697097778e-02,9.501394629478454590e-01,-5.818720459938049316e-01,-5.775647703558206558e-03,1.495136618614196777e-01,1.642439700663089752e-02,-1.683896332979202271e-01,2.518459856510162354e-01,-5.102710127830505371e-01,1.258849054574966431e-01,1.121326833963394165e-01,1.757311969995498657e-01,2.767492830753326416e-01,1.905759796500205994e-02,2.522737085819244385e-01,-3.043020069599151611e-01,1.205588936805725098e+00,1.521490067243576050e-01,-1.432351022958755493e-01,7.515266537666320801e-02,-1.073599308729171753e-01,-3.847591578960418701e-01,4.669490158557891846e-01,5.985776185989379883e-01,1.104846373200416565e-01,-1.315727829933166504e-01,-1.943108290433883667e-01
-2.840740233659744263e-02,-3.037265129387378693e-02,7.136521339416503906e-01,-1.671802834607660770e-03,-1.352963969111442566e-02,-9.347645044326782227e-01,3.550062775611877441e-01,-5.588285923004150391e-01,5.805110558867454529e-02,7.635133806616067886e-03,8.269903659820556641e-01,-5.477307438850402832e-01,-4.908603150397539139e-03,1.428826004266738892e-01,-2.053789608180522919e-02,-1.692656874656677246e-01,2.090671509504318237e-01,-4.985145032405853271e-01,1.394317597150802612e-01,1.119485124945640564e-01,1.402131319046020508e-01,2.648324668407440186e-01,3.664491232484579086e-03,2.602156400680541992e-01,-3.158792555332183838e-01,1.199289679527282715e+00,1.516323089599609375e-01,-1.413946747779846191e-01,7.353440672159194946e-02,-1.357901394367218018e-01,-3.931908309459686279e-01,4.691795706748962402e-01,6.134516596794128418e-01,1.078946441411972046e-01,-1.305672079324722290e-01,-2.001634091138839722e-01
-3.274445608258247375e-02,-3.570504486560821533e-02,7.126737833023071289e-01,-3.331058891490101814e-03,-1.099799573421478271e-02,-9.347473978996276855e-01,3.551271557807922363e-01,-5.880843400955200195e-01,6.993860751390457153e-02,2.629412570968270302e-03,7.842434644699096680e-01,-5.512881875038146973e-01,-9.120326489210128784e-03,1.489565074443817139e-01,-1.761148869991302490e-02,-1.723445355892181396e-01,2.208476960659027100e-01,-5.074096322059631348e-01,1.413875222206115723e-01,1.040458828210830688e-01,1.478518098592758179e-01,2.717504501342773438e-01,7.025640457868576050e-03,2.624590098857879639e-01,-3.298436701297760010e-01,1.198911786079406738e+00,1.548061817884445190e-01,-1.419498324394226074e-01,7.655787467956542969e-02,-1.378805786371231079e-01,-3.979959189891815186e-01,4.747073054313659668e-01,6.152305006980895996e-01,1.015007272362709045e-01,-1.318601667881011963e-01,-2.094253599643707275e-01
-3.860962390899658203e-02,-4.280315712094306946e-02,7.119870185852050781e-01,2.448525279760360718e-03,-9.558516554534435272e-03,-9.349358081817626953e-01,3.546796739101409912e-01,-6.108355522155761719e-01,7.596418261528015137e-02,4.325480200350284576e-03,7.281944155693054199e-01,-5.467798113822937012e-01,-1.021543052047491074e-02,1.528573334217071533e-01,-2.128732018172740936e-02,-1.716264188289642334e-01,2.160731852054595947e-01,-5.155036449432373047e-01,1.418218165636062622e-01,9.715937077999114990e-02,1.463772803544998169e-01,2.726856172084808350e-01,3.691508667543530464e-03,2.661238014698028564e-01,-3.406807780265808105e-01,1.197178483009338379e+00,1.559718698263168335e-01,-1.415461301803588867e-01,8.001578599214553833e-02,-1.471284478902816772e-01,-4.069705307483673096e-01,4.768057763576507568e-01,6.137889623641967773e-01,9.707953035831451416e-02,-1.326666623353958130e-01,-2.179319560527801514e-01
-4.487140849232673645e-02,-5.157112702727317810e-02,7.109910249710083008e-01,1.000507920980453491e-02,-7.557881064713001251e-03,-9.352869391441345215e-01,3.536680638790130615e-01,-6.277897357940673828e-01,8.066345751285552979e-02,1.125167869031429291e-02,6.732811331748962402e-01,-5.359603166580200195e-01,-8.565681986510753632e-03,1.572634726762771606e-01,-2.609116584062576294e-02,-1.668846607208251953e-01,2.052361220121383667e-01,-5.216370224952697754e-01,1.419962942600250244e-01,9.130668640136718750e-02,1.398092508316040039e-01,2.689672410488128662e-01,-2.364843152463436127e-03,2.706318795680999756e-01,-3.472062647342681885e-01,1.194680809974670410e+00,1.557444334030151367e-01,-1.414202749729156494e-01,8.481015264987945557e-02,-1.575627774000167847e-01,-4.167966544628143311e-01,4.773142039775848389e-01,6.137356758117675781e-01,9.303270280361175537e-02,-1.323757618665695190e-01,-2.257695794105529785e-01
-5.151535943150520325e-02,-6.217207759618759155e-02,7.095519900321960449e-01,1.783564127981662750e-02,-5.396057385951280594e-03,-9.360564351081848145e-01,3.513560891151428223e-01,-6.398857235908508301e-01,8.948204666376113892e-02,2.357426844537258148e-02,6.334015727043151855e-01,-5.230000019073486328e-01,-3.679261775687336922e-03,1.632232517004013062e-01,-3.308759629726409912e-02,-1.631795614957809448e-01,1.939884722232818604e-01,-5.279881358146667480e-01,1.427075117826461792e-01,8.737623691558837891e-02,1.320219933986663818e-01,2.627525031566619873e-01,-8.613861165940761566e-03,2.778333127498626709e-01,-3.496102690696716309e-01,1.192120075225830078e+00,1.537172347307205200e-01,-1.406011432409286499e-01,9.295807033777236938e-02,-1.657468378543853760e-01,-4.236851334571838379e-01,4.748318493366241455e-01,6.138335466384887695e-01,9.291337430477142334e-02,-1.313060224056243896e-01,-2.348296493291854858e-01
-5.844829604029655457e-02,-7.486176490783691406e-02,7.071153521537780762e-01,2.401585318148136139e-02,-2.219450427219271660e-03,-9.373951554298400879e-01,3.474314808845520020e-01,-6.474536657333374023e-01,9.870269894599914551e-02,3.695567697286605835e-02,6.160879731178283691e-01,-5.056573748588562012e-01,2.216507680714130402e-03,1.712996512651443481e-01,-3.948170319199562073e-02,-1.557295173406600952e-01,1.877046823501586914e-01,-5.367853641510009766e-01,1.453093439340591431e-01,8.630830049514770508e-02,1.208284422755241394e-01,2.535760104656219482e-01,-1.391403470188379288e-02,2.854494452476501465e-01,-3.469150364398956299e-01,1.190417170524597168e+00,1.503263115882873535e-01,-1.377549767494201660e-01,1.044572964310646057e-01,-1.693246215581893921e-01,-4.281218945980072021e-01,4.722561538219451904e-01,6.168884634971618652e-01,9.579594433307647705e-02,-1.304616630077362061e-01,-2.420269399881362915e-01
-6.556391716003417969e-02,-8.963113278150558472e-02,7.031469345092773438e-01,2.868555486202239990e-02,2.393680391833186150e-03,-9.388507008552551270e-01,3.431192338466644287e-01,-6.517936587333679199e-01,1.087565496563911438e-01,5.096592009067535400e-02,6.231677532196044922e-01,-4.912821054458618164e-01,9.089611470699310303e-03,1.798076033592224121e-01,-4.471705481410026550e-02,-1.463016867637634277e-01,1.896671801805496216e-01,-5.529764294624328613e-01,1.478255093097686768e-01,8.674775063991546631e-02,1.090722829103469849e-01,2.443899363279342651e-01,-1.758401654660701752e-02,2.952707111835479736e-01,-3.463601768016815186e-01,1.186665534973144531e+00,1.472691893577575684e-01,-1.359111368656158447e-01,1.180524304509162903e-01,-1.692545861005783081e-01,-4.308054447174072266e-01,4.710000157356262207e-01,6.237331032752990723e-01,9.791916608810424805e-02,-1.280235499143600464e-01,-2.493751198053359985e-01
-7.290448248386383057e-02,-1.061474978923797607e-01,6.992101669311523438e-01,3.201186284422874451e-02,5.623215809464454651e-03,-9.402971863746643066e-01,3.387990891933441162e-01,-6.542272567749023438e-01,1.184247210621833801e-01,6.752391904592514038e-02,6.482796072959899902e-01,-4.849436879158020020e-01,1.866988465189933777e-02,1.883064955472946167e-01,-5.542701855301856995e-02,-1.394376754760742188e-01,2.051146477460861206e-01,-5.688601732254028320e-01,1.536752134561538696e-01,8.941904455423355103e-02,9.636635333299636841e-02,2.328553050756454468e-01,-1.933740265667438507e-02,3.049824237823486328e-01,-3.428134918212890625e-01,1.187897801399230957e+00,1.424478739500045776e-01,-1.329379975795745850e-01,1.323231905698776245e-01,-1.618812978267669678e-01,-4.298134148120880127e-01,4.683728814125061035e-01,6.381292343139648438e-01,1.032826080918312073e-01,-1.255328357219696045e-01,-2.573098540306091309e-01
-8.023600280284881592e-02,-1.239357739686965942e-01,6.956217288970947266e-01,3.278031200170516968e-02,7.364921737462282181e-03,-9.422855377197265625e-01,3.331203758716583252e-01,-6.532524228096008301e-01,1.262694448232650757e-01,8.499628305435180664e-02,6.911641359329223633e-01,-4.847559630870819092e-01,2.912120148539543152e-02,1.931149512529373169e-01,-7.219562679529190063e-02,-1.463379114866256714e-01,2.465292513370513916e-01,-5.851362347602844238e-01,1.604510545730590820e-01,9.610295295715332031e-02,8.302664756774902344e-02,2.204096019268035889e-01,-1.797463186085224152e-02,3.139851093292236328e-01,-3.401478528976440430e-01,1.191666364669799805e+00,1.360768228769302368e-01,-1.316747367382049561e-01,1.444149911403656006e-01,-1.491479426622390747e-01,-4.257186949253082275e-01,4.629179835319519043e-01,6.619592308998107910e-01,1.081688925623893738e-01,-1.211509257555007935e-01,-2.707503437995910645e-01
-8.562660962343215942e-02,-1.417725682258605957e-01,6.922308802604675293e-01,2.909267693758010864e-02,1.130398549139499664e-02,-9.421969056129455566e-01,3.336027562618255615e-01,-6.590365767478942871e-01,1.331710964441299438e-01,8.393631130456924438e-02,7.607710957527160645e-01,-4.851579368114471436e-01,4.285068064928054810e-02,1.914407908916473389e-01,-8.519353717565536499e-02,-1.607937812805175781e-01,3.171449005603790283e-01,-5.918766856193542480e-01,1.665199548006057739e-01,9.065095335245132446e-02,7.991183549165725708e-02,2.100078463554382324e-01,-1.234934758394956589e-02,3.163662552833557129e-01,-3.436178267002105713e-01,1.196224927902221680e+00,1.352436542510986328e-01,-1.305760294198989868e-01,1.556943655014038086e-01,-1.258585453033447266e-01,-4.173385798931121826e-01,4.593707025051116943e-01,6.901286244392395020e-01,1.090828329324722290e-01,-1.142283603549003601e-01,-2.796731293201446533e-01
-9.287478029727935791e-02,-1.621451526880264282e-01,6.895549893379211426e-01,3.019648417830467224e-02,4.282162524759769440e-03,-9.422698020935058594e-01,3.334628939628601074e-01,-6.390532255172729492e-01,1.126149296760559082e-01,1.061780601739883423e-01,8.041160106658935547e-01,-5.031906962394714355e-01,6.748813390731811523e-02,1.623979210853576660e-01,-1.270982772111892700e-01,-1.471187174320220947e-01,4.621853530406951904e-01,-6.055754423141479492e-01,1.780139207839965820e-01,9.511485695838928223e-02,5.369592458009719849e-02,1.938779205083847046e-01,-1.643109321594238281e-02,3.248434364795684814e-01,-3.549752831459045410e-01,1.200530290603637695e+00,1.351596266031265259e-01,-1.298376619815826416e-01,1.678149104118347168e-01,-1.046848073601722717e-01,-4.095348715782165527e-01,4.517277479171752930e-01,7.391093969345092773e-01,1.078392043709754944e-01,-1.081637591123580933e-01,-2.902172207832336426e-01
-9.691321104764938354e-02,-1.808503866195678711e-01,6.882675886154174805e-01,2.817021310329437256e-02,-9.930975735187530518e-03,-9.398772716522216797e-01,3.402037024497985840e-01,-6.126973032951354980e-01,6.347580254077911377e-02,1.250066459178924561e-01,8.335128426551818848e-01,-5.279980301856994629e-01,1.040672585368156433e-01,1.015901491045951843e-01,-1.823409348726272583e-01,-1.219712272286415100e-01,6.890414953231811523e-01,-5.630214214324951172e-01,1.989417970180511475e-01,8.688956499099731445e-02,1.844072714447975159e-02,1.869658082723617554e-01,-2.081404440104961395e-02,3.243936300277709961e-01,-3.731659054756164551e-01,1.202651858329772949e+00,1.448084115982055664e-01,-1.305963546037673950e-01,1.796129047870635986e-01,-7.811047881841659546e-02,-3.973135650157928467e-01,4.442144036293029785e-01,7.945494055747985840e-01,1.035077720880508423e-01,-1.010676324367523193e-01,-2.953126132488250732e-01
-9.889191389083862305e-02,-1.981628984212875366e-01,6.877403259277343750e-01,3.308182582259178162e-02,-3.443103283643722534e-02,-9.350652694702148438e-01,3.512450158596038818e-01,-5.777166485786437988e-01,-1.829385012388229370e-02,1.594244092702865601e-01,8.186222910881042480e-01,-5.364317297935485840e-01,1.470334231853485107e-01,-1.433405745774507523e-02,-2.786535918712615967e-01,-8.529478311538696289e-02,9.776260256767272949e-01,-5.158533453941345215e-01,2.051170170307159424e-01,6.827828288078308105e-02,-4.418608546257019043e-02,1.829944401979446411e-01,-3.234524652361869812e-02,3.191778361797332764e-01,-3.961585462093353271e-01,1.198558688163757324e+00,1.618142724037170410e-01,-1.331847757101058960e-01,1.952836662530899048e-01,-6.078802049160003662e-02,-3.800763487815856934e-01,4.392684400081634521e-01,8.622515201568603516e-01,8.972416818141937256e-02,-9.671199321746826172e-02,-2.997464835643768311e-01
-1.009102314710617065e-01,-2.156319618225097656e-01,6.912228465080261230e-01,4.658832401037216187e-02,-5.977921560406684875e-02,-9.264593124389648438e-01,3.686856925487518311e-01,-5.369657874107360840e-01,-1.187537088990211487e-01,1.903137862682342529e-01,7.441912293434143066e-01,-5.052851438522338867e-01,1.856570690870285034e-01,-1.633666753768920898e-01,-3.678352832794189453e-01,-2.848496474325656891e-02,1.220306515693664551e+00,-4.524617493152618408e-01,1.962812989950180054e-01,2.863681130111217499e-02,-1.187180131673812866e-01,1.667630374431610107e-01,-5.142909660935401917e-02,3.176137506961822510e-01,-4.105476140975952148e-01,1.192206978797912598e+00,1.886643469333648682e-01,-1.354081779718399048e-01,2.142180800437927246e-01,-6.071276590228080750e-02,-3.584564328193664551e-01,4.410576820373535156e-01,9.420176744461059570e-01,7.228217273950576782e-02,-9.698928892612457275e-02,-2.984410226345062256e-01
-1.037077456712722778e-01,-2.330855876207351685e-01,6.960601210594177246e-01,3.955698013305664062e-02,-6.298355013132095337e-02,-9.178807139396667480e-01,3.898246884346008301e-01,-4.841136038303375244e-01,-1.665595024824142456e-01,1.711423248052597046e-01,7.068745493888854980e-01,-5.016695261001586914e-01,2.039576768875122070e-01,-2.852801978588104248e-01,-3.797608017921447754e-01,1.779511454515159130e-03,1.361076951026916504e+00,-4.330563545227050781e-01,1.685117185115814209e-01,-1.444092951714992523e-02,-1.335901170969009399e-01,1.681320071220397949e-01,-7.030455023050308228e-02,3.189860582351684570e-01,-4.248569309711456299e-01,1.186577081680297852e+00,1.974971294403076172e-01,-1.386613398790359497e-01,2.227567732334136963e-01,-5.932771787047386169e-02,-3.494228720664978027e-01,4.451761245727539062e-01,1.000176072120666504e+00,5.391934886574745178e-02,-9.798299521207809448e-02,-2.907517850399017334e-01
-1.067332923412322998e-01,-2.493664771318435669e-01,7.003934383392333984e-01,2.284275926649570465e-02,-5.898812785744667053e-02,-9.121176600456237793e-01,4.050185680389404297e-01,-4.222688972949981689e-01,-1.805495917797088623e-01,1.459392011165618896e-01,6.905840039253234863e-01,-5.171194076538085938e-01,2.101415097713470459e-01,-4.099270701408386230e-01,-3.611306846141815186e-01,4.616072867065668106e-03,1.393520236015319824e+00,-4.559359848499298096e-01,1.407246440649032593e-01,-5.254755541682243347e-02,-1.243920102715492249e-01,1.812654882669448853e-01,-9.723182022571563721e-02,3.206560313701629639e-01,-4.305335879325866699e-01,1.186172127723693848e+00,2.023916989564895630e-01,-1.421225368976593018e-01,2.302422523498535156e-01,-6.036600098013877869e-02,-3.466692864894866943e-01,4.465874731540679932e-01,1.047428011894226074e+00,2.801553905010223389e-02,-9.437539428472518921e-02,-2.902272343635559082e-01
-1.103535592555999756e-01,-2.637517452239990234e-01,7.028329968452453613e-01,1.253981259651482105e-03,-5.028365924954414368e-02,-9.069379568099975586e-01,4.182505905628204346e-01,-3.676404356956481934e-01,-1.748484820127487183e-01,1.090030521154403687e-01,7.021830081939697266e-01,-5.546046495437622070e-01,2.079805731773376465e-01,-5.187481641769409180e-01,-3.168413341045379639e-01,-1.882049627602100372e-02,1.298457026481628418e+00,-4.944683313369750977e-01,1.196155697107315063e-01,-8.438109606504440308e-02,-1.006546467542648315e-01,1.967118382453918457e-01,-1.280264854431152344e-01,3.222080767154693604e-01,-4.334112703800201416e-01,1.196434974670410156e+00,1.963441222906112671e-01,-1.474225223064422607e-01,2.369272857904434204e-01,-5.559990927577018738e-02,-3.479522168636322021e-01,4.431864619255065918e-01,1.082527160644531250e+00,7.051734253764152527e-03,-9.389690309762954712e-02,-2.844242453575134277e-01
-1.141049489378929138e-01,-2.756038904190063477e-01,7.061056494712829590e-01,-1.874604821205139160e-02,-3.515361249446868896e-02,-9.029145240783691406e-01,4.279697835445404053e-01,-3.284341394901275635e-01,-1.502232402563095093e-01,6.624858081340789795e-02,7.241984605789184570e-01,-5.926536321640014648e-01,2.015872001647949219e-01,-6.069167256355285645e-01,-2.393487393856048584e-01,-5.640128254890441895e-02,1.104638218879699707e+00,-4.872231483459472656e-01,1.223534792661666870e-01,-1.021031066775321960e-01,-6.914417445659637451e-02,2.135668545961380005e-01,-1.583253294229507446e-01,3.296151757240295410e-01,-4.304153025150299072e-01,1.199123740196228027e+00,1.865102499723434448e-01,-1.555260121822357178e-01,2.257500439882278442e-01,-5.045649036765098572e-02,-3.482131361961364746e-01,4.366803467273712158e-01,1.108160376548767090e+00,-1.713811792433261871e-02,-9.232686460018157959e-02,-2.710687220096588135e-01
-1.169853135943412781e-01,-2.840822339057922363e-01,7.103521227836608887e-01,-3.530402109026908875e-02,-1.782097667455673218e-02,-9.017872214317321777e-01,4.303671717643737793e-01,-3.011133074760437012e-01,-1.108538433909416199e-01,3.483721613883972168e-02,7.418727874755859375e-01,-6.203677058219909668e-01,1.777471005916595459e-01,-6.867025494575500488e-01,-1.363530457019805908e-01,-9.568805247545242310e-02,8.563373684883117676e-01,-4.306470453739166260e-01,1.419116854667663574e-01,-1.027887389063835144e-01,-3.307439014315605164e-02,2.217258960008621216e-01,-1.861872076988220215e-01,3.409205377101898193e-01,-4.282277822494506836e-01,1.204049229621887207e+00,1.758797466754913330e-01,-1.623551547527313232e-01,2.089620828628540039e-01,-4.272240772843360901e-02,-3.503528237342834473e-01,4.414032399654388428e-01,1.126721501350402832e+00,-4.516202583909034729e-02,-9.410677850246429443e-02,-2.539499104022979736e-01
-1.191324070096015930e-01,-2.888448834419250488e-01,7.139965295791625977e-01,-4.350555315613746643e-02,-6.252348539419472218e-04,-9.044829010963439941e-01,4.242847561836242676e-01,-2.982420325279235840e-01,-6.354883313179016113e-02,2.629584632813930511e-02,7.643636465072631836e-01,-6.390579342842102051e-01,1.378784924745559692e-01,-7.598447799682617188e-01,-3.950594738125801086e-02,-1.426500976085662842e-01,5.897952914237976074e-01,-3.577084541320800781e-01,1.506381034851074219e-01,-9.606953710317611694e-02,-1.162019791081547737e-03,2.200448960065841675e-01,-2.108956873416900635e-01,3.526431918144226074e-01,-4.354817271232604980e-01,1.207080483436584473e+00,1.649220287799835205e-01,-1.648871302604675293e-01,2.076679319143295288e-01,-4.343197122216224670e-02,-3.525142669677734375e-01,4.576543867588043213e-01,1.145676493644714355e+00,-6.004415452480316162e-02,-9.428209811449050903e-02,-2.412880510091781616e-01
-1.217897310853004456e-01,-2.915038764476776123e-01,7.155879735946655273e-01,-4.936211556196212769e-02,7.828363217413425446e-03,-9.059159755706787109e-01,4.204977750778198242e-01,-2.934713661670684814e-01,-3.459530696272850037e-02,2.343950420618057251e-02,7.826365232467651367e-01,-6.521842479705810547e-01,1.017350926995277405e-01,-8.127164840698242188e-01,3.248003125190734863e-02,-1.764849275350570679e-01,3.592935204505920410e-01,-2.824779450893402100e-01,1.443425118923187256e-01,-9.909034520387649536e-02,2.261833287775516510e-02,2.285900563001632690e-01,-2.385250478982925415e-01,3.548245728015899658e-01,-4.430296421051025391e-01,1.214801549911499023e+00,1.499258130788803101e-01,-1.633603125810623169e-01,2.078095376491546631e-01,-4.557824134826660156e-02,-3.588589429855346680e-01,4.727811217308044434e-01,1.150179386138916016e+00,-6.675925105810165405e-02,-9.362369775772094727e-02,-2.289037406444549561e-01
-1.248138919472694397e-01,-2.940681576728820801e-01,7.121153473854064941e-01,-6.014534831047058105e-02,5.484197754412889481e-03,-9.061384201049804688e-01,4.186473786830902100e-01,-2.845866382122039795e-01,-2.277459949254989624e-02,2.836805209517478943e-02,8.275007605552673340e-01,-6.743009090423583984e-01,8.328983187675476074e-02,-9.096531271934509277e-01,6.562700867652893066e-02,-2.011954486370086670e-01,3.177531063556671143e-01,-2.772111594676971436e-01,1.350568681955337524e-01,-1.038644835352897644e-01,2.902924455702304840e-02,2.424600422382354736e-01,-2.454922795295715332e-01,3.522540926933288574e-01,-4.592894315719604492e-01,1.216072082519531250e+00,1.474539935588836670e-01,-1.621121913194656372e-01,2.106355428695678711e-01,-3.791953623294830322e-02,-3.573940992355346680e-01,4.848164916038513184e-01,1.157166004180908203e+00,-7.318630069494247437e-02,-8.863934874534606934e-02,-2.210558950901031494e-01
-1.289722621440887451e-01,-2.971492707729339600e-01,7.102198004722595215e-01,-6.823247671127319336e-02,5.649312864989042282e-03,-9.054478406906127930e-01,4.188992381095886230e-01,-2.715014517307281494e-01,-1.158554013818502426e-02,2.564620599150657654e-02,8.554745912551879883e-01,-6.955810189247131348e-01,7.225799560546875000e-02,-9.865478277206420898e-01,8.871252089738845825e-02,-2.272789478302001953e-01,2.778071463108062744e-01,-2.689892351627349854e-01,1.212164014577865601e-01,-1.104186922311782837e-01,3.867711871862411499e-02,2.528487443923950195e-01,-2.566752135753631592e-01,3.508833348751068115e-01,-4.772213101387023926e-01,1.219209551811218262e+00,1.480670422315597534e-01,-1.585553884506225586e-01,2.045596390962600708e-01,-4.070263728499412537e-02,-3.569286763668060303e-01,4.897883534431457520e-01,1.162344932556152344e+00,-7.825198769569396973e-02,-8.498660475015640259e-02,-2.104385048151016235e-01
-1.328668445348739624e-01,-3.003830313682556152e-01,7.090463042259216309e-01,-7.803149521350860596e-02,7.237933576107025146e-03,-9.035722613334655762e-01,4.212075769901275635e-01,-2.536902129650115967e-01,2.264009090140461922e-03,2.025484293699264526e-02,8.773426413536071777e-01,-7.151426076889038086e-01,6.705621629953384399e-02,-1.050134539604187012e+00,9.945702552795410156e-02,-2.502000927925109863e-01,2.659534215927124023e-01,-2.613702416419982910e-01,1.067619845271110535e-01,-1.175962761044502258e-01,4.947412759065628052e-02,2.653024792671203613e-01,-2.648200988769531250e-01,3.460166156291961670e-01,-4.930495917797088623e-01,1.221989274024963379e+00,1.502809673547744751e-01,-1.547797322273254395e-01,1.971355974674224854e-01,-4.564721509814262390e-02,-3.561551868915557861e-01,4.913746714591979980e-01,1.165619850158691406e+00,-8.104384690523147583e-02,-8.232843875885009766e-02,-1.976718157529830933e-01
-1.365400254726409912e-01,-3.038367331027984619e-01,7.084128856658935547e-01,-8.797184377908706665e-02,8.894509635865688324e-03,-9.012375473976135254e-01,4.242083132266998291e-01,-2.329735308885574341e-01,1.559025794267654419e-02,1.471600402146577835e-02,8.929994702339172363e-01,-7.324122190475463867e-01,6.860355287790298462e-02,-1.095893025398254395e+00,9.946613013744354248e-02,-2.720772624015808105e-01,2.797833085060119629e-01,-2.629127502441406250e-01,9.102723002433776855e-02,-1.217398568987846375e-01,6.038472428917884827e-02,2.766851186752319336e-01,-2.671236991882324219e-01,3.385324776172637939e-01,-5.058180689811706543e-01,1.224603176116943359e+00,1.579542309045791626e-01,-1.510233581066131592e-01,1.841607689857482910e-01,-5.309318751096725464e-02,-3.556034266948699951e-01,4.873614013195037842e-01,1.167742848396301270e+00,-8.026065677404403687e-02,-8.197151124477386475e-02,-1.860831379890441895e-01
-1.400857418775558472e-01,-3.074605464935302734e-01,7.087878584861755371e-01,-9.612081199884414673e-02,1.122684869915246964e-02,-8.986871838569641113e-01,4.277803599834442139e-01,-2.139432579278945923e-01,2.886137925088405609e-02,1.085745170712471008e-02,9.024651050567626953e-01,-7.426630854606628418e-01,6.911436468362808228e-02,-1.125535249710083008e+00,9.426499158143997192e-02,-2.864027917385101318e-01,3.104851245880126953e-01,-2.724223136901855469e-01,7.907450199127197266e-02,-1.228367611765861511e-01,7.031634449958801270e-02,2.848786413669586182e-01,-2.642834782600402832e-01,3.309772908687591553e-01,-5.178892612457275391e-01,1.225404977798461914e+00,1.685652285814285278e-01,-1.472141593694686890e-01,1.704835891723632812e-01,-6.278906017541885376e-02,-3.565163910388946533e-01,4.827574491500854492e-01,1.165373921394348145e+00,-7.500448822975158691e-02,-8.338121324777603149e-02,-1.772903501987457275e-01
-1.437796950340270996e-01,-3.110384047031402588e-01,7.084625363349914551e-01,-1.020128503441810608e-01,1.033458951860666275e-02,-8.962939977645874023e-01,4.314437210559844971e-01,-1.977400183677673340e-01,3.362121433019638062e-02,8.929810486733913422e-03,9.128583669662475586e-01,-7.487122416496276855e-01,6.902591139078140259e-02,-1.140067934989929199e+00,8.652799576520919800e-02,-2.983408272266387939e-01,3.473557531833648682e-01,-2.862968146800994873e-01,7.278864830732345581e-02,-1.194096729159355164e-01,8.001869171857833862e-02,2.870447039604187012e-01,-2.574023008346557617e-01,3.221217393875122070e-01,-5.264546275138854980e-01,1.222579360008239746e+00,1.796834170818328857e-01,-1.460770368576049805e-01,1.564055681228637695e-01,-7.126431912183761597e-02,-3.576898872852325439e-01,4.774801731109619141e-01,1.156924962997436523e+00,-6.746295839548110962e-02,-8.572733402252197266e-02,-1.696813851594924927e-01
-1.475906819105148315e-01,-3.146472275257110596e-01,7.084136009216308594e-01,-1.051266565918922424e-01,9.881740435957908630e-03,-8.938423395156860352e-01,4.357712268829345703e-01,-1.868239492177963257e-01,3.645764663815498352e-02,6.934911478310823441e-03,9.204863309860229492e-01,-7.526924014091491699e-01,7.184518873691558838e-02,-1.136742115020751953e+00,7.716415077447891235e-02,-3.031274974346160889e-01,3.821721971035003662e-01,-2.958298921585083008e-01,7.251377403736114502e-02,-1.126564294099807739e-01,8.719257265329360962e-02,2.824705243110656738e-01,-2.452106773853302002e-01,3.137868642807006836e-01,-5.331592559814453125e-01,1.215986251831054688e+00,1.894229203462600708e-01,-1.469682008028030396e-01,1.429398953914642334e-01,-7.825233787298202515e-02,-3.596197366714477539e-01,4.732139706611633301e-01,1.142415285110473633e+00,-5.717969685792922974e-02,-8.877757191658020020e-02,-1.637383550405502319e-01
-1.515425443649291992e-01,-3.182657659053802490e-01,7.087855935096740723e-01,-1.043921411037445068e-01,9.635766968131065369e-03,-8.920307159423828125e-01,4.396482706069946289e-01,-1.820505857467651367e-01,3.536025807261466980e-02,4.686099477112293243e-03,9.238406419754028320e-01,-7.525887489318847656e-01,7.457416504621505737e-02,-1.118256688117980957e+00,7.183253020048141479e-02,-3.002631068229675293e-01,4.089593887329101562e-01,-2.971374988555908203e-01,7.646669447422027588e-02,-1.034394353628158569e-01,9.315601736307144165e-02,2.722891569137573242e-01,-2.273897230625152588e-01,3.058170974254608154e-01,-5.397725105285644531e-01,1.211063027381896973e+00,1.964071244001388550e-01,-1.475813835859298706e-01,1.285136342048645020e-01,-8.406713604927062988e-02,-3.620644807815551758e-01,4.673435688018798828e-01,1.123420476913452148e+00,-4.525240510702133179e-02,-9.244834631681442261e-02,-1.594558805227279663e-01
-1.552158892154693604e-01,-3.212515413761138916e-01,7.124484777450561523e-01,-1.076244041323661804e-01,2.465037163347005844e-03,-8.865810036659240723e-01,4.498722255229949951e-01,-1.447854638099670410e-01,1.635673642158508301e-02,-7.880777120590209961e-03,8.875468969345092773e-01,-7.352802753448486328e-01,8.194637298583984375e-02,-1.039397478103637695e+00,5.899094790220260620e-02,-2.813706398010253906e-01,3.954967856407165527e-01,-2.850516140460968018e-01,8.882917463779449463e-02,-1.083810478448867798e-01,9.045156091451644897e-02,2.761009931564331055e-01,-2.064244747161865234e-01,3.015940487384796143e-01,-5.437203645706176758e-01,1.198976874351501465e+00,2.002214342355728149e-01,-1.483174860477447510e-01,1.101419180631637573e-01,-8.788422495126724243e-02,-3.741901814937591553e-01,4.601470232009887695e-01,1.090056300163269043e+00,-2.754441462457180023e-02,-9.087881445884704590e-02,-1.505013853311538696e-01
-1.593274176120758057e-01,-3.253164589405059814e-01,7.114259600639343262e-01,-1.003557667136192322e-01,8.298263885080814362e-03,-8.880803585052490234e-01,4.485233426094055176e-01,-1.648831516504287720e-01,2.564776875078678131e-02,-4.095238633453845978e-03,9.025515913963317871e-01,-7.455373406410217285e-01,8.478084951639175415e-02,-1.013096213340759277e+00,6.416687369346618652e-02,-2.693386673927307129e-01,4.344520866870880127e-01,-2.693425714969635010e-01,1.016477420926094055e-01,-8.511357009410858154e-02,9.870971739292144775e-02,2.509065568447113037e-01,-1.814605146646499634e-01,2.948101758956909180e-01,-5.472241044044494629e-01,1.196660757064819336e+00,2.045225054025650024e-01,-1.512863337993621826e-01,1.003265157341957092e-01,-9.363466501235961914e-02,-3.691320419311523438e-01,4.541301131248474121e-01,1.070905327796936035e+00,-2.055991068482398987e-02,-9.569399803876876831e-02,-1.528945118188858032e-01
-1.635556966066360474e-01,-3.294200301170349121e-01,7.150180339813232422e-01,-9.883859753608703613e-02,4.919127561151981354e-03,-8.826760053634643555e-01,4.594451189041137695e-01,-1.390297114849090576e-01,8.183995261788368225e-03,-2.112559787929058075e-02,8.643635511398315430e-01,-7.333133220672607422e-01,9.994284808635711670e-02,-9.317321181297302246e-01,4.474769532680511475e-02,-2.385348975658416748e-01,4.507898986339569092e-01,-2.534874081611633301e-01,1.230762675404548645e-01,-8.607064187526702881e-02,9.665955603122711182e-02,2.365218698978424072e-01,-1.538005322217941284e-01,2.926975190639495850e-01,-5.486976504325866699e-01,1.185786962509155273e+00,2.100409865379333496e-01,-1.539406478404998779e-01,8.641080558300018311e-02,-8.925777673721313477e-02,-3.773963451385498047e-01,4.394060969352722168e-01,1.034581184387207031e+00,-4.741485230624675751e-03,-9.576783329248428345e-02,-1.479479372501373291e-01
-1.684549450874328613e-01,-3.334056138992309570e-01,7.137425541877746582e-01,-9.329509735107421875e-02,1.392146013677120209e-02,-8.834118247032165527e-01,4.590052366256713867e-01,-1.592680066823959351e-01,2.446002326905727386e-02,-2.349148131906986237e-02,8.818756937980651855e-01,-7.528266906738281250e-01,1.162936687469482422e-01,-9.028474092483520508e-01,4.704948514699935913e-02,-2.109912335872650146e-01,5.479412674903869629e-01,-2.431755661964416504e-01,1.336913108825683594e-01,-6.573829054832458496e-02,1.066072955727577209e-01,2.161621600389480591e-01,-1.271697580814361572e-01,2.847179174423217773e-01,-5.441839098930358887e-01,1.183642864227294922e+00,2.141291350126266479e-01,-1.561344265937805176e-01,8.753457665443420410e-02,-9.313943237066268921e-02,-3.710331022739410400e-01,4.355790019035339355e-01,1.008980870246887207e+00,4.715907387435436249e-03,-1.015910431742668152e-01,-1.509549319744110107e-01
-1.741821467876434326e-01,-3.371565341949462891e-01,7.128230333328247070e-01,-8.939830958843231201e-02,1.767718233168125153e-02,-8.814888000488281250e-01,4.633281230926513672e-01,-1.649853587150573730e-01,2.775328047573566437e-02,-3.313538804650306702e-02,8.885265588760375977e-01,-7.685375809669494629e-01,1.350997239351272583e-01,-8.637117147445678711e-01,3.183396160602569580e-02,-1.812054067850112915e-01,6.667953729629516602e-01,-2.540749609470367432e-01,1.400056928396224976e-01,-5.507837235927581787e-02,1.121903061866760254e-01,1.969235986471176147e-01,-1.015020534396171570e-01,2.765709459781646729e-01,-5.377727746963500977e-01,1.181426048278808594e+00,2.190323770046234131e-01,-1.575175225734710693e-01,8.825958520174026489e-02,-9.227954596281051636e-02,-3.696651458740234375e-01,4.264404177665710449e-01,9.865575432777404785e-01,1.454279944300651550e-02,-1.046744361519813538e-01,-1.539563834667205811e-01
-1.809458881616592407e-01,-3.402620255947113037e-01,7.124418020248413086e-01,-8.625987172126770020e-02,1.007135771214962006e-02,-8.753682374954223633e-01,4.755925536155700684e-01,-1.443933695554733276e-01,2.827307209372520447e-03,-5.188216269016265869e-02,8.661493659019470215e-01,-7.718397378921508789e-01,1.544077843427658081e-01,-8.064994812011718750e-01,-1.164261531084775925e-02,-1.476088166236877441e-01,8.204637169837951660e-01,-2.925383448600769043e-01,1.421010345220565796e-01,-5.840840935707092285e-02,1.041423007845878601e-01,1.935246288776397705e-01,-7.962638884782791138e-02,2.683219909667968750e-01,-5.247680544853210449e-01,1.180478096008300781e+00,2.282589226961135864e-01,-1.587174832820892334e-01,9.008812904357910156e-02,-9.183100610971450806e-02,-3.739162385463714600e-01,4.144284129142761230e-01,9.654880166053771973e-01,2.725131995975971222e-02,-1.050841137766838074e-01,-1.572780758142471313e-01
-1.877251267433166504e-01,-3.401280045509338379e-01,7.098994255065917969e-01,-8.207505941390991211e-02,2.876905258744955063e-03,-8.731424808502197266e-01,4.804972708225250244e-01,-1.455477625131607056e-01,-1.286759693175554276e-02,-5.923438817262649536e-02,8.752214908599853516e-01,-7.816851735115051270e-01,1.687684953212738037e-01,-7.476569414138793945e-01,-4.951490461826324463e-02,-1.190412938594818115e-01,9.715458750724792480e-01,-3.339345455169677734e-01,1.289505809545516968e-01,-4.921760410070419312e-02,9.746582806110382080e-02,1.872201561927795410e-01,-5.675324797630310059e-02,2.611030638217926025e-01,-5.093255639076232910e-01,1.183803081512451172e+00,2.399524450302124023e-01,-1.570071280002593994e-01,1.007964909076690674e-01,-9.281308203935623169e-02,-3.687528371810913086e-01,4.093758761882781982e-01,9.504750967025756836e-01,3.326969221234321594e-02,-1.069518998265266418e-01,-1.714761257171630859e-01
-1.956011950969696045e-01,-3.393712639808654785e-01,7.097657918930053711e-01,-8.036604523658752441e-02,-3.129199147224426270e-02,-8.644794225692749023e-01,4.952145516872406006e-01,-7.501617819070816040e-02,-8.623401075601577759e-02,-7.521105557680130005e-02,8.024181127548217773e-01,-7.510075569152832031e-01,1.876833438873291016e-01,-6.393344998359680176e-01,-1.388668864965438843e-01,-6.083396449685096741e-02,1.113623261451721191e+00,-4.073228240013122559e-01,1.286881268024444580e-01,-6.320891529321670532e-02,5.151934549212455750e-02,2.150575369596481323e-01,-4.365631937980651855e-02,2.577736377716064453e-01,-4.765537679195404053e-01,1.187294840812683105e+00,2.491416782140731812e-01,-1.541618704795837402e-01,1.143088191747665405e-01,-1.066341102123260498e-01,-3.677766919136047363e-01,4.070463478565216064e-01,9.373722076416015625e-01,3.670301660895347595e-02,-1.003287509083747864e-01,-1.919453591108322144e-01
-2.034179121255874634e-01,-3.355843722820281982e-01,7.082151174545288086e-01,-7.219301164150238037e-02,-5.099565163254737854e-02,-8.618428707122802734e-01,4.994141161441802979e-01,-5.963966995477676392e-02,-1.249159574508666992e-01,-7.918770611286163330e-02,7.774062156677246094e-01,-7.340343594551086426e-01,1.875770092010498047e-01,-5.378282070159912109e-01,-1.972806751728057861e-01,-2.750599384307861328e-02,1.185424089431762695e+00,-4.603004753589630127e-01,1.238549947738647461e-01,-4.687866568565368652e-02,3.091763146221637726e-02,2.133381217718124390e-01,-2.582863718271255493e-02,2.573186755180358887e-01,-4.507196545600891113e-01,1.195393323898315430e+00,2.533141672611236572e-01,-1.524771302938461304e-01,1.330083608627319336e-01,-1.112883016467094421e-01,-3.593658804893493652e-01,4.090906977653503418e-01,9.344458580017089844e-01,3.676286712288856506e-02,-9.685166180133819580e-02,-2.133042365312576294e-01
-2.114082574844360352e-01,-3.306419253349304199e-01,7.069275379180908203e-01,-6.059489399194717407e-02,-6.562165170907974243e-02,-8.615587353706359863e-01,4.997385442256927490e-01,-5.650474131107330322e-02,-1.517530679702758789e-01,-7.558102160692214966e-02,7.506099343299865723e-01,-7.201932072639465332e-01,1.858205199241638184e-01,-4.337100684642791748e-01,-2.559516727924346924e-01,-1.227190066128969193e-02,1.199159622192382812e+00,-5.110934972763061523e-01,1.238294318318367004e-01,-2.655358426272869110e-02,1.324346475303173065e-02,2.032541185617446899e-01,-6.027829367667436600e-03,2.619054615497589111e-01,-4.164464473724365234e-01,1.204120397567749023e+00,2.494780272245407104e-01,-1.507805436849594116e-01,1.546820998191833496e-01,-1.116502434015274048e-01,-3.474436700344085693e-01,4.085422456264495850e-01,9.341425299644470215e-01,4.008933901786804199e-02,-9.750692546367645264e-02,-2.296909093856811523e-01
-2.194579839706420898e-01,-3.248777687549591064e-01,7.062200903892517090e-01,-4.848619550466537476e-02,-7.811695337295532227e-02,-8.619297742843627930e-01,4.986220300197601318e-01,-5.803151428699493408e-02,-1.725606173276901245e-01,-7.096180319786071777e-02,7.243335843086242676e-01,-7.021976709365844727e-01,1.807763576507568359e-01,-3.283486068248748779e-01,-3.045141994953155518e-01,-4.635302349925041199e-03,1.162470936775207520e+00,-5.571885108947753906e-01,1.318776607513427734e-01,-7.188829476945102215e-04,-4.546151612885296345e-04,1.888449341058731079e-01,1.306565385311841965e-02,2.733188867568969727e-01,-3.787378370761871338e-01,1.217460870742797852e+00,2.381607741117477417e-01,-1.461485475301742554e-01,1.745819896459579468e-01,-1.135115474462509155e-01,-3.362401723861694336e-01,4.080742001533508301e-01,9.390052556991577148e-01,4.631994292140007019e-02,-9.995752573013305664e-02,-2.339266389608383179e-01
-2.271074205636978149e-01,-3.188347816467285156e-01,7.047784328460693359e-01,-3.947274386882781982e-02,-8.752743899822235107e-02,-8.632939457893371582e-01,4.954840540885925293e-01,-6.355243176221847534e-02,-1.824242919683456421e-01,-6.281678378582000732e-02,7.124181389808654785e-01,-6.943922042846679688e-01,1.711021214723587036e-01,-2.302792966365814209e-01,-3.302107751369476318e-01,-7.734199520200490952e-03,1.081521034240722656e+00,-6.012438535690307617e-01,1.418253779411315918e-01,2.702039107680320740e-02,-6.759940180927515030e-03,1.735776364803314209e-01,3.296765312552452087e-02,2.914104461669921875e-01,-3.381603062152862549e-01,1.241299390792846680e+00,2.179429978132247925e-01,-1.425037831068038940e-01,1.847332268953323364e-01,-1.190309971570968628e-01,-3.240908682346343994e-01,4.127264320850372314e-01,9.557578563690185547e-01,5.768008157610893250e-02,-1.041215062141418457e-01,-2.310351878404617310e-01
-2.339340001344680786e-01,-3.130176067352294922e-01,7.040145993232727051e-01,-3.656993806362152100e-02,-8.984813094139099121e-02,-8.651934862136840820e-01,4.919656217098236084e-01,-7.214003801345825195e-02,-1.701566874980926514e-01,-5.140328407287597656e-02,7.186143398284912109e-01,-6.954984664916992188e-01,1.548409312963485718e-01,-1.482117772102355957e-01,-3.288461565971374512e-01,-1.564125716686248779e-02,9.762508273124694824e-01,-6.313287019729614258e-01,1.532247662544250488e-01,4.924174025654792786e-02,-2.775686327368021011e-03,1.649371683597564697e-01,4.942755028605461121e-02,3.106890916824340820e-01,-3.022689521312713623e-01,1.259408593177795410e+00,1.981857866048812866e-01,-1.426304578781127930e-01,1.872019767761230469e-01,-1.317366957664489746e-01,-3.121651411056518555e-01,4.181634187698364258e-01,9.839593768119812012e-01,5.970250070095062256e-02,-1.079242378473281860e-01,-2.252453714609146118e-01
-2.400434464216232300e-01,-3.074599206447601318e-01,7.035030722618103027e-01,-3.573334962129592896e-02,-8.778747916221618652e-02,-8.675191402435302734e-01,4.882899224758148193e-01,-8.783057332038879395e-02,-1.502301096916198730e-01,-4.768025875091552734e-02,7.400139570236206055e-01,-6.992040276527404785e-01,1.334356665611267090e-01,-9.139063209295272827e-02,-3.108047842979431152e-01,-2.236662060022354126e-02,8.817502856254577637e-01,-6.617911458015441895e-01,1.589875370264053345e-01,6.772805750370025635e-02,1.027984824031591415e-02,1.626982390880584717e-01,5.890787765383720398e-02,3.254178464412689209e-01,-2.778700590133666992e-01,1.272609710693359375e+00,1.883519440889358521e-01,-1.430862694978713989e-01,1.910231709480285645e-01,-1.491864025592803955e-01,-3.045850396156311035e-01,4.275960326194763184e-01,1.012541413307189941e+00,5.403390526771545410e-02,-1.066270023584365845e-01,-2.168715149164199829e-01
-2.453144937753677368e-01,-3.023097515106201172e-01,7.030737400054931641e-01,-3.298380225896835327e-02,-8.338422328233718872e-02,-8.689295053482055664e-01,4.867449700832366943e-01,-1.144202798604965210e-01,-1.315882503986358643e-01,-4.986534640192985535e-02,7.698889970779418945e-01,-7.000483870506286621e-01,1.112005189061164856e-01,-6.254343688488006592e-02,-2.774251699447631836e-01,-3.817792050540447235e-03,8.109940886497497559e-01,-7.046493887901306152e-01,1.542809903621673584e-01,7.777751237154006958e-02,2.853385545313358307e-02,1.636720746755599976e-01,6.329699605703353882e-02,3.303826749324798584e-01,-2.588966786861419678e-01,1.280735611915588379e+00,1.771309971809387207e-01,-1.437278836965560913e-01,1.912192106246948242e-01,-1.703967601060867310e-01,-3.011626005172729492e-01,4.447510838508605957e-01,1.035165548324584961e+00,4.683500900864601135e-02,-1.065824627876281738e-01,-2.066245228052139282e-01
-2.496894448995590210e-01,-2.973589599132537842e-01,7.031484842300415039e-01,-3.435400500893592834e-02,-7.750676572322845459e-02,-8.689402937889099121e-01,4.876014888286590576e-01,-1.417960971593856812e-01,-1.025175452232360840e-01,-4.164971783757209778e-02,8.119124174118041992e-01,-6.925370693206787109e-01,9.549536556005477905e-02,-4.874838143587112427e-02,-2.473786920309066772e-01,-1.250024768523871899e-03,7.704800367355346680e-01,-7.101250290870666504e-01,1.449458897113800049e-01,7.265084981918334961e-02,5.430922657251358032e-02,1.720872521400451660e-01,6.444079428911209106e-02,3.251461982727050781e-01,-2.526543736457824707e-01,1.280652761459350586e+00,1.699424684047698975e-01,-1.490829288959503174e-01,1.930516809225082397e-01,-1.942011117935180664e-01,-3.067744970321655273e-01,4.502891302108764648e-01,1.057564258575439453e+00,3.194683417677879333e-02,-1.037660837173461914e-01,-2.060447782278060913e-01
-2.536254823207855225e-01,-2.930033802986145020e-01,7.037514448165893555e-01,-3.010086715221405029e-02,-7.126341760158538818e-02,-8.681645393371582031e-01,4.902099967002868652e-01,-1.733523458242416382e-01,-7.209866493940353394e-02,-1.344877295196056366e-02,8.397172689437866211e-01,-6.782314181327819824e-01,8.426579833030700684e-02,-4.979262128472328186e-02,-2.257816642522811890e-01,-5.665164790116250515e-04,7.403062582015991211e-01,-7.126846313476562500e-01,1.375460773706436157e-01,6.534692645072937012e-02,7.640507817268371582e-02,1.765403449535369873e-01,5.964650586247444153e-02,3.080728650093078613e-01,-2.530076205730438232e-01,1.269686222076416016e+00,1.609867811203002930e-01,-1.505953222513198853e-01,1.863623708486557007e-01,-2.160502672195434570e-01,-3.154842257499694824e-01,4.575590193271636963e-01,1.075538992881774902e+00,2.584739401936531067e-02,-1.022107675671577454e-01,-2.003957778215408325e-01
-2.572647035121917725e-01,-2.887643277645111084e-01,7.049350142478942871e-01,-2.650857716798782349e-02,-6.684897094964981079e-02,-8.670948147773742676e-01,4.929250478744506836e-01,-1.995006650686264038e-01,-4.730182513594627380e-02,9.016630239784717560e-03,8.666966557502746582e-01,-6.539829969406127930e-01,7.553451508283615112e-02,-5.388915911316871643e-02,-2.101059257984161377e-01,-3.607336664572358131e-03,7.218654751777648926e-01,-7.069218158721923828e-01,1.299701184034347534e-01,5.114920437335968018e-02,9.876714646816253662e-02,1.798132359981536865e-01,5.527599900960922241e-02,2.869251370429992676e-01,-2.645299732685089111e-01,1.247947335243225098e+00,1.564504206180572510e-01,-1.591937839984893799e-01,1.824906915426254272e-01,-2.352628707885742188e-01,-3.277238011360168457e-01,4.563435316085815430e-01,1.081784844398498535e+00,2.167175337672233582e-02,-1.010275036096572876e-01,-1.994109302759170532e-01
-2.607492506504058838e-01,-2.847254872322082520e-01,7.063455581665039062e-01,-2.311432361602783203e-02,-6.255479902029037476e-02,-8.661763668060302734e-01,4.952687323093414307e-01,-2.153513282537460327e-01,-2.777555212378501892e-02,1.959231123328208923e-02,8.801530599594116211e-01,-6.359326243400573730e-01,6.841164827346801758e-02,-5.717909336090087891e-02,-1.956366598606109619e-01,-8.191222324967384338e-03,7.022841572761535645e-01,-6.984886527061462402e-01,1.268760859966278076e-01,3.427407145500183105e-02,1.193450540304183960e-01,1.829468607902526855e-01,4.926365241408348083e-02,2.620853185653686523e-01,-2.818690836429595947e-01,1.219617724418640137e+00,1.612641215324401855e-01,-1.672538518905639648e-01,1.834851801395416260e-01,-2.503235638141632080e-01,-3.420721292495727539e-01,4.524140655994415283e-01,1.082739591598510742e+00,1.552063319832086563e-02,-9.850305318832397461e-02,-2.060640007257461548e-01
-2.639829516410827637e-01,-2.808177173137664795e-01,7.082229256629943848e-01,-1.953653432428836823e-02,-5.787904188036918640e-02,-8.648664951324462891e-01,4.982713460922241211e-01,-2.247474342584609985e-01,-1.295868493616580963e-02,2.529968507587909698e-02,8.779602646827697754e-01,-6.247936487197875977e-01,6.372811645269393921e-02,-6.054725497961044312e-02,-1.810064911842346191e-01,-1.352135278284549713e-02,6.813294887542724609e-01,-6.852074861526489258e-01,1.200576797127723694e-01,1.979713700711727142e-02,1.400773674249649048e-01,1.861660182476043701e-01,4.151718318462371826e-02,2.391051352024078369e-01,-2.951529324054718018e-01,1.198534250259399414e+00,1.622050106525421143e-01,-1.760836094617843628e-01,1.804112643003463745e-01,-2.647183537483215332e-01,-3.581220507621765137e-01,4.504685699939727783e-01,1.078520655632019043e+00,6.422647740691900253e-03,-1.019844487309455872e-01,-2.058987915515899658e-01
-2.669145464897155762e-01,-2.769314348697662354e-01,7.103661298751831055e-01,-1.647005416452884674e-02,-5.623696744441986084e-02,-8.632524013519287109e-01,5.013596415519714355e-01,-2.250477671623229980e-01,-5.003846716135740280e-03,2.986459806561470032e-02,8.594666719436645508e-01,-6.181999444961547852e-01,5.842360481619834900e-02,-5.945375934243202209e-02,-1.740374118089675903e-01,-2.126382850110530853e-02,6.601758003234863281e-01,-6.729172468185424805e-01,1.157514303922653198e-01,3.851220943033695221e-03,1.569664180278778076e-01,1.894626766443252563e-01,3.279214352369308472e-02,2.200208008289337158e-01,-3.135527968406677246e-01,1.172474384307861328e+00,1.674982905387878418e-01,-1.860244721174240112e-01,1.806462854146957397e-01,-2.759443521499633789e-01,-3.727678358554840088e-01,4.486675262451171875e-01,1.074302792549133301e+00,-2.342967782169580460e-03,-1.026972606778144836e-01,-2.116530090570449829e-01
-2.694652378559112549e-01,-2.731454968452453613e-01,7.129881978034973145e-01,-1.536187157034873962e-02,-5.617148056626319885e-02,-8.607020378112792969e-01,5.057675242424011230e-01,-2.190805226564407349e-01,4.336786514613777399e-04,3.507540002465248108e-02,8.280528187751770020e-01,-6.112024784088134766e-01,5.165355652570724487e-02,-5.017935484647750854e-02,-1.705182194709777832e-01,-3.495917096734046936e-02,6.349768638610839844e-01,-6.558321714401245117e-01,1.135815605521202087e-01,-1.264228671789169312e-02,1.701841801404953003e-01,1.930315494537353516e-01,2.394520118832588196e-02,2.051339298486709595e-01,-3.298962414264678955e-01,1.151141405105590820e+00,1.705371737480163574e-01,-1.935299187898635864e-01,1.839183866977691650e-01,-2.837571501731872559e-01,-3.885133862495422363e-01,4.379917383193969727e-01,1.076090097427368164e+00,-1.129824668169021606e-02,-1.029638946056365967e-01,-2.234242707490921021e-01
-2.717012465000152588e-01,-2.695136964321136475e-01,7.155821919441223145e-01,-1.399818900972604752e-02,-5.636599659919738770e-02,-8.566160202026367188e-01,5.126752853393554688e-01,-2.082648426294326782e-01,2.659922232851386070e-03,3.539762273430824280e-02,7.833130359649658203e-01,-6.062932610511779785e-01,4.571162164211273193e-02,-3.803070262074470520e-02,-1.691879034042358398e-01,-5.237531661987304688e-02,6.065619587898254395e-01,-6.396524906158447266e-01,1.112581565976142883e-01,-2.593070082366466522e-02,1.779739260673522949e-01,1.945787519216537476e-01,1.361608970910310745e-02,1.972449272871017456e-01,-3.451139330863952637e-01,1.127942442893981934e+00,1.751808375120162964e-01,-2.008298337459564209e-01,1.843119114637374878e-01,-2.879585623741149902e-01,-4.008305668830871582e-01,4.345416128635406494e-01,1.082833766937255859e+00,-2.327230200171470642e-02,-1.005778983235359192e-01,-2.340719252824783325e-01
-2.734866738319396973e-01,-2.660701572895050049e-01,7.178315520286560059e-01,-1.258883811533451080e-02,-5.709954723715782166e-02,-8.518704771995544434e-01,5.204784870147705078e-01,-1.986340582370758057e-01,5.598389543592929840e-03,3.454089909791946411e-02,7.418521046638488770e-01,-5.988556742668151855e-01,3.777835145592689514e-02,-2.595902420580387115e-02,-1.705693453550338745e-01,-7.212733477354049683e-02,5.807598829269409180e-01,-6.262816190719604492e-01,1.106842756271362305e-01,-3.666039183735847473e-02,1.795708239078521729e-01,1.953484266996383667e-01,1.829123240895569324e-03,1.946904808282852173e-01,-3.587780892848968506e-01,1.107118129730224609e+00,1.819441169500350952e-01,-2.070946097373962402e-01,1.900993287563323975e-01,-2.869231700897216797e-01,-4.105706512928009033e-01,4.286431968212127686e-01,1.095759510993957520e+00,-3.404650092124938965e-02,-9.564819931983947754e-02,-2.427403181791305542e-01
-2.738864719867706299e-01,-2.616145312786102295e-01,7.171629667282104492e-01,-1.729837246239185333e-02,-6.012359261512756348e-02,-8.458583354949951172e-01,5.297259688377380371e-01,-2.013259232044219971e-01,1.622157916426658630e-02,3.212355822324752808e-02,7.478570342063903809e-01,-6.080282926559448242e-01,2.784305438399314880e-02,-2.635045535862445831e-02,-1.739802509546279907e-01,-9.112713485956192017e-02,6.069727540016174316e-01,-6.336540579795837402e-01,1.102721467614173889e-01,-4.696729406714439392e-02,1.786544770002365112e-01,2.036966681480407715e-01,-4.065204877406358719e-03,1.932532638311386108e-01,-3.709712326526641846e-01,1.095378756523132324e+00,1.858189404010772705e-01,-2.112676799297332764e-01,1.957985162734985352e-01,-2.723530530929565430e-01,-4.165681898593902588e-01,4.253541231155395508e-01,1.112396717071533203e+00,-4.355330392718315125e-02,-9.000439941883087158e-02,-2.470533549785614014e-01
-2.754949331283569336e-01,-2.599759995937347412e-01,7.202711105346679688e-01,-1.152251008898019791e-02,-5.631332099437713623e-02,-8.397572040557861328e-01,5.399110317230224609e-01,-2.030010968446731567e-01,2.688300237059593201e-02,2.186740562319755554e-02,7.090929150581359863e-01,-5.942414999008178711e-01,1.671410724520683289e-02,-9.752674028277397156e-03,-1.711369305849075317e-01,-1.165344044566154480e-01,5.523573160171508789e-01,-6.092389225959777832e-01,1.076284125447273254e-01,-4.416729137301445007e-02,1.729857623577117920e-01,1.946851462125778198e-01,-2.562574855983257294e-02,2.018177509307861328e-01,-3.790726363658905029e-01,1.083192825317382812e+00,1.803729683160781860e-01,-2.106139063835144043e-01,1.966776996850967407e-01,-2.693731188774108887e-01,-4.216285049915313721e-01,4.116789698600769043e-01,1.142223119735717773e+00,-5.536744743585586548e-02,-8.487483114004135132e-02,-2.438765019178390503e-01
-2.748075127601623535e-01,-2.565545439720153809e-01,7.188126444816589355e-01,-1.877518557012081146e-02,-5.920776724815368652e-02,-8.346685767173767090e-01,5.472388267517089844e-01,-2.090927660465240479e-01,4.549754783511161804e-02,1.011954434216022491e-02,7.363494634628295898e-01,-6.050937175750732422e-01,5.323078017681837082e-03,-7.825520820915699005e-03,-1.733987182378768921e-01,-1.316182464361190796e-01,5.824458599090576172e-01,-6.188553571701049805e-01,1.105100065469741821e-01,-4.611369594931602478e-02,1.658493578433990479e-01,2.038820087909698486e-01,-3.056825138628482819e-02,2.042894512414932251e-01,-3.859536051750183105e-01,1.074312329292297363e+00,1.804817765951156616e-01,-2.135611027479171753e-01,2.001356333494186401e-01,-2.480761557817459106e-01,-4.227875769138336182e-01,4.074372947216033936e-01,1.166624903678894043e+00,-6.323129683732986450e-02,-7.678272575139999390e-02,-2.424794882535934448e-01
-2.745781242847442627e-01,-2.547039687633514404e-01,7.180153131484985352e-01,-2.149794436991214752e-02,-6.021481752395629883e-02,-8.290658593177795410e-01,5.554833412170410156e-01,-2.177301496267318726e-01,6.523222476243972778e-02,-9.294428862631320953e-03,7.569820880889892578e-01,-6.133217811584472656e-01,-3.609780455008149147e-03,-6.034708116203546524e-03,-1.759399920701980591e-01,-1.459870785474777222e-01,5.984513163566589355e-01,-6.258510351181030273e-01,1.089032590389251709e-01,-4.141515493392944336e-02,1.563968956470489502e-01,2.060529142618179321e-01,-4.048570990562438965e-02,2.108525335788726807e-01,-3.918063938617706299e-01,1.066642999649047852e+00,1.798034906387329102e-01,-2.127760797739028931e-01,1.982990205287933350e-01,-2.291894108057022095e-01,-4.205551743507385254e-01,4.073963761329650879e-01,1.192371249198913574e+00,-6.982274353504180908e-02,-7.209764420986175537e-02,-2.290453612804412842e-01
-2.740208208560943604e-01,-2.537994086742401123e-01,7.170455455780029297e-01,-2.330238930881023407e-02,-5.926451086997985840e-02,-8.240218162536621094e-01,5.629678368568420410e-01,-2.265367954969406128e-01,9.003294259309768677e-02,-2.615079842507839203e-02,7.786378860473632812e-01,-6.136263608932495117e-01,-1.104732416570186615e-02,-3.447721246629953384e-03,-1.752620637416839600e-01,-1.578887403011322021e-01,6.051201224327087402e-01,-6.315231323242187500e-01,1.106739640235900879e-01,-3.566223755478858948e-02,1.450487226247787476e-01,2.063359618186950684e-01,-4.981296136975288391e-02,2.189222127199172974e-01,-3.980000615119934082e-01,1.058451890945434570e+00,1.806718707084655762e-01,-2.106375843286514282e-01,1.936859041452407837e-01,-2.118023037910461426e-01,-4.161419272422790527e-01,4.064854085445404053e-01,1.212727904319763184e+00,-7.602388411760330200e-02,-6.865187734365463257e-02,-2.177510708570480347e-01
-2.745040059089660645e-01,-2.549021542072296143e-01,7.197242379188537598e-01,-2.087862975895404816e-02,-5.328956246376037598e-02,-8.200287818908691406e-01,5.694533586502075195e-01,-2.320785224437713623e-01,1.229030862450599670e-01,-4.335381835699081421e-02,7.549503445625305176e-01,-6.071808338165283203e-01,-2.015052922070026398e-02,1.699454151093959808e-02,-1.626459211111068726e-01,-1.738885194063186646e-01,5.504204034805297852e-01,-6.045076847076416016e-01,1.030885726213455200e-01,-2.469976991415023804e-02,1.344185322523117065e-01,1.932570934295654297e-01,-6.698081642389297485e-02,2.364730089902877808e-01,-4.040082991123199463e-01,1.056088209152221680e+00,1.768280267715454102e-01,-2.063854634761810303e-01,1.792269498109817505e-01,-2.008272409439086914e-01,-4.042524099349975586e-01,3.972933888435363770e-01,1.223320126533508301e+00,-8.572334051132202148e-02,-6.833975762128829956e-02,-1.951686441898345947e-01
-2.722723484039306641e-01,-2.546073198318481445e-01,7.174666523933410645e-01,-2.839615195989608765e-02,-5.433632433414459229e-02,-8.161060214042663574e-01,5.746409296989440918e-01,-2.348845303058624268e-01,1.500231921672821045e-01,-6.066546961665153503e-02,7.872941493988037109e-01,-6.107819080352783203e-01,-2.562927454710006714e-02,2.153704687952995300e-02,-1.625337898731231689e-01,-1.791920810937881470e-01,5.756639242172241211e-01,-6.172614693641662598e-01,1.083335503935813904e-01,-2.161942049860954285e-02,1.287706494331359863e-01,2.020131498575210571e-01,-6.466731429100036621e-02,2.361079156398773193e-01,-4.074601829051971436e-01,1.052665114402770996e+00,1.822739392518997192e-01,-2.048514038324356079e-01,1.740971058607101440e-01,-1.777851283550262451e-01,-3.977188169956207275e-01,4.011019766330718994e-01,1.222156167030334473e+00,-8.908924460411071777e-02,-6.815578788518905640e-02,-1.819191128015518188e-01
-2.721874713897705078e-01,-2.570676207542419434e-01,7.194557785987854004e-01,-2.860791236162185669e-02,-5.112878978252410889e-02,-8.134011030197143555e-01,5.787452459335327148e-01,-2.248305678367614746e-01,1.764127463102340698e-01,-7.168178260326385498e-02,7.490700483322143555e-01,-6.030554175376892090e-01,-3.178067505359649658e-02,4.475740343332290649e-02,-1.531269401311874390e-01,-1.893683522939682007e-01,5.335863828659057617e-01,-5.993772745132446289e-01,1.027292236685752869e-01,-1.414176169782876968e-02,1.184088215231895447e-01,1.972606778144836426e-01,-7.413177937269210815e-02,2.497892081737518311e-01,-4.108304083347320557e-01,1.048908948898315430e+00,1.814950108528137207e-01,-2.004513889551162720e-01,1.605445295572280884e-01,-1.615057587623596191e-01,-3.902853429317474365e-01,3.949291706085205078e-01,1.203036189079284668e+00,-9.091824293136596680e-02,-6.790583580732345581e-02,-1.522148251533508301e-01
-2.692876756191253662e-01,-2.577821314334869385e-01,7.172172069549560547e-01,-3.660615533590316772e-02,-5.148791149258613586e-02,-8.112199902534484863e-01,5.813184380531311035e-01,-2.240754514932632446e-01,1.980071365833282471e-01,-8.570276200771331787e-02,7.671607136726379395e-01,-6.038649678230285645e-01,-3.862759098410606384e-02,4.871056601405143738e-02,-1.520692557096481323e-01,-1.912071555852890015e-01,5.587702989578247070e-01,-6.112334132194519043e-01,1.071131601929664612e-01,-1.199363917112350464e-02,1.165813356637954712e-01,2.058017253875732422e-01,-6.804365664720535278e-02,2.486339062452316284e-01,-4.151510298252105713e-01,1.046937942504882812e+00,1.884461343288421631e-01,-1.989557147026062012e-01,1.563826799392700195e-01,-1.428766101598739624e-01,-3.767746388912200928e-01,4.004101455211639404e-01,1.185545682907104492e+00,-9.011385589838027954e-02,-7.281488180160522461e-02,-1.372077167034149170e-01
-2.688984870910644531e-01,-2.613231837749481201e-01,7.189179658889770508e-01,-3.567067161202430725e-02,-4.643078520894050598e-02,-8.093455433845520020e-01,5.844070911407470703e-01,-2.030676454305648804e-01,2.126020789146423340e-01,-8.928839117288589478e-02,7.134920954704284668e-01,-5.800344944000244141e-01,-4.392041638493537903e-02,7.446510344743728638e-02,-1.387543827295303345e-01,-1.959015130996704102e-01,5.020971894264221191e-01,-5.942410230636596680e-01,1.096671745181083679e-01,-2.927353372797369957e-03,1.072353348135948181e-01,1.977759152650833130e-01,-7.016286998987197876e-02,2.630958557128906250e-01,-4.141508638858795166e-01,1.041345834732055664e+00,1.852412670850753784e-01,-1.933965384960174561e-01,1.399468034505844116e-01,-1.295843422412872314e-01,-3.706680834293365479e-01,4.027971327304840088e-01,1.145701169967651367e+00,-8.509001135826110840e-02,-7.141377031803131104e-02,-1.106488928198814392e-01
-2.657176256179809570e-01,-2.622025310993194580e-01,7.170454263687133789e-01,-4.466379433870315552e-02,-4.821181669831275940e-02,-8.075513243675231934e-01,5.861242413520812988e-01,-2.034786939620971680e-01,2.227068096399307251e-01,-1.015395820140838623e-01,7.286956906318664551e-01,-5.883432030677795410e-01,-4.808870702981948853e-02,8.179068565368652344e-02,-1.389944404363632202e-01,-1.958227604627609253e-01,5.267646312713623047e-01,-6.024021506309509277e-01,1.106957793235778809e-01,2.111436566337943077e-03,1.098356693983078003e-01,2.044256031513214111e-01,-6.213487312197685242e-02,2.618019878864288330e-01,-4.176647067070007324e-01,1.047034025192260742e+00,1.872367113828659058e-01,-1.926056593656539917e-01,1.404148340225219727e-01,-1.174269616603851318e-01,-3.611666560173034668e-01,4.097289144992828369e-01,1.120934605598449707e+00,-8.358687162399291992e-02,-7.821449637413024902e-02,-1.000849977135658264e-01
-2.653079032897949219e-01,-2.657396793365478516e-01,7.188240885734558105e-01,-4.103241115808486938e-02,-4.550552740693092346e-02,-8.067800998687744141e-01,5.876661539077758789e-01,-1.784704774618148804e-01,2.212544679641723633e-01,-9.763725101947784424e-02,6.680552959442138672e-01,-5.661450624465942383e-01,-4.762120917439460754e-02,1.006277129054069519e-01,-1.337707936763763428e-01,-1.947071254253387451e-01,4.786278903484344482e-01,-5.898684859275817871e-01,1.089559867978096008e-01,8.647365495562553406e-03,9.941721707582473755e-02,1.981361508369445801e-01,-6.461248546838760376e-02,2.712840735912322998e-01,-4.132605195045471191e-01,1.054117918014526367e+00,1.777371615171432495e-01,-1.891645044088363647e-01,1.344867795705795288e-01,-1.147065982222557068e-01,-3.622077405452728271e-01,4.065291583538055420e-01,1.083349108695983887e+00,-7.280673831701278687e-02,-7.584778964519500732e-02,-8.838973939418792725e-02
-2.623077929019927979e-01,-2.659827768802642822e-01,7.166137099266052246e-01,-5.048245191574096680e-02,-4.816166684031486511e-02,-8.061832785606384277e-01,5.875377058982849121e-01,-1.794594824314117432e-01,2.187723517417907715e-01,-1.077083200216293335e-01,6.939092874526977539e-01,-5.787374377250671387e-01,-4.610355570912361145e-02,1.063087433576583862e-01,-1.343857795000076294e-01,-1.915158182382583618e-01,5.064273476600646973e-01,-6.003521680831909180e-01,1.117816045880317688e-01,1.536802854388952255e-02,1.038590520620346069e-01,2.061878740787506104e-01,-5.346519872546195984e-02,2.684642374515533447e-01,-4.108769297599792480e-01,1.067489147186279297e+00,1.742467135190963745e-01,-1.847623735666275024e-01,1.362471729516983032e-01,-1.088126003742218018e-01,-3.578870296478271484e-01,4.102461338043212891e-01,1.067198753356933594e+00,-6.759728491306304932e-02,-7.869259268045425415e-02,-8.825783431529998779e-02
